flight_date,scheduled_flights,arr_delay_rate,cancellation_rate,avg_arr_delay_min,weather_delay_min,nas_delay_min,carrier_delay_min,late_aircraft_delay_min,arr_delay_rate_trend,arr_delay_rate_resid,arr_delay_rate_z,cancellation_rate_trend,cancellation_rate_resid,cancellation_rate_z,is_anomaly,anomaly_driver
2025-08-01,21454,0.36941,0.04055,23.289,34706.0,89307.0,192378.0,247583.0,-1.0515224438855286,0.10042464291606557,0.6525150725698708,-3.7686381886051366,0.6569332200443867,1.0561223846792387,0,
2025-08-02,19026,0.29033,0.01782,15.583,9507.0,73895.0,141968.0,166739.0,-1.0770276416529978,0.1106629289765666,0.7171517964108919,-3.9899237834626016,0.3004394591943069,0.48566803389974306,0,
2025-08-03,21227,0.28647,0.01272,14.33,20688.0,64070.0,135966.0,193781.0,-1.0995793752292478,-0.08335516852310221,-0.5077303873979739,-4.198978080822152,-0.22927157599537384,-0.36196521488224975,0,
2025-08-04,21364,0.24675,0.00707,10.759,28826.0,50041.0,114400.0,173813.0,-1.1194800941200787,0.06266314737043754,0.41411781105720935,-4.397201622854685,0.10503595362619578,0.17298716216978424,0,
2025-08-05,18973,0.14317,0.00295,0.031,8898.0,21931.0,69272.0,73784.0,-1.137156409922195,-0.1709575453168699,-1.0607849321895002,-4.5863980740496295,-1.016966973036122,-1.622419998885734,0,
2025-08-06,18645,0.18568,0.01051,6.742,8176.0,42250.0,131211.0,90611.0,-1.153490058872956,-0.2082997870486447,-1.2965353451158663,-4.769380308437868,-0.9927165732435617,-1.5836149829527177,0,
2025-08-07,21031,0.22717,0.00927,8.572,16934.0,36693.0,117575.0,146499.0,-1.169630510670885,-0.03935986328881591,-0.22997760945001877,-4.948239168901435,0.3969819713798133,0.6401534756086796,0,
2025-08-08,20723,0.18391,0.00328,5.273,11060.0,39758.0,99959.0,114339.0,-1.1822536664913466,-0.6425461326113502,-4.038035333614486,-5.099615338280697,-0.3457619959118503,-0.5483709087912391,0,
2025-08-09,17860,0.23852,0.00342,9.595,13930.0,65267.0,101371.0,116002.0,-1.168877103277411,-0.03714050039690808,-0.21596624607341902,-5.094438338992016,-0.5426321272994192,-0.8633986465019102,0,
2025-08-10,20939,0.31187,0.00745,16.337,19029.0,96338.0,136372.0,198217.0,-1.1543794761985828,0.13174277257770184,0.8502338397731197,-5.055921848579988,-0.0030688297564216427,0.0,0,
2025-08-11,20587,0.201,0.00253,7.084,13624.0,36857.0,115136.0,130031.0,-1.1416390468395161,-0.21029216540651285,-1.3091137013898897,-4.993855142965138,-0.5318230536831994,-0.8461021780936971,0,
2025-08-12,18297,0.20421,0.01082,9.159,33054.0,74537.0,90553.0,110361.0,-1.1358862444257445,0.18628953508140622,1.1946004655480944,-4.913781081497909,0.5902508420153056,0.9494185462269035,0,
2025-08-13,18364,0.24275,0.03752,13.571,29781.0,116143.0,100624.0,112061.0,-1.1339348041858759,0.1519452779508912,0.9777770391901986,-4.805239492053642,0.9678797771518077,1.5536929899511474,0,
2025-08-14,20817,0.26559,0.00677,14.572,20564.0,97534.0,127800.0,178598.0,-1.1288774904556225,0.06002491977955415,0.3974620556686608,-4.681969926384553,-0.3656004110009956,-0.5801159530051595,0,
2025-08-15,20470,0.24788,0.00254,11.812,22844.0,63480.0,134147.0,157841.0,-1.1216890299584417,-0.2528944776556017,-1.5780721848275505,-4.597816042203611,-0.9597399897077734,-1.5308464982898264,0,
2025-08-16,17552,0.22098,0.01715,9.687,37439.0,63197.0,101532.0,100260.0,-1.122840389695491,-0.16899133501350883,-1.0483717810389352,-4.603943954720189,0.2801452640611757,0.45319365936466854,0,
2025-08-17,20699,0.28,0.02097,16.992,52191.0,92970.0,141822.0,174883.0,-1.137334800612117,-0.0035763594928202025,-0.0040678781475206585,-4.707920130319857,0.6166089778577515,0.9915963202050672,0,
2025-08-18,20396,0.27373,0.03368,16.085,54178.0,96312.0,133728.0,151613.0,-1.1640243485019943,0.18963661413125887,1.2157313680195578,-4.8872064908970305,1.80666986504702,2.8959084999492726,0,
2025-08-19,17886,0.19902,0.00827,5.48,22893.0,36936.0,87786.0,94125.0,-1.193709797566254,0.13964189657297843,0.9001028796936247,-5.092762017696932,0.5245212348053112,0.844239313023613,0,
2025-08-20,18016,0.23213,0.0101,13.032,45545.0,74966.0,87867.0,157233.0,-1.225823117702394,0.2303906902365086,1.4730214991064077,-5.277896647698873,0.7296537212533059,1.1724883098684291,0,
2025-08-21,20618,0.23491,0.00141,8.306,11352.0,73409.0,96670.0,129319.0,-1.2693087649622208,-0.03260005927268361,-0.18730136629484503,-5.464361384010642,-1.3225497823103955,-2.1114076396743178,0,
2025-08-22,20367,0.23617,0.00133,8.616,20205.0,67117.0,91282.0,142603.0,-1.328068516379531,-0.014700848991264115,-0.07429941410326331,-5.6818170360934905,-0.423871578299881,-0.6733603363889916,0,
2025-08-23,16892,0.19699,0.00148,5.467,10703.0,53053.0,74162.0,94382.0,-1.3934592620855852,-0.039409774632172434,-0.23029271157726997,-5.860411883930157,-1.2983767993204403,-2.0727265045962264,0,
2025-08-24,20592,0.21026,0.00194,5.817,5812.0,45726.0,95891.0,117662.0,-1.4524232929234375,-0.021521436599311716,-0.11735939846487316,-5.92707118821249,-0.6310308387227312,-1.0048525373483652,0,
2025-08-25,19953,0.17796,0.00246,3.357,9985.0,43434.0,80976.0,95474.0,-1.4979935270114728,-0.06423721545939709,-0.3870342234812728,-5.88842203453667,-0.056795891336922644,-0.08597299419802125,0,
2025-08-26,17280,0.11303,0.00255,-2.399,11293.0,27346.0,58755.0,46870.0,-1.5327826582274346,-0.2372823421253274,-1.4795090770108943,-5.7636137935852325,0.1633743722694776,0.26633915984093315,0,
2025-08-27,17749,0.12888,0.00051,-2.168,5066.0,37404.0,53084.0,41601.0,-1.55762019455583,-0.07628404576088821,-0.46308871529325674,-5.59461877884514,-1.2692719637594276,-2.0261535153946464,0,
2025-08-28,20215,0.20171,0.01628,7.568,34485.0,70333.0,81738.0,110705.0,-1.5744918652645972,0.030314307365757243,0.20989192543494647,-5.448674509131465,0.9882554622080848,1.5862977630690538,0,
2025-08-29,20329,0.22717,0.00762,7.488,8530.0,53771.0,101849.0,113960.0,-1.586724805723499,0.14049387645650468,0.905481630406798,-5.344803563868323,0.6554383920583557,1.0537303901426025,0,
2025-08-30,16343,0.18837,0.02331,9.18,50774.0,52769.0,76132.0,110226.0,-1.5959777477235233,0.05207866689961005,0.3472954799413628,-5.283659339979861,0.3948882578464943,0.6368031561205638,0,
2025-08-31,17714,0.16368,0.00841,2.414,13980.0,30519.0,82353.0,85695.0,-1.6036693647746778,-0.14073054517563155,-0.8699547239762991,-5.2651338149209845,0.35134532765140847,0.5671266099834198,0,
2025-09-01,20157,0.17831,0.00466,3.808,10819.0,36020.0,81515.0,122031.0,-1.610729653211146,0.09283088599185474,0.6045738872654591,-5.291304674345751,-0.03658990169472176,-0.053639764366135566,0,
2025-09-02,17469,0.13825,0.00155,-0.856,7442.0,25728.0,59775.0,54376.0,-1.6176968989036555,0.08757739828172317,0.5714073755744042,-5.3600384960853,-0.2445707136189652,-0.3864465959862019,0,
2025-09-03,17098,0.09496,0.00047,-5.203,4763.0,17006.0,46335.0,27791.0,-1.6264097231873713,-0.29726682002969906,-1.8582052875036648,-5.457826473746215,-1.104462188482036,-1.7624281331220608,0,
2025-09-04,19130,0.18834,0.01035,6.192,28406.0,94979.0,70172.0,86929.0,-1.6373505629943614,-0.04313453168085202,-0.2538079846715848,-5.570551702100879,0.5620442634350029,0.9042829302953131,0,
2025-09-05,19427,0.19378,0.00417,3.928,13590.0,55544.0,77352.0,87075.0,-1.6497814785344571,0.002854185876755233,0.03652967721909144,-5.697671780721027,-0.0829358866089418,-0.1278017038975151,0,
2025-09-06,15908,0.18367,0.01748,8.036,34261.0,79494.0,69463.0,80392.0,-1.662924487083297,0.08565617248003288,0.5592782222330859,-5.847385498291887,0.23142840688262378,0.37523789635905624,0,
2025-09-07,19930,0.19644,0.00346,5.269,8530.0,48223.0,91029.0,109018.0,-1.6745102961460636,0.1728087184344269,1.109492878437015,-6.0184560432050525,0.45905183842835307,0.7394764641112327,0,
2025-09-08,19687,0.14286,0.00264,0.645,17914.0,31570.0,70484.0,70707.0,-1.6798193237008843,-0.061699166526107296,-0.37101091967567257,-6.199540227630243,0.5590756325721697,0.8995325851910305,0,
2025-09-09,17116,0.12004,0.00041,-4.562,4962.0,31310.0,42969.0,35054.0,-1.685516838162376,-0.038470567931151445,-0.22436327731407463,-6.396092805637225,-0.13187976578968907,-0.2061207430753841,0,
2025-09-10,17393,0.11336,0.00057,-4.01,5512.0,24915.0,45955.0,37037.0,-1.6977836649118112,-0.09669638738592723,-0.5919566606475456,-6.598615506082434,-0.13215254853746128,-0.2065572446986192,0,
2025-09-11,20347,0.19188,0.00054,3.919,15610.0,54241.0,81412.0,91038.0,-1.708898154786348,0.0035432482787618458,0.04087989130029015,-6.769082313694297,-1.0477350488916235,-1.6716544727094305,0,
2025-09-12,20020,0.17218,0.00115,1.562,8997.0,42940.0,72250.0,74060.0,-1.7082407957824532,-0.04192775610453725,-0.2461893247510268,-6.87606182717485,-0.6940815997842078,-1.1057451332852786,0,
2025-09-13,16194,0.16882,0.00939,3.598,31382.0,46374.0,52333.0,89756.0,-1.6930071613140136,0.12372730491821371,0.7996302947557797,-6.8944072562698935,0.7171108323191255,1.1524174240644665,0,
2025-09-14,20333,0.15177,0.0003,0.176,4171.0,31019.0,68349.0,68637.0,-1.6693664129702763,-0.15655462443398038,-0.9698558827265233,-6.810834341384864,-0.942585707720407,-1.5033965514215926,0,
2025-09-15,20105,0.13321,0.00035,-1.224,1977.0,30196.0,64315.0,62689.0,-1.6448630455079722,-0.1912810937295666,-1.189092304972246,-6.649032146032446,-0.8762177260332829,-1.397195803852842,0,
2025-09-16,17418,0.13596,0.00029,-1.992,3987.0,37981.0,53966.0,43910.0,-1.6183757309114328,0.03826001352196684,0.2600550495658703,-6.437779369666003,-0.3271320470409682,-0.5185596286082359,0,
2025-09-17,17723,0.17347,0.00621,2.731,7508.0,58999.0,59834.0,69520.0,-1.5871405974601476,0.16432763928985672,1.0559498178796116,-6.2042703787239315,1.2443948354318808,1.9961669835373894,0,
2025-09-18,20372,0.22611,0.00236,8.097,9145.0,73460.0,90168.0,134543.0,-1.5498373082470271,0.037436593752132374,0.2548566056121151,-5.974717064920867,-0.22272154351146423,-0.3514839808789298,0,
2025-09-19,20030,0.19436,0.02736,7.297,4920.0,89989.0,84761.0,115998.0,-1.508628841912352,-0.07795838050135995,-0.47365918691299613,-5.743247585231993,1.184042475622956,1.899592316562252,0,
2025-09-20,16218,0.14789,0.01011,0.468,3456.0,40732.0,66493.0,48788.0,-1.4718735734257873,-0.11942268628673847,-0.7354331661192386,-5.511619174403238,-0.20832186813424602,-0.32844190168753273,0,
2025-09-21,20327,0.22178,0.00364,7.879,30686.0,53329.0,98783.0,112123.0,-1.4532891097172438,0.10050787760973634,0.6530405528970465,-5.333576001848695,0.31684604776281233,0.5119215363678802,0,
2025-09-22,20106,0.21178,0.00358,6.373,16470.0,59471.0,88567.0,109625.0,-1.4581849353505028,0.11297682069256454,0.7317599426339195,-5.25342923800905,0.11530069896180972,0.18941260709869848,0,
2025-09-23,17381,0.15591,0.00138,-0.524,7025.0,39060.0,58277.0,39088.0,-1.4821192474484177,0.08917283645570562,0.5814797544909276,-5.281472527209113,-0.17808109892583612,-0.28005121365776164,0,
2025-09-24,17693,0.20207,0.00876,6.178,9307.0,50636.0,93633.0,104311.0,-1.5208477788422419,0.23010489112096533,1.471217181626293,-5.396272895326884,0.556801021267205,0.8958927966231879,0,
2025-09-25,20379,0.23847,0.00923,10.757,8077.0,102115.0,99662.0,131651.0,-1.5769873469057931,0.17406160306047203,1.1174026357049591,-5.575162583293125,0.7846659348739253,1.2605177792511788,0,
2025-09-26,20077,0.19711,0.01818,9.88,36262.0,59810.0,112525.0,138210.0,-1.6510843710162033,0.060703867430686564,0.4017484129328968,-5.781884814716295,0.919376345778339,1.4760787467488214,0,
2025-09-27,16326,0.10808,0.00429,-4.826,3250.0,10110.0,52796.0,37045.0,-1.7356160312030593,-0.10649480945495937,-0.6538164189714698,-6.007053747366438,-0.13547279899634823,-0.21187024461040785,0,
2025-09-28,20386,0.14638,0.00069,-0.467,2996.0,33043.0,70589.0,61678.0,-1.81581450258656,-0.06512592545399332,-0.39264486008158095,-6.2634754571250415,-0.5814924092934666,-0.9255821104794045,0,
2025-09-29,20175,0.14103,0.00084,-1.041,3570.0,38379.0,66697.0,58696.0,-1.880514860728901,-0.08275408419471941,-0.5039355997246021,-6.551012933149223,-0.29197664922855004,-0.46230464791051856,0,
2025-09-30,17514,0.07369,0.00051,-7.25,842.0,9882.0,44830.0,26000.0,-1.9228428358580245,-0.32621668173619667,-2.0409726184124732,-6.802670889209111,-0.1603508602737227,-0.2516796321878959,0,
2025-10-01,17920,0.10245,0.00061,-4.792,4463.0,27551.0,52022.0,30995.0,-1.9368160555725804,-0.09253563264984455,-0.565688830929059,-6.943257178594298,-0.3617492590392182,-0.5739534148814339,0,
2025-10-02,20814,0.1211,0.00106,-1.942,2009.0,18711.0,74073.0,61547.0,-1.9223078390868433,-0.21759103086712384,-1.3551931670682682,-6.983700911256547,0.18385192665650862,0.2991069422715439,0,
2025-10-03,20460,0.15296,0.00059,-0.459,3135.0,33972.0,66615.0,63939.0,-1.8817222007397694,-0.06431328290848937,-0.3875144552965605,-6.975429578242853,-0.8867840283924613,-1.4141037944389097,0,
2025-10-04,16689,0.10768,0.00018,-4.418,3421.0,22240.0,50398.0,35003.0,-1.8163489255415772,-0.0288808646528127,-0.16382121013051895,-6.95311177970127,-2.3028992112607822,-3.680143641379906,0,
2025-10-05,20687,0.16246,0.00087,1.404,2616.0,25659.0,85334.0,73823.0,-1.7301784926423025,-0.08493499449090924,-0.5177042027606812,-6.924090732460151,-0.08078641198878511,-0.12436215660772637,0,
2025-10-06,20925,0.2114,0.00139,6.101,7243.0,76617.0,93237.0,110402.0,-1.6370838300530843,0.0793061571797169,0.5191890722594138,-6.87770834692149,0.41212044745138954,0.6643777692361736,0,
2025-10-07,18494,0.14249,0.00146,-0.633,4098.0,38760.0,61722.0,51354.0,-1.5485981537267568,0.03209013929080995,0.22110317281067013,-6.79814306919034,0.47887288796270777,0.7711937203036731,0,
2025-10-08,18767,0.15337,0.00064,0.319,2090.0,42452.0,58070.0,54698.0,-1.465675853334505,0.02433928622753201,0.1721702023874047,-6.68896454617108,-0.2264275029932108,-0.3574141848329449,0,
2025-10-09,21068,0.23585,0.00071,6.92,4394.0,62954.0,91421.0,119550.0,-1.3899956162748848,0.1783610751816953,1.1445462211175432,-6.558866999416766,-0.4118266271949116,-0.6540862409704027,0,
2025-10-10,21040,0.26596,0.00138,11.42,8433.0,77752.0,121375.0,154002.0,-1.3295662423297816,0.09083770221275489,0.5919904461765143,-6.446514153961494,-0.1778529663447168,-0.27968616035880983,0,
2025-10-11,17302,0.17483,0.00243,2.792,5986.0,38367.0,78087.0,65123.0,-1.2903611137499893,-0.09192170463464455,-0.5618129580200336,-6.38825747314785,-0.39609923154654236,-0.6289195697426958,0,
2025-10-12,20963,0.27713,0.00448,11.846,10778.0,89608.0,118580.0,155686.0,-1.2701010796075765,0.05268065367044317,0.3510959649475791,-6.368985831125019,0.7079572793160578,1.1377700873951253,0,
2025-10-13,21028,0.29066,0.01355,15.991,8860.0,134372.0,106452.0,209583.0,-1.2605043391482684,0.09880321477019804,0.642278612807643,-6.334561864922552,2.205481375072197,3.5340788861358554,1,cancellations
2025-10-14,18524,0.21989,0.00335,7.724,3736.0,80415.0,82508.0,111695.0,-1.2562771672926007,0.27407582551291176,1.7488161006766956,-6.276259452230784,0.8037141849316454,1.2909984168204065,0,
2025-10-15,18781,0.15317,0.00117,-0.646,2617.0,29355.0,63388.0,56072.0,-1.2592264054070306,-0.10287938980048672,-0.6309914187326982,-6.2199763041249945,0.10372786476078932,0.17089398392537974,0,
2025-10-16,21063,0.1815,0.00071,2.751,3705.0,35904.0,84138.0,84194.0,-1.2716378470504917,-0.2385594135970699,-1.4875715315620253,-6.198045509400388,-0.8312184445488828,-1.3251888328373733,0,
2025-10-17,21032,0.13862,0.0009,-0.55,1884.0,21972.0,74373.0,67200.0,-1.2902453153763693,-0.7363310524196975,-4.630121736190327,-6.215648881659568,-1.15946385887906,-1.8504407314444113,0,
2025-10-18,17272,0.24135,0.01673,11.496,40597.0,78562.0,83617.0,121630.0,-1.3134649898739217,0.2820687461841216,1.7992773012189762,-6.229873007327246,1.3928605090259039,2.2337388536345375,0,
2025-10-19,20961,0.27246,0.00315,11.192,8105.0,70663.0,120819.0,143739.0,-1.3332189607334175,0.028397956551479586,0.1977935490433301,-6.170984384940882,0.05752620608439951,0.09696299241986626,0,
2025-10-20,21010,0.2434,0.00133,8.736,4632.0,53304.0,116481.0,128277.0,-1.3406032323781074,-0.018917691575676354,-0.10092133968719963,-6.0622169579740826,-0.21743779006904784,-0.34302902185668727,0,
2025-10-21,18502,0.13571,0.00081,-1.294,4433.0,25661.0,60512.0,50863.0,-1.3346100072291711,-0.24384846506794622,-1.5209625656944754,-5.9384988764533535,-0.7809296855962469,-1.2447177433253838,0,
2025-10-22,18736,0.15724,0.00128,0.433,2189.0,31443.0,60647.0,64694.0,-1.3223557582546839,0.022366967403989246,0.15971848670272476,-5.826465832163989,-0.17634424878820898,-0.277271940002877,0,
2025-10-23,21013,0.20634,0.00885,6.093,3248.0,50135.0,110894.0,95377.0,-1.3065864808857375,-0.0996600263078753,-0.6106668148110916,-5.748994561812862,1.3182294781141959,2.114315736143719,0,
2025-10-24,20773,0.23507,0.01796,8.613,20381.0,63045.0,96957.0,111774.0,-1.2898731715248362,-0.08656077333231771,-0.5279681294938977,-5.684486559055749,0.8896584696857568,1.4285247820664808,0,
2025-10-25,17116,0.21068,0.00666,5.926,20969.0,51426.0,71690.0,86180.0,-1.2707431375806322,0.02706838429745484,0.18939964462395353,-5.604650010139819,-0.1301316024682473,-0.20332336628480127,0,
2025-10-26,20832,0.32729,0.00398,17.805,15726.0,96123.0,135768.0,223814.0,-1.2521892314518397,0.222913763598257,1.425817891057133,-5.53403922460048,-0.3138115280986238,-0.4972443944588881,0,
2025-10-27,20889,0.27019,0.00254,13.78,19365.0,85634.0,112331.0,186736.0,-1.2406262075946937,0.1547979133426931,0.9957864017875551,-5.510088816327592,0.142774470219039,0.23337559906982036,0,
2025-10-28,17773,0.18114,0.0018,1.999,5126.0,46335.0,61270.0,62981.0,-1.242447400509801,-0.010988282423076257,-0.05086110239842097,-5.530786726827004,-0.204293458951871,-0.3219957200227369,0,
2025-10-29,18095,0.16184,0.00199,0.119,1400.0,39448.0,54304.0,53969.0,-1.2606217975922525,-0.015514500590158908,-0.07943618928123623,-5.567399477825304,-0.052413383198831376,-0.0789601903028303,0,
2025-10-30,20224,0.26614,0.04208,18.316,31245.0,150009.0,116497.0,171510.0,-1.2929184226678603,0.11178660895356263,0.7242458541398495,-5.568051472068518,2.6304528079301677,4.21410986971533,1,cancellations
2025-10-31,17091,0.24764,0.01972,11.319,3031.0,96928.0,99526.0,107183.0,-1.3269247608055623,0.022398642738453045,0.15991846058841322,-5.5204714650292965,0.5718746766740201,0.920013365489426,0,
2025-11-01,16369,0.17789,0.00446,2.133,2836.0,37213.0,75860.0,58413.0,-1.3513977232705316,-0.009130673699871972,-0.03913357873509494,-5.446710052398371,-0.559165744878162,-0.88985541831028,0,
2025-11-02,20032,0.21979,0.00524,5.203,6801.0,78201.0,78306.0,105899.0,-1.3652868254424055,-0.1770498469949009,-1.099247075051311,-5.347557305856888,-0.16452357879402424,-0.25835673483566207,0,
2025-11-03,19351,0.16724,0.00124,1.256,4589.0,39649.0,73094.0,79234.0,-1.3734959843138617,-0.3167730558918178,-1.981352772653722,-5.195475100778372,-0.9998776813648007,-1.595074048251426,0,
2025-11-04,17584,0.17049,0.00421,1.165,2353.0,70031.0,49696.0,74431.0,-1.3748784811993104,-0.04456385744498892,-0.2628316566172046,-4.959686029123916,0.04424241413186003,0.07570652808201613,0,
2025-11-05,17823,0.15654,0.0055,2.678,1557.0,79338.0,59937.0,71060.0,-1.3654800406485363,0.05601506520794608,0.37214689441451204,-4.623806228484385,-0.03600299650988781,-0.052700610156577406,0,
2025-11-06,20179,0.26975,0.0057,11.67,6140.0,116371.0,89020.0,148663.0,-1.3803572222729883,0.13151103060950642,0.8487707978623833,-4.235518436076117,-0.772209315746327,-1.2307635778739858,0,
2025-11-07,19836,0.24545,0.03952,8.084,4293.0,87705.0,82474.0,101513.0,-1.4406844253034952,0.13293818527030266,0.857780763118599,-3.854926912740165,-0.3261944738335476,-0.5170593422804416,0,
2025-11-08,16698,0.33253,0.07492,24.193,10718.0,212353.0,97895.0,138889.0,-1.5115091476575402,1.097457039646094,6.947016643161498,-3.5436750975515627,0.5659678231013818,0.9105613338132083,1,delays
2025-11-09,20442,0.45142,0.12132,39.72,35900.0,296575.0,167128.0,287748.0,-1.586208318642984,1.1589260154878505,7.335084840591758,-3.3533217240588304,1.208027575220917,1.9379728043074231,1,delays
2025-11-10,20224,0.39915,0.0978,26.151,16336.0,198220.0,138816.0,218599.0,-1.6612697341047369,1.1796949928966267,7.466204312083238,-3.2818316007997845,1.3027209424614077,2.089499280404757,1,delays
2025-11-11,17867,0.15706,0.05272,0.739,4882.0,44277.0,69838.0,68290.0,-1.7389388471726197,0.15996082314108673,1.02838107367725,-3.3140682654660085,0.9630252246377982,1.545924829868624,0,
2025-11-12,17846,0.09102,0.03659,-6.517,1775.0,21840.0,46625.0,32028.0,-1.827744444067333,-0.11931880343455892,-0.7347773290788914,-3.4697698273491264,0.7143482285036367,1.1479967594158966,0,
2025-11-13,20490,0.13967,0.03797,-1.516,2910.0,51392.0,61172.0,59397.0,-1.9003362607729217,-0.20162280183139414,-1.2543819566456007,-3.7848802932092753,0.9366036063954977,1.5036454725945598,0,
2025-11-14,20159,0.11797,0.02307,-4.517,2736.0,23044.0,57841.0,40779.0,-1.9151031762431872,-0.26531791532158366,-1.6565042880943466,-4.262993997264358,-0.26192719518553176,-0.4142200986704068,0,
2025-11-15,16675,0.08622,0.01373,-7.796,1545.0,12503.0,48003.0,26246.0,-1.8998407934441826,-0.0712288114708084,-0.4311738243800058,-4.82951514857456,0.18685030626071164,0.30390489073052246,0,
2025-11-16,20421,0.16208,0.00372,1.467,4760.0,56322.0,78236.0,85018.0,-1.867094900352945,-0.0989975337868847,-0.606484342679236,-5.311012257113374,-0.5328324219449891,-0.8477173494647295,0,
2025-11-17,19671,0.16075,0.00188,0.837,3982.0,60670.0,69909.0,80965.0,-1.818652955948866,0.08512309816448016,0.5559127978722591,-5.638894896565398,-0.924322010212328,-1.4741713395133658,0,
2025-11-18,17823,0.13521,0.00056,-2.861,3295.0,34824.0,52531.0,52532.0,-1.7512977946723736,-0.002932018355790822,0.0,-5.879275118528873,-1.141446372104613,-1.8216095011415683,0,
2025-11-19,18029,0.10839,0.00072,-5.299,8273.0,24836.0,39955.0,35699.0,-1.6778377167738778,-0.1331923896215672,-0.8223645632853923,-6.0408921350089475,-0.6561712655939971,-1.0450817572229834,0,
2025-11-20,19975,0.21715,0.03905,10.666,48829.0,77064.0,90124.0,139786.0,-1.6086541961410796,0.13593403894045553,0.8766942966144881,-6.122478934502084,3.574054962501647,5.7240436009442925,1,cancellations
2025-11-21,20764,0.20542,0.01108,6.303,17691.0,37194.0,97867.0,140069.0,-1.538196802261847,0.05885623942125151,0.39008389987855613,-6.119500284959585,1.0614666235899302,1.703448833080225,0,
2025-11-22,18828,0.12588,0.00212,-2.792,3790.0,15408.0,60610.0,59650.0,-1.4653578491441621,-0.026782098518769448,-0.150571202637917,-6.0295956091247795,-0.31633220798699657,-0.5012779371661035,0,
2025-11-23,20588,0.15068,0.00175,-1.133,7172.0,29015.0,64779.0,77105.0,-1.3913091322010258,-0.8030477775347933,-5.051320217201583,-5.896397091193784,-0.9837673879444564,-1.5692946714902307,0,
2025-11-24,20177,0.21825,0.01056,8.422,32616.0,63619.0,85944.0,152524.0,-1.3142583552445013,-0.08221011038913306,-0.5005013643027102,-5.775626638890525,0.5391755720872116,0.8676888972191854,0,
2025-11-25,20739,0.17919,0.00222,2.695,11090.0,34223.0,80666.0,89701.0,-1.2287714877128841,-0.11800474738788624,-0.7264813821500312,-5.662285375518399,0.06124745622534622,0.10291766418797776,0,
2025-11-26,20783,0.22071,0.00298,8.294,18833.0,87311.0,83861.0,132510.0,-1.1401588362938453,0.11068054348603562,0.7172630009794511,-5.512796737779284,0.370059191250518,0.5970721688749694,0,
2025-11-27,11001,0.07455,0.00145,-8.25,2094.0,6968.0,32755.0,13057.0,-1.0515652360745662,-1.590201685079149,-10.020809196281272,-5.335583449249769,-0.21990090049079658,-0.34697044302822855,0,
2025-11-28,18380,0.15557,0.00343,2.05,8157.0,31486.0,95359.0,71447.0,-0.9728004405515935,-0.8053008452648842,-5.065544367201342,-5.179994701908456,-0.9489166816979306,-1.5135272522830558,0,
2025-11-29,20216,0.33055,0.08375,24.089,64947.0,144435.0,142307.0,202853.0,-0.9127169345616621,0.6208723031961407,3.9382243692665946,-5.076262666404151,2.638232078283703,4.2265581061402315,1,delays + cancellations
2025-11-30,21576,0.46889,0.03852,36.972,43999.0,162820.0,260937.0,364237.0,-0.8595410449967525,0.10952470307175721,0.7099659067958619,-5.004221443894751,0.7891637958558029,1.2677151685131818,0,
2025-12-01,21089,0.34603,0.02257,23.552,39870.0,102937.0,200093.0,232620.0,-0.8044204300618891,0.11046304282042985,0.7158898677836288,-4.925435803188713,0.250622909018289,0.4059525636458739,0,
2025-12-02,17989,0.34164,0.00851,19.576,28860.0,86633.0,143533.0,179278.0,-0.7959605786758577,0.4259957811330628,2.70792274795466,-4.832962972060559,0.6384505919245562,1.0265468442836505,0,
2025-12-03,17751,0.27657,0.0031,11.776,26301.0,88343.0,96708.0,121275.0,-0.8506755669309837,0.08262781853162571,0.5401595067860513,-4.754237874632461,-0.3384534490115021,-0.5366759148389243,0,
2025-12-04,19442,0.26037,0.00139,10.198,11708.0,63658.0,122751.0,117776.0,-0.9161279052985227,-0.2092055855233177,-1.3022538653366413,-4.741072607422442,-0.593753073748351,-0.9452013861858246,0,
2025-12-05,19238,0.28966,0.01539,14.472,23444.0,74797.0,133032.0,155526.0,-0.9771719794757935,0.033953389172558524,0.23286631044344536,-4.779381311942658,0.3052531605205502,0.49337082470977156,0,
2025-12-06,16339,0.18663,0.00802,3.848,10328.0,29653.0,88976.0,69930.0,-1.0318595966763409,-0.11737668452418726,-0.7225162725959693,-4.8217364041816655,0.013223967354931254,0.026071415601709485,0,
2025-12-07,19972,0.41196,0.03555,39.312,83004.0,207796.0,202908.0,351302.0,-1.0803955931451537,-0.018538915524668687,-0.0985300368009647,-4.8601361188115,0.1453133595091538,0.23743828010592,0,
2025-12-08,19236,0.24153,0.01825,10.907,17081.0,42591.0,149428.0,126433.0,-1.1182947142415116,-0.012802730335079948,-0.0623161416422024,-4.891645583606033,0.18374902060161347,0.2989422740131247,0,
2025-12-09,17408,0.16676,0.00287,2.16,11223.0,32435.0,93060.0,59612.0,-1.145537725879457,-0.1688840197631165,-1.0476942744560416,-4.901182587782483,-0.2534095891510635,-0.40059039191480533,0,
2025-12-10,17607,0.20547,0.00392,5.211,15983.0,45018.0,86785.0,76917.0,-1.1673039792721245,0.08236096524974412,0.5384747988393185,-4.900593767635986,0.0785372744412518,0.13058449348095305,0,
2025-12-11,19478,0.26525,0.00288,11.322,11935.0,98731.0,114005.0,129877.0,-1.185948229292029,0.129424457702203,0.8355977690969684,-4.902491345619917,0.05282175748146045,0.0894350256830411,0,
2025-12-12,19786,0.21801,0.00253,6.343,17557.0,46482.0,102010.0,102846.0,-1.198006278896824,-0.097370109599618,-0.5962100284880766,-4.895813437936174,-1.632385354926396,-2.6072004692699617,0,
2025-12-13,16374,0.19672,0.00678,5.973,25986.0,37609.0,89562.0,78519.0,-1.20423871671309,-0.05126685624805871,-0.3051492750135315,-4.870809486957466,-0.22285170984350344,-0.35169227050021157,0,
2025-12-14,19989,0.38853,0.05018,34.299,77118.0,155724.0,187432.0,323152.0,-1.2049020189609336,0.07725353467012797,0.506230380392616,-4.824081666659285,0.6264592123334785,1.0073584729548868,0,
2025-12-15,19236,0.20766,0.01196,6.467,10684.0,28567.0,110588.0,121690.0,-1.195752285025485,-0.15763163329552166,-0.9766552946541062,-4.7676378873158685,0.0027878646072254654,0.009371767890022793,0,
2025-12-16,17424,0.10554,0.00264,-4.571,4245.0,14861.0,58792.0,37519.0,-1.1789005004814996,-0.6675834697156244,-4.196101970408996,-4.725929230200148,-0.3472278173146499,-0.550716487560132,0,
2025-12-17,17676,0.16847,0.00464,1.471,11014.0,37926.0,64182.0,63308.0,-1.1520926809001737,-0.0386070260306175,-0.22522476960281676,-4.714433813740945,0.07813237270144757,0.12993657762806765,0,
2025-12-18,19930,0.24843,0.00692,9.337,15103.0,55924.0,104574.0,133477.0,-1.1223682165283941,-0.0354388227874316,-0.20522315244815675,-4.727463337051702,0.5159292007255782,0.830490507964187,0,
2025-12-19,20391,0.40602,0.02756,30.261,29903.0,135557.0,189652.0,331042.0,-1.0996552849495602,0.7312555983723964,4.635100245248944,-4.741011259930375,0.470139030627295,0.7572179724415138,1,delays
2025-12-20,19169,0.29191,0.01231,12.576,6808.0,49225.0,138986.0,154954.0,-1.0738080526504667,0.12188158608151278,0.7879778347609112,-4.7339383375977,-0.06784400078749986,-0.1036519630779851,0,
2025-12-21,20045,0.23838,0.01177,9.679,6504.0,58647.0,127462.0,145501.0,-1.034595470520475,-0.6955051577732805,-4.37237819764986,-4.690957834776119,-0.672459790681657,-1.0711463368158478,0,
2025-12-22,20087,0.18631,0.00468,2.826,4069.0,27769.0,88054.0,108489.0,-0.9884847701047064,-0.5742200880385377,-3.6066768378560616,-4.62644418839807,-0.911982456220283,-1.45442582631096,0,
2025-12-23,19860,0.23069,0.00468,6.895,9325.0,65584.0,101867.0,120696.0,-0.9459544224148654,0.018069624208464474,0.1325883417021042,-4.551357584512002,0.04505425278406783,0.07700561643121633,0,
2025-12-24,15596,0.16088,0.00539,-0.229,13449.0,29770.0,69107.0,62897.0,-0.9096457929452175,-0.23108239468857894,-1.4403673409888844,-4.451100315778513,-0.059904492970946244,-0.09094731779555193,0,
2025-12-25,15437,0.12325,0.00589,-3.74,12433.0,37179.0,48280.0,43241.0,-0.8757051100971902,-1.1302562034858064,-7.11706447768338,-4.324475140169368,-0.2567394187804055,-0.40591872022799413,0,
2025-12-26,20028,0.31553,0.06002,18.496,38339.0,129176.0,119176.0,186578.0,-0.8355027384085836,0.10390553358559329,0.6744907594765952,-4.1934450837635975,0.807187013233575,1.2965555688154986,0,
2025-12-27,19153,0.38354,0.04083,23.746,25352.0,103777.0,158994.0,241074.0,-0.796207907450214,0.1192089728682526,0.7711049947974117,-4.090423742193904,0.31687830920485194,0.5119731604970936,0,
2025-12-28,19999,0.40324,0.033,28.51,42762.0,110042.0,193597.0,288535.0,-0.7781763115472573,-0.06751830586712582,-0.407748524032024,-4.04127126749546,0.06255257784264057,0.10500609429992867,0,
2025-12-29,20079,0.38268,0.03048,25.712,46510.0,87836.0,181928.0,271611.0,-0.7827527845636715,0.08970238552052956,0.5848229231092912,-4.035853992749978,0.5312129766335789,0.8549473075509949,0,
2025-12-30,19961,0.30566,0.00937,17.266,31499.0,66870.0,166503.0,184738.0,-0.8128898860510985,0.29210742992263405,1.86265388834491,-4.066711216066588,0.0886631483166429,0.14678771901255072,0,
2025-12-31,16534,0.23785,0.00768,7.707,22194.0,43582.0,95961.0,96022.0,-0.8671113284687441,0.2928942145920611,1.8676210462363372,-4.13768912599422,-0.21495933444207083,-0.33906304558756106,0,
2026-01-01,17387,0.28495,0.01001,13.508,14166.0,64262.0,127596.0,148989.0,-0.9360047123546036,-0.032654968591559475,-0.18764802182483362,-4.2481787575059755,0.061627876159863426,0.10352640473437923,0,
2026-01-02,19992,0.24261,0.0104,8.854,11421.0,61015.0,127167.0,119427.0,-1.020490248595911,-0.09066826852701015,-0.5538997191182516,-4.39075473178788,-0.5313876322317013,-0.8454054251944668,0,
2026-01-03,19113,0.30629,0.03741,16.126,12388.0,104862.0,137771.0,155620.0,-1.121576515498582,0.06750636849320402,0.44469421265053777,-4.564843516511409,0.7931446619878093,1.274085272717695,0,
2026-01-04,20018,0.31389,0.01604,15.526,13471.0,76788.0,145153.0,188830.0,-1.2358262584321882,0.0945307775202735,0.6153057049381446,-4.764711011995712,0.1422945009576546,0.2326075616356048,0,
2026-01-05,19469,0.26873,0.00945,12.587,16260.0,80876.0,135708.0,162034.0,-1.3502798012242616,0.029932255773892802,0.20747994328378982,-4.9787016781232305,0.3090769394864994,0.49948956110039855,0,
2026-01-06,16597,0.12312,0.00374,-3.206,10461.0,15861.0,66888.0,46160.0,-1.4590055882931858,-0.13063826650980848,-0.8062397793855137,-5.207667407851573,0.22425973010571898,0.3637667198454313,0,
2026-01-07,16470,0.09421,0.00285,-7.06,5069.0,12703.0,49071.0,32485.0,-1.5659284626774173,-0.10604868609284246,-0.6509999365655497,-5.447242069796188,-0.2461511593060779,-0.3889755942952726,0,
2026-01-08,18053,0.17995,0.00238,0.514,10687.0,44522.0,77135.0,66898.0,-1.6745245238941784,0.08645830640658048,0.5643422836186918,-5.665545861859458,-0.040042931611254495,-0.05916523537174522,0,
2026-01-09,18085,0.13812,0.0021,-1.58,5536.0,22069.0,72244.0,64226.0,-1.7650069112238824,-0.0789092954740711,-0.4796625382673355,-5.821488043278235,-0.5327741336635636,-0.8476240776956546,0,
2026-01-10,15448,0.16991,0.0022,0.126,9578.0,30252.0,67056.0,51832.0,-1.7853805091089643,-0.002277117366938919,0.004134544992148859,-5.881848017768564,-0.454272549218949,-0.722007376066066,0,
2026-01-11,18517,0.16262,0.00286,0.732,9720.0,29645.0,77935.0,76821.0,-1.7596621061284987,-0.2543231809724118,-1.5870919271158301,-5.867176462187418,-0.6156411832408146,-0.980226311336099,0,
2026-01-12,17857,0.08972,0.00134,-7.843,3985.0,10305.0,52257.0,37882.0,-1.7335120071758974,-0.9223484983131258,-5.804493912233745,-5.817706923757313,-0.7370958010246502,-1.1745756176797424,0,
2026-01-13,16049,0.06674,0.00156,-11.562,2826.0,9004.0,37621.0,18815.0,-1.7078441951893046,-0.5063888993385455,-3.178442484381177,-5.740178324329228,-0.06733739610020972,-0.10284130415564992,0,
2026-01-14,16287,0.17548,0.01013,1.935,38976.0,53152.0,56743.0,72333.0,-1.6796533523694688,0.7409532334576194,4.696323711482499,-5.630031393778721,0.9978372083990941,1.601630286111511,1,delays
2026-01-15,18721,0.16959,0.00625,1.494,19152.0,35337.0,85393.0,76538.0,-1.640989748402041,-0.028776322691179912,-0.16316121197614755,-5.492474148982989,1.0253360123803583,1.6456333349585333,0,
2026-01-16,18709,0.21235,0.00615,5.443,27564.0,44684.0,97671.0,90409.0,-1.5862340592510853,0.2175185240808073,1.3917564666463667,-5.363203706390222,0.02620346819610031,0.04684095924851902,0,
2026-01-17,15214,0.18614,0.00329,1.804,15724.0,34714.0,70472.0,57049.0,-1.5190528455289811,-0.1323056079609941,-0.8167661007143103,-5.272948676301705,-0.8795297438285852,-1.402495630017216,0,
2026-01-18,17282,0.27585,0.01429,11.545,28487.0,95674.0,100324.0,111074.0,-1.4728693093609388,0.12451548683326408,0.8046062737896283,-5.214037731737262,0.18295940867628513,0.2976787524380014,0,
2026-01-19,18876,0.2488,0.00583,10.814,35793.0,53395.0,120251.0,124801.0,-1.4471843307400205,-0.0014637923913605189,0.009269258119796467,-5.167269349992043,0.22489592472336906,0.36478474604234307,0,
2026-01-20,16266,0.14363,0.00246,-0.678,13175.0,30057.0,70113.0,42565.0,-1.4289768096949929,0.10653289790992715,0.6910779324915097,-5.088759794620741,-0.003261509667006557,-0.0003083226282526507,0,
2026-01-21,16429,0.11852,0.00201,-2.693,10587.0,22509.0,64392.0,42977.0,-1.4145399037047093,0.016690695713572623,0.1238828396489141,-4.947840593239555,-1.5423450382395076,-2.463119713755142,0,
2026-01-22,18193,0.12521,0.00181,-2.061,9445.0,19544.0,73748.0,46613.0,-1.405969008785973,-0.624954264559165,-3.926973705680139,-4.746500144991258,-0.6548793913632176,-1.0430145253201002,0,
2026-01-23,18226,0.1957,0.02496,5.261,24889.0,33749.0,100193.0,88446.0,-1.4077827188412044,-0.12804122952981123,-0.7898440700754746,-4.511657769912302,0.48922963174075385,0.7877663793426609,0,
2026-01-24,15463,0.23929,0.21063,9.234,35020.0,37192.0,85473.0,59600.0,-1.4138574869058538,0.09123665009051574,0.5945090985807749,-4.357229868071003,2.3102515322633175,3.7017300446274075,1,cancellations
2026-01-25,18675,0.4321,0.46485,38.059,98976.0,109378.0,115646.0,110143.0,-1.4173289055089027,0.781937299239837,4.955065821850706,-4.220439776149231,3.1329821015010078,5.018247426647745,1,delays + cancellations
2026-01-26,18042,0.41502,0.2712,44.078,144163.0,113809.0,189825.0,196486.0,-1.423306601840455,0.7791641324875518,4.937558163589028,-4.034155132019753,3.2397456564692932,5.18908838131443,1,delays + cancellations
2026-01-27,16191,0.32012,0.1386,24.017,67047.0,45401.0,177419.0,136707.0,-1.4253186671388,1.1393587032483858,7.2115517658115245,-3.826742613942153,3.1108307380696787,4.98280124768807,1,delays + cancellations
2026-01-28,16411,0.22786,0.04899,10.483,17476.0,28158.0,148953.0,94917.0,-1.4243316470513732,0.7569427306376019,4.797269192735123,-3.6282289420900833,0.5330248976705114,0.8578467081921796,1,delays
2026-01-29,18217,0.20506,0.00582,6.059,7614.0,33943.0,104509.0,112867.0,-1.4233778995081554,-0.027203852310738963,-0.15323383417793698,-3.524518471131321,-0.43071655210532844,-0.6843135297323425,0,
2026-01-30,18247,0.2243,0.02937,12.494,35120.0,81715.0,108964.0,142303.0,-1.4307288548756405,0.05140803529378579,0.3430616238400026,-3.6779175420397907,-0.12733522955308763,-0.19884866498273382,0,
2026-01-31,15495,0.20973,0.11752,5.839,22132.0,31233.0,87487.0,66172.0,-1.4648463956512283,-0.04286473994346607,-0.25210472555956587,-3.9187815204741807,0.7522072157543733,1.2085779711088847,0,
2026-02-01,18727,0.24672,0.05356,8.81,25720.0,40706.0,127033.0,107094.0,-1.5085779853989156,0.07696075488231258,0.5043819922757549,-4.1615668064763565,0.2777125137564398,0.4493008198591818,0,
2026-02-02,18088,0.22967,0.00907,7.925,24455.0,44102.0,110792.0,126059.0,-1.5500924657439077,0.12047391242836158,0.7790908577181382,-4.414076097119085,-0.14341713454381644,-0.2245826151335242,0,
2026-02-03,16358,0.10446,0.00214,-6.014,9152.0,14584.0,57279.0,35195.0,-1.5931198181687432,-0.07611616524011189,-0.4620288458194422,-4.6744964866137755,-0.31874090703507907,-0.5051322903206176,0,
2026-02-04,16148,0.09838,0.00068,-8.496,1308.0,15567.0,38755.0,25116.0,-1.6423684363741873,-0.12323711380850333,-0.7595145501398605,-4.938695196714712,-2.397507744311259,-3.8315343674639077,0,
2026-02-05,18831,0.17756,0.00212,-1.345,9955.0,36291.0,72283.0,57870.0,-1.6947309428369217,0.04684955975852656,0.3142828885548721,-5.206481141062776,0.22983921503341875,0.3726949026122917,0,
2026-02-06,18906,0.17417,0.00487,1.209,18151.0,43714.0,83636.0,69119.0,-1.73869573858864,0.022815125742135622,0.16254781639410482,-5.452501210872457,0.05624398595488955,0.09491120882120854,0,
2026-02-07,15579,0.17969,0.00706,2.919,10714.0,46656.0,75105.0,72141.0,-1.7667641025196912,0.106861175254791,0.6931504250901576,-5.644961984911309,-0.577887853236521,-0.9198141703044911,0,
2026-02-08,17681,0.14846,0.006,-1.453,5999.0,24751.0,72990.0,59738.0,-1.7771679471893416,-0.21727348032772165,-1.3531883953320991,-5.773822196977075,-0.19804512685807563,-0.31199726108892206,0,
2026-02-09,18728,0.1332,0.00235,-2.952,2990.0,14925.0,77874.0,60000.0,-1.7720135734327775,-0.22505035999015632,-1.4022856778377066,-5.822288947072073,-0.1580744918379331,-0.24803703189363888,0,
2026-02-10,16469,0.0897,0.00085,-8.12,3411.0,15487.0,44548.0,27871.0,-1.7550196423129574,-0.16040280799894813,-0.9941503766397168,-5.786407320478355,-0.45960433449309956,-0.7305391946869824,0,
2026-02-11,16780,0.11588,0.00221,-4.618,4653.0,25373.0,52561.0,36315.0,-1.721765107031162,-0.008090920564053361,-0.03256937102439006,-5.686687130168756,-0.46614648300914396,-0.7410078129189649,0,
2026-02-12,20029,0.17256,0.00125,1.204,6543.0,33782.0,86377.0,74808.0,-1.6608548518087096,0.001720243581615044,0.029370831046058934,-5.5229065747947645,-0.24849272371660724,-0.3927225199144804,0,
2026-02-13,20229,0.18179,0.00331,3.372,7310.0,33597.0,102609.0,91902.0,-1.5759901503259277,-0.09916361277109176,-0.6075328386261702,-5.316087112088695,-0.3080774159733384,-0.4880687802716257,0,
2026-02-14,17353,0.18764,0.0238,4.779,24257.0,39511.0,83780.0,93899.0,-1.4854234944034626,-0.03526481774207135,-0.20412461740064664,-5.102923113552495,0.5793469769830262,0.9319703944467884,0,
2026-02-15,19274,0.22926,0.01385,11.104,21309.0,104265.0,123397.0,125178.0,-1.400453262760216,-0.041497614063749966,-0.24347373621028034,-4.9049047225993085,0.014691454242338864,0.02841965944653116,0,
2026-02-16,20060,0.27104,0.01157,10.951,15219.0,60338.0,123576.0,166763.0,-1.3236835366821127,0.3757919607521716,2.3909741440039434,-4.741058417661408,0.20157108543495728,0.32746079394405475,0,
2026-02-17,18076,0.23763,0.01372,11.569,22376.0,103748.0,96519.0,143354.0,-1.2539021636656744,0.39136588802921124,2.489296034072025,-4.620678340118483,0.885363954528116,1.4216527828193608,0,
2026-02-18,17833,0.22149,0.01239,8.242,38563.0,56806.0,101272.0,99866.0,-1.195789298231408,-0.022227642574360384,-0.12181784398147225,-4.5615360282838715,0.17355422547736943,0.2826287620457264,0,
2026-02-19,19867,0.25048,0.00629,8.922,16113.0,56739.0,119220.0,124693.0,-1.1527486172345551,0.0073983262239407654,0.06521791106801934,-4.579921299817838,0.18518747402589764,0.3012440590775249,0,
2026-02-20,20199,0.30123,0.00946,14.229,25226.0,77429.0,132572.0,174286.0,-1.132095090319114,0.14875882843359534,0.9576602289872292,-4.654908354164573,0.10067401913621854,0.16600727982432834,0,
2026-02-21,17331,0.2324,0.00935,7.21,11708.0,54068.0,101236.0,95642.0,-1.1413609466245878,0.011305985393128326,0.08988788855165779,-4.772796434938158,-0.431278845521315,-0.6852133006702666,0,
2026-02-22,20022,0.3256,0.11817,17.249,37296.0,61342.0,177705.0,126075.0,-1.1767109131610327,0.2104463699418625,1.347108283216167,-4.934624367543523,2.5193620919078463,4.036344676475964,1,cancellations
2026-02-23,19732,0.17343,0.19684,4.156,19400.0,24140.0,99239.0,69709.0,-1.2250384385643835,-0.19090035297348162,-1.186688598437709,-5.111084113188253,3.546913238005777,5.680611943713021,1,cancellations
2026-02-24,17387,0.20201,0.08403,5.853,15333.0,46958.0,96732.0,80433.0,-1.281332701721661,0.18108475869613128,1.1617414799833932,-5.26180629146616,3.294034857548619,5.275960900155141,1,cancellations
2026-02-25,17762,0.25161,0.00777,10.384,16847.0,75728.0,103723.0,135898.0,-1.3400097294160278,0.1572465602349169,1.0112452893417379,-5.3862201042130105,0.6120134827447927,0.9842426987141271,0,
2026-02-26,20121,0.18816,0.00199,3.048,5509.0,32210.0,93192.0,94668.0,-1.3953169240699432,-0.12246893300718353,-0.7546648428723091,-5.490083706860506,-0.255599073213574,-0.40409396153252647,0,
2026-02-27,20179,0.19848,0.00228,4.712,5354.0,57829.0,88344.0,121739.0,-1.4442460327959827,-0.10860903903477559,-0.6671640508582478,-5.54927664379057,-0.5778288363398572,-0.9197197326195478,0,
2026-02-28,17287,0.15881,0.00359,-0.414,5901.0,31502.0,84224.0,59962.0,-1.4820761853775506,-0.10213965783606538,-0.6263213157078235,-5.503273524047806,-0.4676782521777003,-0.7434589200141052,0,
2026-03-01,20032,0.18613,0.00564,2.397,7870.0,30430.0,96623.0,96529.0,-1.5087609941264235,-0.2699297907721725,-1.6856201496875227,-5.340663715971594,-0.08176268965638833,-0.1259243770564801,0,
2026-03-02,19682,0.15591,0.00671,-0.174,14376.0,34611.0,76427.0,80997.0,-1.5149601058690807,0.08263189290293393,0.5401852292567382,-5.089636774008017,-0.3843745365049145,-0.6101579418193612,0,
2026-03-03,17366,0.13204,0.00369,-3.74,4426.0,34061.0,54338.0,47128.0,-1.486240046063863,-0.005382829133368183,-0.015472548674725497,-4.800274131804828,-0.4415328357251722,-0.7016215354474823,0,
2026-03-04,17746,0.12556,0.00541,-2.409,25644.0,29629.0,53259.0,47110.0,-1.448325373554647,-0.6530553417404545,-4.104382458929346,-4.490294632854727,-0.48830663299912036,-0.7764680519581116,0,
2026-03-05,20337,0.20906,0.01711,5.307,21525.0,55708.0,94439.0,104221.0,-1.4102439249324685,-0.0562211763865299,-0.3364270709959872,-4.21077833896946,0.635633445774828,1.0220389020575031,0,
2026-03-06,20456,0.37815,0.05461,33.495,81046.0,204807.0,172583.0,309692.0,-1.363592203056681,0.7349827160876788,4.658630421790417,-3.9815897203666872,1.1060504934613862,1.7747910705491567,1,delays
2026-03-07,17943,0.41252,0.06025,29.976,55784.0,114344.0,186023.0,234633.0,-1.3083656489761932,1.0380614589505455,6.572038280170987,-3.7752025571795005,0.8862462000753557,1.42306453490635,1,delays
2026-03-08,20450,0.29967,0.02499,15.851,6750.0,43995.0,192735.0,200525.0,-1.2510638163218315,0.08334825733052331,0.5447078074892671,-3.58074202258831,-0.3081494724533873,-0.4881840836431286,0,
2026-03-09,20622,0.17528,0.00582,3.282,10769.0,29239.0,108203.0,114176.0,-1.183838373038103,-0.15110480550825067,-0.9354498855894672,-3.4228434371028484,-2.4829423737213503,-3.9682451921863526,0,
2026-03-10,18751,0.14524,0.02405,0.368,25266.0,46038.0,88293.0,53893.0,-1.1023406369677025,-0.18272760807581334,-1.1350921249799388,-3.31706511458914,-0.14475772689915223,-0.22672780482744606,0,
2026-03-11,19290,0.30252,0.02234,15.776,39496.0,115535.0,105980.0,159031.0,-1.0166044355251045,0.014725741850826868,0.11147762070541943,-3.2462348033653408,-0.1482697818808485,-0.23234772658907255,0,
2026-03-12,20738,0.35475,0.02266,20.125,19697.0,124349.0,132324.0,233394.0,-0.9340553957327804,0.14806592966138887,0.9532857949926882,-3.172653882949795,-0.11829659310625074,-0.18438521554138276,0,
2026-03-13,20736,0.34671,0.04403,26.003,59351.0,158007.0,157777.0,250976.0,-0.8811060948713745,0.1503516552258818,0.9677161216328544,-3.111901462735944,0.07789443839143173,0.12955583979404608,0,
2026-03-14,18530,0.3065,0.03826,15.971,15814.0,65891.0,142094.0,175639.0,-0.8658467532418331,0.1327958584209471,0.8568822200223625,-3.1145198190141588,-0.035904191423090204,-0.05254250418718138,0,
2026-03-15,20536,0.38367,0.14068,33.968,67271.0,228297.0,165093.0,226380.0,-0.9021689577570203,0.1287139710920988,0.8311122989178121,-3.2185275691406723,1.339371856177962,2.148147356432222,0,
2026-03-16,20677,0.5543,0.19572,59.884,103790.0,242108.0,293986.0,403295.0,-0.9628942131638906,1.3503957257145873,8.543878452209235,-3.381117949647055,1.0229334250376385,1.6417887616355273,1,delays
2026-03-17,18873,0.38801,0.05638,27.643,15999.0,66206.0,264110.0,246288.0,-1.0210156460835906,1.0169630055455487,6.438838748711062,-3.5571478336942692,0.6683749093627953,1.0744311523737688,1,delays
2026-03-18,19414,0.27943,0.0153,11.569,9305.0,48536.0,170455.0,133196.0,-1.079534736453066,0.046319731283757104,0.31093795595537144,-3.736740175005115,-0.0529665949118483,-0.0798454288771048,0,
2026-03-19,20795,0.17278,0.00404,1.43,6019.0,22571.0,113139.0,84548.0,-1.1474173428201184,-0.6526531228404722,-4.101843155787378,-3.93170438128861,-1.299252821356299,-2.074128297941902,0,
2026-03-20,20790,0.20589,0.00539,4.185,5437.0,43208.0,112195.0,111117.0,-1.2231569099127633,-0.22572523544117473,-1.406546326338519,-4.135952893938185,-0.9757393928448685,-1.55644843058639,0,
2026-03-21,18618,0.18578,0.00763,2.09,4390.0,37377.0,91495.0,96587.0,-1.2913707329403026,-0.1226679015433001,-0.7559209783471358,-4.308705390059627,-0.20852601539282212,-0.3287685741419868,0,
2026-03-22,20594,0.2549,0.00859,8.728,5502.0,62492.0,122713.0,138182.0,-1.3369402564621775,0.05830712841377461,0.38661723208488324,-4.417612521221768,-0.31984942076227973,-0.5069061123282526,0,
2026-03-23,20734,0.21442,0.02807,6.17,5973.0,46471.0,109296.0,124197.0,-1.3666008227582962,0.18585982311985183,1.1918875921993675,-4.469034881664379,0.053158523707812044,0.08997391241856141,0,
2026-03-24,18887,0.14042,0.0144,-1.846,1165.0,34958.0,69523.0,67816.0,-1.3887945385109535,-0.08048746432913445,-0.4896258918849661,-4.481141524167364,0.057393735645166366,0.09675101581127143,0,
2026-03-25,19364,0.12639,0.01332,-3.941,1981.0,31201.0,61748.0,50801.0,-1.4061920791760305,-0.5185963832848111,-3.255511220687794,-4.49080313252971,0.5718215715246897,0.9199283876670593,0,
2026-03-26,20795,0.22098,0.01553,7.847,18233.0,101933.0,95438.0,124200.0,-1.41742093934037,-0.0840376344593714,-0.5120389564292418,-4.504882900038237,0.34913984266563336,0.5635974360009237,0,
2026-03-27,20790,0.22367,0.01236,6.671,3526.0,65110.0,109230.0,128963.0,-1.4198782803592125,0.11288996727459133,0.7312116164434801,-4.507052065280629,0.20091012452665424,0.3264031372127349,0,
2026-03-28,18577,0.18271,0.00404,1.785,3302.0,30401.0,87163.0,85247.0,-1.4111015504349713,-0.01620393904102979,-0.08378877744794563,-4.487905996504454,-0.7432758779344502,-1.184464856001728,0,
2026-03-29,20496,0.18394,0.00732,2.401,3457.0,43446.0,94574.0,101085.0,-1.389640147937369,-0.23233560718708102,-1.448279168193274,-4.455817389354728,-0.4088738207049145,-0.6493612177183488,0,
2026-03-30,20674,0.16101,0.00774,-0.282,9085.0,41580.0,70985.0,78318.0,-1.3597402824445672,-0.26568906881765697,-1.658847467986621,-4.413405571859106,-0.7351713498353014,-1.1714961484873252,0,
2026-03-31,18805,0.21017,0.01707,9.142,17180.0,130468.0,86071.0,116658.0,-1.3359847525921666,0.2091067257114576,1.3386507920253357,-4.367526091315743,0.21081598639793508,0.3422543038340472,0,
2026-04-01,19280,0.20568,0.00861,5.404,17860.0,74760.0,83262.0,82547.0,-1.3211396952874304,0.08155774568490193,0.533403883562131,-4.3310232643356485,0.014791797434358323,0.028580226661851022,0,
2026-04-02,20793,0.29096,0.04319,18.53,43334.0,134910.0,132866.0,187905.0,-1.31211955868683,0.23806632387122018,1.5214795914687367,-4.322357000672104,0.9185623773662233,1.4747762503994286,0,
2026-04-03,20791,0.2213,0.02237,6.873,16491.0,48677.0,105990.0,125399.0,-1.3111289897467553,-0.02813527036766672,-0.15911409688698983,-4.365737272581567,0.41571532540130995,0.6701302226933207,0,
2026-04-04,18506,0.23486,0.02037,8.485,25775.0,58516.0,89482.0,142120.0,-1.330110431756629,0.23736578636075167,1.517056932311056,-4.478247879210259,0.7043608230590235,1.1320151083617722,0,
2026-04-05,20579,0.2056,0.01317,6.305,5216.0,64138.0,101081.0,141717.0,-1.372521782069387,-0.11212709258398035,-0.6893743558227825,-4.645928012943033,0.4158900205786127,0.6704097665027688,0,
2026-04-06,20757,0.2109,0.00737,5.346,5933.0,60171.0,90221.0,124725.0,-1.4264525963259007,0.11458313545290877,0.7419009880152052,-4.835838275460126,-0.1197318982898512,-0.18668196285255262,0,
2026-04-07,18663,0.16874,0.00375,1.129,4387.0,45536.0,72759.0,75878.0,-1.4721498298546773,0.012552219008149734,0.09775565641236493,-5.018560178558346,-0.500240972017985,-0.7955651480777036,0,
2026-04-08,19267,0.14179,0.0013,-1.759,2168.0,29598.0,65300.0,63915.0,-1.5018125036047645,-0.11933304562458558,-0.7348672433964055,-5.179405425859121,-1.004360289180644,-1.602247029695164,0,
2026-04-09,20948,0.16578,0.00477,0.503,3656.0,28593.0,80046.0,79399.0,-1.5151788427023891,-0.25641459618346785,-1.6002955264912637,-5.290577668113605,-0.297989121953929,-0.4719256892913182,0,
2026-04-10,20952,0.17886,0.00377,1.351,4918.0,33023.0,79472.0,81506.0,-1.516481191421486,-0.11719925830159927,-0.7213961388466478,-5.332078095686083,-0.556408647926931,-0.8854435656383002,0,
2026-04-11,18156,0.13868,0.00573,-2.268,2572.0,32794.0,59618.0,54262.0,-1.506440866507991,-0.19939547164841787,-1.2403202938742088,-5.298467381300113,0.0007048449246163102,0.00603856049287165,0,
2026-04-12,20949,0.24247,0.00678,6.693,8328.0,47895.0,108785.0,126338.0,-1.4829877731600776,0.1590283319009178,1.022494035708317,-5.203146329602601,0.3880173510351934,0.6258084652879369,0,
2026-04-13,21066,0.20034,0.00584,4.49,9836.0,66141.0,89732.0,103660.0,-1.444189383616967,0.012889201981217013,0.09988310970294138,-5.113619103930261,-0.32090850555406725,-0.5086008391192037,0,
2026-04-14,18598,0.18421,0.00715,4.372,33805.0,64808.0,69881.0,95325.0,-1.4032067811450095,0.06510682068870977,0.4295452992615293,-5.0980397232292995,0.3026101004637409,0.489141451648142,0,
2026-04-15,19024,0.17222,0.00862,2.326,15436.0,48335.0,81815.0,70969.0,-1.3787589054586693,0.009593148357881942,0.07907434282948682,-5.160887360522401,0.9503273993013694,1.5256060178609991,0,
2026-04-16,20972,0.22816,0.00601,8.249,15264.0,70538.0,106658.0,144262.0,-1.379938507224091,0.026229048610349803,0.18410071971633407,-5.282555902219753,0.324439976844376,0.5240731933106526,0,
2026-04-17,20972,0.27307,0.02117,12.849,34839.0,99305.0,117804.0,153033.0,-1.4038049895019151,0.3225169373305883,2.0546363081419625,-5.447039983674813,1.3927637595972495,2.233584037089138,0,
2026-04-18,17825,0.18733,0.00393,2.857,17349.0,38462.0,69373.0,99659.0,-1.4384877970790269,0.18137485889686134,1.1635729512325854,-5.6386568206313505,-0.14132772158961338,-0.22123917734808304,0,
2026-04-19,21006,0.23344,0.001,7.358,3667.0,54664.0,108833.0,137528.0,-1.4741096391546025,0.06698759873602578,0.4414190963533709,-5.847267570153633,-0.8049563249514842,-1.2831647021785262,0,
2026-04-20,21005,0.1755,0.00495,3.288,2143.0,62269.0,83537.0,106799.0,-1.5108142150510937,-0.12976646204907216,-0.8007358714228927,-6.051939469161978,0.049913687775974935,0.08478158935947552,0,
2026-04-21,18484,0.11997,0.00108,-4.175,2206.0,20212.0,63974.0,46504.0,-1.5446825411012477,-0.28338368583851836,-1.7705577744863084,-6.199523322398456,-0.6322370600010414,-1.0067827090702322,0,
2026-04-22,19097,0.1386,0.00089,-2.152,3622.0,26384.0,67726.0,56106.0,-1.5660806774677984,-0.10452013310614627,-0.641349819671608,-6.242576843862598,-0.36617925398262585,-0.581042206234674,0,
2026-04-23,20990,0.19007,0.00076,1.789,4938.0,53802.0,78005.0,84359.0,-1.560416434220704,-0.07195115416535369,-0.43573414482719774,-6.166542341854282,-0.5078675467761515,-0.8077690439943304,0,
2026-04-24,20990,0.18043,0.00157,2.264,6369.0,36598.0,88940.0,94196.0,-1.5264856982399524,-0.09099195721550979,-0.5559432424428958,-6.001265827509269,-0.6020914368464414,-0.9585442718967621,0,
2026-04-25,17898,0.1247,0.00369,-2.962,12508.0,24472.0,62668.0,47219.0,-1.4754040655462797,-0.21718596834486026,-1.3526359114656037,-5.794603816926229,-0.03722228097390534,-0.05465168533297903,0,
2026-04-26,21034,0.2239,0.00261,6.079,10892.0,42612.0,101100.0,121939.0,-1.417947161938772,-0.0067645486950853595,-0.02419567139357626,-5.5667978558484865,-0.11185789380775724,-0.17408213472608866,0,
2026-04-27,20979,0.27392,0.02431,15.41,42729.0,121589.0,113241.0,178568.0,-1.3630163477567354,0.2944220127253505,1.8772663975620083,-5.324252242570041,0.6278329756810619,1.0095567422224938,0,
2026-04-28,18435,0.22574,0.02582,7.265,25733.0,58129.0,89892.0,119312.0,-1.3184704818117015,0.293857013534943,1.8736994239079252,-5.100817076524854,1.5545157475464566,2.492416407823564,0,
2026-04-29,18993,0.20718,0.00442,4.443,7949.0,50029.0,83146.0,104623.0,-1.2873874224495097,0.026822003266772088,0.18784418284589807,-4.932096900146407,-0.14648621814983986,-0.2294937027547697,0,
2026-04-30,20909,0.28245,0.00426,10.138,4820.0,74537.0,111912.0,160354.0,-1.2731349772534313,0.1020404325788955,0.6627159352537568,-4.834502145186171,0.0508050073939863,0.08620786159722033,0,
2026-05-01,20929,0.23301,0.01271,7.018,10178.0,69928.0,93904.0,130938.0,-1.277556517357585,0.028884064637310747,0.20086246447654652,-4.816309805535974,0.5287204738660689,0.850958853322047,0,
2026-05-02,17451,0.18281,0.01496,3.885,14253.0,51281.0,83844.0,93556.0,-1.2987875799552822,0.11357050190605622,0.7355079926902769,-4.8879237407558875,0.5441983248191953,0.875726208004141,0,
2026-05-03,20600,0.21162,0.00777,4.538,7987.0,51219.0,90469.0,112990.0,-1.3290965738940705,-0.13034960974108412,-0.8044174208643098,-5.046274839499395,0.23578391069107685,0.3822074884535827,0,
2026-05-04,20552,0.20461,0.01275,5.708,25817.0,75378.0,88093.0,109831.0,-1.361268866595422,-0.13605266899038337,-0.8404221841193713,-5.256539321673561,-0.2898119714407361,-0.45884077280889096,0,
2026-05-05,18268,0.16016,0.00416,-1.049,5421.0,35383.0,69850.0,52255.0,-1.3934225144787409,-0.0643481192396762,-0.38773438530293575,-5.492246266787116,0.3375730204225862,0.5450884330452894,0,
2026-05-06,18930,0.21569,0.00354,4.371,7272.0,65718.0,75880.0,82106.0,-1.426583335908142,0.16910534406971522,1.0861125992889962,-5.732372447505834,0.3388771466359417,0.5471752703313061,0,
2026-05-07,20576,0.2415,0.00097,5.979,5059.0,59279.0,88936.0,115516.0,-1.4595969410913943,0.07167574025006895,0.47101644366132506,-5.951961440613901,-0.46119638493831516,-0.7330867627032305,0,
2026-05-08,20591,0.18373,0.00097,2.305,3839.0,41307.0,83986.0,87372.0,-1.4918229620827175,-0.01958514060767058,-0.10513510344648812,-6.13328801572243,-0.5855993594548794,-0.9321539718842883,0,
2026-05-09,17488,0.13173,0.00137,-2.559,3916.0,16386.0,58624.0,55351.0,-1.520714248214243,-0.028185049637361903,-0.15942836520194817,-6.259215796049977,-0.27332823010817453,-0.432463811995156,0,
2026-05-10,20597,0.20463,0.02947,9.593,49475.0,74882.0,102228.0,133732.0,-1.5452236384539744,0.07464227930408596,0.4897449070452361,-6.3206927902818,2.588991217964102,4.147763843546517,1,cancellations
2026-05-11,20562,0.18892,0.00637,3.781,4636.0,31810.0,100726.0,108702.0,-1.5616854391704633,-0.05108452835405819,-0.3039981958520991,-6.320433607766725,0.11331692309270025,0.18623820771284,0,
2026-05-12,18314,0.12553,0.00049,-3.704,2050.0,22666.0,60153.0,44632.0,-1.5610281426104153,-0.2172738864074768,-1.353190959009734,-6.256948827846426,-0.7965228682094221,-1.269669649476487,0,
2026-05-13,19067,0.14904,0.00126,-0.507,8125.0,38632.0,60412.0,59957.0,-1.5365196225516813,-0.23359569577663275,-1.4562344057883927,-6.13693819095909,-0.49396197332328917,-0.7855176170483055,0,
2026-05-14,20651,0.20558,0.00213,4.089,2900.0,43341.0,94995.0,106463.0,-1.4873942536509657,-0.052075480014519115,-0.3102543082949936,-5.9745653795197615,0.014789300598462063,0.028576231273834112,0,
2026-05-15,20659,0.18433,0.00315,1.906,4736.0,39283.0,77691.0,94787.0,-1.4182128770774494,-0.08696361557034038,-0.5305113679164912,-5.759919805518274,0.3556408335798755,0.5740001946426577,0,
2026-05-16,17649,0.13949,0.00329,-2.008,5445.0,17622.0,64643.0,52332.0,-1.3364809073423145,-0.16995700594521912,-1.0544682902559483,-5.5227923235030385,0.15038375398623405,0.24555182628053351,0,
2026-05-17,20663,0.24627,0.006,8.351,16986.0,63765.0,111491.0,128251.0,-1.2482774816387603,0.03918673886245605,0.2659056860450336,-5.346087541205393,-0.1771580073031167,-0.27857410047885856,0,
2026-05-18,20641,0.31554,0.01734,21.86,46003.0,125477.0,143761.0,261567.0,-1.163610022657322,0.23040342233596256,1.4731018798646185,-5.234607116677983,0.20585705809969213,0.3343191236609336,0,
2026-05-19,18484,0.28453,0.04945,19.217,81450.0,110174.0,115454.0,152139.0,-1.0951756348780968,0.3089517840608226,1.968996283964316,-5.151309945409117,2.8744635519270556,4.60457109466929,1,cancellations
2026-05-20,19181,0.28045,0.03931,16.424,38556.0,93154.0,150380.0,137007.0,-1.0483053069372936,0.06411731085800987,0.4232982894312731,-5.081744825203867,1.8380140457677698,2.9460648455221476,0,
2026-05-21,20789,0.30102,0.01111,13.977,12837.0,66931.0,144498.0,177295.0,-1.0229595212653402,0.08662264427296229,0.565379787476581,-5.020966481628923,0.46691944861901824,0.7520660602174868,0,
2026-05-22,21005,0.29023,0.00328,13.807,10643.0,83111.0,132843.0,187557.0,-1.022098581081521,0.12084753938061499,0.7814496531248748,-4.9771674500274585,-0.33817869814981716,-0.53623626387826,0,
2026-05-23,18041,0.23082,0.00216,7.197,13121.0,42463.0,92131.0,116083.0,-1.0495180192996072,0.11533869916818862,0.7466710406314582,-4.972970632869374,-0.8631525149596975,-1.3762891083667643,0,
2026-05-24,19269,0.2566,0.01723,12.016,50374.0,78631.0,83012.0,163629.0,-1.098071897409702,-0.05601976291171451,-0.33515550004430916,-5.033737509568211,0.526191958546355,0.8469127725106917,0,
2026-05-25,20946,0.25203,0.01485,11.149,32312.0,80505.0,108947.0,170047.0,-1.157555800107755,-0.1066554430847868,-0.6548305371070036,-5.13123222422385,0.2576627954695603,0.4172176523967825,0,
2026-05-26,19315,0.21273,0.00342,4.799,10592.0,51271.0,91773.0,101614.0,-1.2233917527254583,0.03447911427303674,0.23618533746956075,-5.245023560717316,0.4661975095475004,0.750910827420809,0,
2026-05-27,19476,0.2605,0.00442,9.602,14696.0,87202.0,95695.0,130166.0,-1.288319670864951,0.22639181287942245,1.4477756396064203,-5.372987067192024,-0.27738193264862687,-0.43895046759735434,0,
2026-05-28,20915,0.18996,0.00569,4.107,8523.0,61387.0,81355.0,112391.0,-1.343207315346147,-0.14004381292705892,-0.8656192207053991,-5.523613716815752,0.21035248403766715,0.3415126164132606,0,
2026-05-29,20980,0.19739,0.00296,3.778,12626.0,58967.0,88948.0,99610.0,-1.3870754193317056,-0.039862938805219406,-0.233153644289522,-5.684092416450931,0.18285850182803998,0.29751728327100213,0,
2026-05-30,18254,0.15892,0.00279,-0.182,5081.0,27470.0,72401.0,68895.0,-1.4213694240891683,-0.05215966705185027,-0.3107858009931671,-5.836779432810828,0.08712976408575024,0.1443340275262157,0,
2026-05-31,20892,0.17537,0.00215,1.416,7982.0,30027.0,86990.0,89697.0,-1.4481779573527276,-0.27080340088598454,-1.691135457165504,-5.954405034530347,-0.7649240014814485,-1.21910576033102,0,
2026-06-01,20848,0.21015,0.00211,6.309,19038.0,55752.0,91820.0,130724.0,-1.4590259046113558,-0.011783361658264546,-0.05588062584725892,-5.973827975553616,-0.5059332377432293,-0.8046738004732338,0,
2026-06-02,18943,0.16706,0.01425,3.158,36360.0,50605.0,69679.0,87179.0,-1.4433554527684815,0.07306582729912958,0.4797923923087996,-5.886255582525777,2.7884791288837034,4.466980500917012,1,cancellations
2026-06-03,19311,0.16609,0.00476,0.632,9713.0,42388.0,71322.0,75806.0,-1.403804168370531,-0.18480150147243934,-1.14818510499254,-5.746442846810976,0.10520324677644322,0.17325486140016264,0,
2026-06-04,20913,0.20203,0.00129,3.675,3385.0,43552.0,99089.0,105786.0,-1.352754035260241,-0.052102049945313755,-0.310422050558601,-5.575781559642437,-1.2874847250495653,-2.055297220162138,0,
2026-06-05,20994,0.19402,0.00129,3.587,11064.0,46193.0,97282.0,98351.0,-1.2942218114771913,-0.2259206703030432,-1.4077801528912106,-5.352266481739898,-1.4034306735375788,-2.2408316615294246,0,
2026-06-06,18573,0.21292,0.01325,8.066,35938.0,65107.0,90647.0,105443.0,-1.2319911430206194,0.06692878060407348,0.441047763561009,-5.066290411052549,0.7160563903385562,1.150730126609313,0,
2026-06-07,20805,0.32368,0.02437,17.611,29855.0,98902.0,139168.0,215021.0,-1.1677049839236397,0.19627951216190953,1.2576695560105873,-4.746409356211627,0.5521696799032796,0.8884818146618307,0,
2026-06-08,21031,0.28943,0.01284,17.342,37162.0,118439.0,140139.0,199648.0,-1.1006667309696991,0.07094780434861314,0.4664208119747006,-4.430991941925917,-0.0753974869307461,-0.11573890402105404,0,
2026-06-09,19397,0.18255,0.00242,2.301,10835.0,35043.0,86621.0,88912.0,-1.034239863630093,-0.11095229300908582,-0.6819575679695927,-4.153402887776304,-0.3337604119123654,-0.5291662085675206,0,
2026-06-10,19820,0.26462,0.03607,14.708,35286.0,147465.0,91048.0,145250.0,-0.9824676499020846,0.07539751422826146,0.4945128839254052,-3.951804451168329,0.4343141321439927,0.699891669851248,0,
2026-06-11,21081,0.29293,0.05911,19.709,57034.0,152344.0,133443.0,173623.0,-0.9526556981765426,-0.0033100727331013546,-0.002386746789326788,-3.8516648404947738,1.003796658637977,1.6111664819453964,0,
2026-06-12,21125,0.35094,0.05733,28.334,62881.0,142260.0,192141.0,275221.0,-0.9396518242365589,0.1690907362472992,1.0860203766476435,-3.8191312153384347,0.33096355717169157,0.5345120990898248,0,
2026-06-13,18796,0.25458,0.02187,12.264,12771.0,43156.0,156496.0,151274.0,-0.9270041290503052,-0.04757263198047301,-0.28182676259497835,-3.81168981742153,-0.06753458042257421,-0.10315683465562304,0,
2026-06-14,20867,0.40887,0.04754,28.537,42774.0,156618.0,181546.0,273156.0,-0.9079784623594118,0.30862918054445854,1.9669596115882813,-3.8264453101684937,0.5452250893326727,0.8773692165172282,0,
2026-06-15,21105,0.30002,0.02123,12.893,20352.0,53536.0,146735.0,181209.0,-0.8901669494677144,-0.09627098858670913,-0.5892710173138003,-3.8880506243289625,-0.16831434421940994,-0.2644226436037125,0,
2026-06-16,19518,0.17867,0.0021,1.048,5799.0,34927.0,75146.0,74759.0,-0.8844634818417031,-0.27700390702219446,-1.7302807203894879,-3.999943937942683,-0.6726164573087261,-1.071397031691462,0,
2026-06-17,19889,0.24317,0.01488,11.742,29099.0,94018.0,97193.0,154130.0,-0.8872548634239144,-0.09605983800711437,-0.5879379737143651,-4.114612628599414,-0.07804622860906818,-0.11997736870241837,0,
2026-06-18,21110,0.37598,0.018,24.128,50050.0,142718.0,148580.0,257071.0,-0.8897359030987155,0.3104061311897033,1.978177921709437,-4.197927068487887,0.26243254967157803,0.4248501198772837,0,
2026-06-19,21143,0.36568,0.05751,28.821,72856.0,127329.0,160771.0,319454.0,-0.8882236398722763,0.16241254347462997,1.0438593645941279,-4.262176033987317,0.37031997327334487,0.5974894671726224,0,
2026-06-20,18845,0.28365,0.01083,12.703,23874.0,38781.0,132432.0,176272.0,-0.8892781053558523,0.045693773575564034,0.3069861367464194,-4.334747173185645,-0.16052811785981902,-0.2519632763138301,0,
2026-06-21,20897,0.28366,0.00474,13.124,13375.0,57931.0,139019.0,195617.0,-0.8997940426686911,-0.2120555693991263,-1.3202464882857787,-4.427742173492239,-1.0644440127658221,-1.6983918302337955,0,
2026-06-22,21118,0.3256,0.02841,20.52,32795.0,123818.0,140726.0,237101.0,-0.9271701429046099,0.02391740515311558,0.1695067672831629,-4.5687326631527085,0.7304841276483103,1.1738171099568677,0,
2026-06-23,19591,0.27048,0.00704,10.285,12533.0,72836.0,100418.0,143325.0,-0.968865614024514,0.2978647245490773,1.8990010523762495,-4.742720581349206,0.7015062741411926,1.1274473149568989,0,
2026-06-24,19901,0.24691,0.00613,9.599,20177.0,91334.0,96177.0,129342.0,-1.0146533160549047,0.09377629947788746,0.6105425064319061,-4.9161044885958125,0.3395787281472167,0.5482979273578383,0,
2026-06-25,21108,0.25252,0.00242,7.886,7933.0,56570.0,105082.0,142859.0,-1.0544672206227825,-0.10064061911433875,-0.6168575293562142,-5.059679714117117,-0.694097345888828,-1.1057703298942374,0,
2026-06-26,21150,0.21593,0.00147,5.48,3662.0,38040.0,104170.0,124160.0,-1.0855572348115343,-0.377265871493333,-2.3632582393788426,-5.177500707090652,-2.442901175193275,-3.9041720486443765,0,
2026-06-27,18924,0.24779,0.00359,10.644,30716.0,61110.0,100316.0,151356.0,-1.1128562965495372,0.09090128987838408,0.592391890164178,-5.280322757264708,-0.3526215169610696,-0.5593473803498431,0,
2026-06-28,20615,0.24557,0.00378,8.708,13566.0,48676.0,115637.0,152120.0,-1.1377747648798266,-0.10379068910663358,-0.6367446670049043,-5.350071515315926,-0.3065232034939873,-0.4855817598290591,0,
2026-06-29,20781,0.15995,0.00332,1.468,12343.0,32656.0,92480.0,96748.0,-1.1541084676175182,-0.718464536925258,-4.517326193929527,-5.3325993304876045,-0.779119573360207,-1.2418212370920465,0,
2026-06-30,19377,0.18679,0.00377,4.71,13372.0,36292.0,101389.0,123159.0,-1.1523304663148608,-0.10749315414358662,-0.6601192053514972,-5.187132263341092,-0.04233950612797788,-0.06284016904191714,0,
2026-07-01,19741,0.20934,0.00213,5.595,12948.0,46360.0,98745.0,114289.0,-1.1332799574480934,0.06573547580240047,0.4335141478300057,-4.931188762016461,-0.2983480711418558,-0.47250007276853057,0,
2026-07-02,20855,0.23861,0.00456,9.031,31688.0,54264.0,112348.0,143153.0,-1.104331684446533,-0.11079222720523707,-0.6809470346538966,-4.660238972435609,-0.4245780130519359,-0.6744907594765952,0,
2026-07-03,20393,0.28549,0.0356,20.786,56338.0,141492.0,138006.0,211028.0,-1.0726241628253332,0.01765070278090941,0.12994359154920235,-4.4331110834288,0.3138266463247428,0.5070899491810823,0,
2026-07-04,15402,0.22077,0.03883,13.366,40276.0,90800.0,113273.0,94566.0,-1.0361907673848136,-0.14471423776773662,-0.8951047184599281,-4.238528542982499,1.0439851720399806,1.6754753558703295,0,
2026-07-05,20898,0.32639,0.03991,20.867,51363.0,110880.0,168629.0,202139.0,-1.0011744260327597,0.14612904236034796,0.9410577668980683,-4.087815381424198,0.5999769207077295,0.9649820273180921,0,
2026-07-06,21225,0.34099,0.04641,26.168,57786.0,114861.0,198389.0,272185.0,-0.9695998015440801,0.08476734791375828,0.553666862314647,-3.987192821935168,0.647513655634353,1.0410493817539193,0,
2026-07-07,19654,0.27127,0.02117,11.832,16300.0,67080.0,123793.0,149491.0,-0.9416358502505947,0.1323687891562777,0.8541860306447361,-3.9416456251870255,-0.05950183500194983,-0.0903029923808734,0,
2026-07-08,19918,0.19901,0.00271,4.383,12418.0,48064.0,95523.0,105619.0,-0.9193462169375154,-0.19119845500735855,-1.1885705871540124,-3.980215420721025,-1.0410791029499928,-1.6610037580604493,0,
2026-07-09,21259,0.31913,0.03086,21.829,46189.0,151023.0,139867.0,240331.0,-0.9099133813596035,0.08909918194424826,0.5810147561221986,-4.104276739677719,0.8576141932086849,1.3772481569431196,0,
2026-07-10,21283,0.32178,0.018,18.884,29565.0,96191.0,154697.0,231848.0,-0.9132383686625005,0.029232690733588806,0.2030634235604926,-4.258655377177013,-0.08361969680855541,-0.12889592361835062,0,
2026-07-11,19032,0.26871,0.00825,13.957,14216.0,75139.0,137276.0,163909.0,-0.9180748457363158,0.042359922724671484,0.2859387470268017,-4.387401499612137,0.14936865260348853,0.24392748088136398,0,
2026-07-12,21077,0.30721,0.0157,18.485,46347.0,94438.0,163527.0,214962.0,-0.9113856572216096,0.00596581148794717,0.05617410638807081,-4.480456550902324,0.2610347812722873,0.422613438194956,0,
2026-07-13,21284,0.32779,0.01057,19.718,39037.0,98244.0,153838.0,260030.0,-0.8904360459337535,-0.018020271182836223,-0.09525571228056812,-4.549260130417991,-0.5522138596321575,-0.878731147368633,0,
2026-07-14,19768,0.21793,0.01194,6.405,8280.0,53569.0,101825.0,134263.0,-0.862204859278872,-0.3624259532910563,-2.2695703223783132,-4.595847697678051,-0.6966429018616438,-1.1098436788257386,0,
2026-07-15,20055,0.22645,0.00548,7.697,13523.0,59470.0,110244.0,129665.0,-0.8445226872648365,-0.19368351802948347,-1.2042593783578752,-4.606122761989981,-0.20983766960443528,-0.33086745758372993,0,
2026-07-16,21273,0.32941,0.01015,18.256,30162.0,100873.0,136471.0,235071.0,-0.840241055408885,0.07211691930808983,0.47380171150490996,-4.563457578351588,0.27719402319117226,0.4484711413871387,0,
2026-07-17,21304,0.35897,0.00803,22.906,31179.0,136437.0,148159.0,280356.0,-0.8394568576486454,0.2089559552264998,1.3376989422584893,-4.489635170385025,-0.1372757948318819,-0.2147553633186986,0,
2026-07-18,19031,0.34267,0.09322,29.398,69294.0,142104.0,167234.0,212225.0,-0.8373845171039419,0.36886636877603773,2.3472512422065455,-4.417342320948164,3.2270057860864014,5.1687022896449495,1,cancellations
2026-07-19,21115,0.35701,0.05527,22.643,20166.0,58459.0,218356.0,255192.0,-0.8381008191551412,0.22468508016478905,1.437000631905493,-4.3612938553270055,1.782520494162859,2.8572651485015292,0,
2026-07-20,21294,0.29742,0.01785,15.433,10963.0,67860.0,161899.0,209387.0,-0.8519354323311721,-0.18300943895990707,-1.1368713900754237,-4.332910334927181,-0.5458698773464112,-0.8685796308665141,0,
2026-07-21,19755,0.28754,0.10534,20.117,56802.0,130418.0,128450.0,149024.0,-0.884304609329579,-0.10763162023248085,-0.6609933745528962,-4.334168096360544,0.6450670260541296,1.0371343329029767,0,
2026-07-22,20071,0.28302,0.02656,16.544,14627.0,86471.0,156793.0,191577.0,-0.9274697125651209,0.08992324631076243,0.5862172695674026,-4.352534779808043,0.6299773919468525,1.0129881952324584,0,
2026-07-23,21270,0.28031,0.00658,11.941,7488.0,62325.0,135103.0,172583.0,-0.9632051359213265,-0.030270292343691163,-0.17259299609368473,-4.3895510822920745,-0.20182559777511422,-0.31804669678585407,0,
2026-07-24,21300,0.25449,0.00347,10.424,11718.0,49989.0,130681.0,176402.0,-0.9808584470686995,-0.0494870706521332,-0.2939130671775459,-4.4349718796481925,-0.6138243989132723,-0.9773191285523017,0,
2026-07-25,19024,0.20572,0.00179,5.479,11630.0,34308.0,103351.0,113656.0,-0.9803946424408955,-0.1354236607551763,-0.8364511062111597,-4.4378759854632595,-0.21631510180930746,-0.34123251803903054,0,
2026-07-26,21113,0.2277,0.00317,7.256,12368.0,38409.0,121200.0,142557.0,-0.9843770107990408,-0.1855343800260041,-1.152811940812114,-4.4230627196185335,-0.677064759745595,-1.0785151183380388,0,
2026-07-27,21288,0.32847,0.06647,26.849,54996.0,158931.0,170520.0,258803.0,-0.9884558358538229,0.11202517344577756,0.7257519682599717,-4.400853924657802,0.5610806818232454,0.9027410258270626,0,
2026-07-28,19729,0.35222,0.0956,26.619,47902.0,151488.0,177356.0,191813.0,-0.991088974080645,0.1508983292354359,0.971167404081675,-4.371596140430757,-0.13726756211149027,-0.21474218948038243,0,
2026-07-29,20031,0.2836,0.02117,14.82,15656.0,96712.0,131690.0,177328.0,-0.9921776330074555,0.03825611882749003,0.260030461437559,-4.336284563084165,-0.18649583321811392,-0.29351630706146353,0,
2026-07-30,21243,0.27273,0.00664,11.855,9094.0,77679.0,127642.0,181522.0,-0.9922481435204304,-0.02486843317178855,-0.1384897802371365,-4.295323290369871,-0.09899292916810509,-0.15349586967108753,0,
2026-07-31,21285,0.23334,0.00841,7.171,8289.0,45112.0,127266.0,130554.0,-0.9919058004139427,-0.045960314861884566,-0.2716478229050229,-4.24840067807445,0.4882380643733173,0.7861796926149708,0,
