flight_date,scheduled_flights,arr_delay_rate,cancellation_rate,avg_arr_delay_min,weather_delay_min,nas_delay_min,carrier_delay_min,late_aircraft_delay_min
2025-08-01,21454,0.36941,0.04055,23.289,34706.0,89307.0,192378.0,247583.0
2025-08-02,19026,0.29033,0.01782,15.583,9507.0,73895.0,141968.0,166739.0
2025-08-03,21227,0.28647,0.01272,14.33,20688.0,64070.0,135966.0,193781.0
2025-08-04,21364,0.24675,0.00707,10.759,28826.0,50041.0,114400.0,173813.0
2025-08-05,18973,0.14317,0.00295,0.031,8898.0,21931.0,69272.0,73784.0
2025-08-06,18645,0.18568,0.01051,6.742,8176.0,42250.0,131211.0,90611.0
2025-08-07,21031,0.22717,0.00927,8.572,16934.0,36693.0,117575.0,146499.0
2025-08-08,20723,0.18391,0.00328,5.273,11060.0,39758.0,99959.0,114339.0
2025-08-09,17860,0.23852,0.00342,9.595,13930.0,65267.0,101371.0,116002.0
2025-08-10,20939,0.31187,0.00745,16.337,19029.0,96338.0,136372.0,198217.0
2025-08-11,20587,0.201,0.00253,7.084,13624.0,36857.0,115136.0,130031.0
2025-08-12,18297,0.20421,0.01082,9.159,33054.0,74537.0,90553.0,110361.0
2025-08-13,18364,0.24275,0.03752,13.571,29781.0,116143.0,100624.0,112061.0
2025-08-14,20817,0.26559,0.00677,14.572,20564.0,97534.0,127800.0,178598.0
2025-08-15,20470,0.24788,0.00254,11.812,22844.0,63480.0,134147.0,157841.0
2025-08-16,17552,0.22098,0.01715,9.687,37439.0,63197.0,101532.0,100260.0
2025-08-17,20699,0.28,0.02097,16.992,52191.0,92970.0,141822.0,174883.0
2025-08-18,20396,0.27373,0.03368,16.085,54178.0,96312.0,133728.0,151613.0
2025-08-19,17886,0.19902,0.00827,5.48,22893.0,36936.0,87786.0,94125.0
2025-08-20,18016,0.23213,0.0101,13.032,45545.0,74966.0,87867.0,157233.0
2025-08-21,20618,0.23491,0.00141,8.306,11352.0,73409.0,96670.0,129319.0
2025-08-22,20367,0.23617,0.00133,8.616,20205.0,67117.0,91282.0,142603.0
2025-08-23,16892,0.19699,0.00148,5.467,10703.0,53053.0,74162.0,94382.0
2025-08-24,20592,0.21026,0.00194,5.817,5812.0,45726.0,95891.0,117662.0
2025-08-25,19953,0.17796,0.00246,3.357,9985.0,43434.0,80976.0,95474.0
2025-08-26,17280,0.11303,0.00255,-2.399,11293.0,27346.0,58755.0,46870.0
2025-08-27,17749,0.12888,0.00051,-2.168,5066.0,37404.0,53084.0,41601.0
2025-08-28,20215,0.20171,0.01628,7.568,34485.0,70333.0,81738.0,110705.0
2025-08-29,20329,0.22717,0.00762,7.488,8530.0,53771.0,101849.0,113960.0
2025-08-30,16343,0.18837,0.02331,9.18,50774.0,52769.0,76132.0,110226.0
2025-08-31,17714,0.16368,0.00841,2.414,13980.0,30519.0,82353.0,85695.0
2025-09-01,20157,0.17831,0.00466,3.808,10819.0,36020.0,81515.0,122031.0
2025-09-02,17469,0.13825,0.00155,-0.856,7442.0,25728.0,59775.0,54376.0
2025-09-03,17098,0.09496,0.00047,-5.203,4763.0,17006.0,46335.0,27791.0
2025-09-04,19130,0.18834,0.01035,6.192,28406.0,94979.0,70172.0,86929.0
2025-09-05,19427,0.19378,0.00417,3.928,13590.0,55544.0,77352.0,87075.0
2025-09-06,15908,0.18367,0.01748,8.036,34261.0,79494.0,69463.0,80392.0
2025-09-07,19930,0.19644,0.00346,5.269,8530.0,48223.0,91029.0,109018.0
2025-09-08,19687,0.14286,0.00264,0.645,17914.0,31570.0,70484.0,70707.0
2025-09-09,17116,0.12004,0.00041,-4.562,4962.0,31310.0,42969.0,35054.0
2025-09-10,17393,0.11336,0.00057,-4.01,5512.0,24915.0,45955.0,37037.0
2025-09-11,20347,0.19188,0.00054,3.919,15610.0,54241.0,81412.0,91038.0
2025-09-12,20020,0.17218,0.00115,1.562,8997.0,42940.0,72250.0,74060.0
2025-09-13,16194,0.16882,0.00939,3.598,31382.0,46374.0,52333.0,89756.0
2025-09-14,20333,0.15177,0.0003,0.176,4171.0,31019.0,68349.0,68637.0
2025-09-15,20105,0.13321,0.00035,-1.224,1977.0,30196.0,64315.0,62689.0
2025-09-16,17418,0.13596,0.00029,-1.992,3987.0,37981.0,53966.0,43910.0
2025-09-17,17723,0.17347,0.00621,2.731,7508.0,58999.0,59834.0,69520.0
2025-09-18,20372,0.22611,0.00236,8.097,9145.0,73460.0,90168.0,134543.0
2025-09-19,20030,0.19436,0.02736,7.297,4920.0,89989.0,84761.0,115998.0
2025-09-20,16218,0.14789,0.01011,0.468,3456.0,40732.0,66493.0,48788.0
2025-09-21,20327,0.22178,0.00364,7.879,30686.0,53329.0,98783.0,112123.0
2025-09-22,20106,0.21178,0.00358,6.373,16470.0,59471.0,88567.0,109625.0
2025-09-23,17381,0.15591,0.00138,-0.524,7025.0,39060.0,58277.0,39088.0
2025-09-24,17693,0.20207,0.00876,6.178,9307.0,50636.0,93633.0,104311.0
2025-09-25,20379,0.23847,0.00923,10.757,8077.0,102115.0,99662.0,131651.0
2025-09-26,20077,0.19711,0.01818,9.88,36262.0,59810.0,112525.0,138210.0
2025-09-27,16326,0.10808,0.00429,-4.826,3250.0,10110.0,52796.0,37045.0
2025-09-28,20386,0.14638,0.00069,-0.467,2996.0,33043.0,70589.0,61678.0
2025-09-29,20175,0.14103,0.00084,-1.041,3570.0,38379.0,66697.0,58696.0
2025-09-30,17514,0.07369,0.00051,-7.25,842.0,9882.0,44830.0,26000.0
2025-10-01,17920,0.10245,0.00061,-4.792,4463.0,27551.0,52022.0,30995.0
2025-10-02,20814,0.1211,0.00106,-1.942,2009.0,18711.0,74073.0,61547.0
2025-10-03,20460,0.15296,0.00059,-0.459,3135.0,33972.0,66615.0,63939.0
2025-10-04,16689,0.10768,0.00018,-4.418,3421.0,22240.0,50398.0,35003.0
2025-10-05,20687,0.16246,0.00087,1.404,2616.0,25659.0,85334.0,73823.0
2025-10-06,20925,0.2114,0.00139,6.101,7243.0,76617.0,93237.0,110402.0
2025-10-07,18494,0.14249,0.00146,-0.633,4098.0,38760.0,61722.0,51354.0
2025-10-08,18767,0.15337,0.00064,0.319,2090.0,42452.0,58070.0,54698.0
2025-10-09,21068,0.23585,0.00071,6.92,4394.0,62954.0,91421.0,119550.0
2025-10-10,21040,0.26596,0.00138,11.42,8433.0,77752.0,121375.0,154002.0
2025-10-11,17302,0.17483,0.00243,2.792,5986.0,38367.0,78087.0,65123.0
2025-10-12,20963,0.27713,0.00448,11.846,10778.0,89608.0,118580.0,155686.0
2025-10-13,21028,0.29066,0.01355,15.991,8860.0,134372.0,106452.0,209583.0
2025-10-14,18524,0.21989,0.00335,7.724,3736.0,80415.0,82508.0,111695.0
2025-10-15,18781,0.15317,0.00117,-0.646,2617.0,29355.0,63388.0,56072.0
2025-10-16,21063,0.1815,0.00071,2.751,3705.0,35904.0,84138.0,84194.0
2025-10-17,21032,0.13862,0.0009,-0.55,1884.0,21972.0,74373.0,67200.0
2025-10-18,17272,0.24135,0.01673,11.496,40597.0,78562.0,83617.0,121630.0
2025-10-19,20961,0.27246,0.00315,11.192,8105.0,70663.0,120819.0,143739.0
2025-10-20,21010,0.2434,0.00133,8.736,4632.0,53304.0,116481.0,128277.0
2025-10-21,18502,0.13571,0.00081,-1.294,4433.0,25661.0,60512.0,50863.0
2025-10-22,18736,0.15724,0.00128,0.433,2189.0,31443.0,60647.0,64694.0
2025-10-23,21013,0.20634,0.00885,6.093,3248.0,50135.0,110894.0,95377.0
2025-10-24,20773,0.23507,0.01796,8.613,20381.0,63045.0,96957.0,111774.0
2025-10-25,17116,0.21068,0.00666,5.926,20969.0,51426.0,71690.0,86180.0
2025-10-26,20832,0.32729,0.00398,17.805,15726.0,96123.0,135768.0,223814.0
2025-10-27,20889,0.27019,0.00254,13.78,19365.0,85634.0,112331.0,186736.0
2025-10-28,17773,0.18114,0.0018,1.999,5126.0,46335.0,61270.0,62981.0
2025-10-29,18095,0.16184,0.00199,0.119,1400.0,39448.0,54304.0,53969.0
2025-10-30,20224,0.26614,0.04208,18.316,31245.0,150009.0,116497.0,171510.0
2025-10-31,17091,0.24764,0.01972,11.319,3031.0,96928.0,99526.0,107183.0
2025-11-01,16369,0.17789,0.00446,2.133,2836.0,37213.0,75860.0,58413.0
2025-11-02,20032,0.21979,0.00524,5.203,6801.0,78201.0,78306.0,105899.0
2025-11-03,19351,0.16724,0.00124,1.256,4589.0,39649.0,73094.0,79234.0
2025-11-04,17584,0.17049,0.00421,1.165,2353.0,70031.0,49696.0,74431.0
2025-11-05,17823,0.15654,0.0055,2.678,1557.0,79338.0,59937.0,71060.0
2025-11-06,20179,0.26975,0.0057,11.67,6140.0,116371.0,89020.0,148663.0
2025-11-07,19836,0.24545,0.03952,8.084,4293.0,87705.0,82474.0,101513.0
2025-11-08,16698,0.33253,0.07492,24.193,10718.0,212353.0,97895.0,138889.0
2025-11-09,20442,0.45142,0.12132,39.72,35900.0,296575.0,167128.0,287748.0
2025-11-10,20224,0.39915,0.0978,26.151,16336.0,198220.0,138816.0,218599.0
2025-11-11,17867,0.15706,0.05272,0.739,4882.0,44277.0,69838.0,68290.0
2025-11-12,17846,0.09102,0.03659,-6.517,1775.0,21840.0,46625.0,32028.0
2025-11-13,20490,0.13967,0.03797,-1.516,2910.0,51392.0,61172.0,59397.0
2025-11-14,20159,0.11797,0.02307,-4.517,2736.0,23044.0,57841.0,40779.0
2025-11-15,16675,0.08622,0.01373,-7.796,1545.0,12503.0,48003.0,26246.0
2025-11-16,20421,0.16208,0.00372,1.467,4760.0,56322.0,78236.0,85018.0
2025-11-17,19671,0.16075,0.00188,0.837,3982.0,60670.0,69909.0,80965.0
2025-11-18,17823,0.13521,0.00056,-2.861,3295.0,34824.0,52531.0,52532.0
2025-11-19,18029,0.10839,0.00072,-5.299,8273.0,24836.0,39955.0,35699.0
2025-11-20,19975,0.21715,0.03905,10.666,48829.0,77064.0,90124.0,139786.0
2025-11-21,20764,0.20542,0.01108,6.303,17691.0,37194.0,97867.0,140069.0
2025-11-22,18828,0.12588,0.00212,-2.792,3790.0,15408.0,60610.0,59650.0
2025-11-23,20588,0.15068,0.00175,-1.133,7172.0,29015.0,64779.0,77105.0
2025-11-24,20177,0.21825,0.01056,8.422,32616.0,63619.0,85944.0,152524.0
2025-11-25,20739,0.17919,0.00222,2.695,11090.0,34223.0,80666.0,89701.0
2025-11-26,20783,0.22071,0.00298,8.294,18833.0,87311.0,83861.0,132510.0
2025-11-27,11001,0.07455,0.00145,-8.25,2094.0,6968.0,32755.0,13057.0
2025-11-28,18380,0.15557,0.00343,2.05,8157.0,31486.0,95359.0,71447.0
2025-11-29,20216,0.33055,0.08375,24.089,64947.0,144435.0,142307.0,202853.0
2025-11-30,21576,0.46889,0.03852,36.972,43999.0,162820.0,260937.0,364237.0
2025-12-01,21089,0.34603,0.02257,23.552,39870.0,102937.0,200093.0,232620.0
2025-12-02,17989,0.34164,0.00851,19.576,28860.0,86633.0,143533.0,179278.0
2025-12-03,17751,0.27657,0.0031,11.776,26301.0,88343.0,96708.0,121275.0
2025-12-04,19442,0.26037,0.00139,10.198,11708.0,63658.0,122751.0,117776.0
2025-12-05,19238,0.28966,0.01539,14.472,23444.0,74797.0,133032.0,155526.0
2025-12-06,16339,0.18663,0.00802,3.848,10328.0,29653.0,88976.0,69930.0
2025-12-07,19972,0.41196,0.03555,39.312,83004.0,207796.0,202908.0,351302.0
2025-12-08,19236,0.24153,0.01825,10.907,17081.0,42591.0,149428.0,126433.0
2025-12-09,17408,0.16676,0.00287,2.16,11223.0,32435.0,93060.0,59612.0
2025-12-10,17607,0.20547,0.00392,5.211,15983.0,45018.0,86785.0,76917.0
2025-12-11,19478,0.26525,0.00288,11.322,11935.0,98731.0,114005.0,129877.0
2025-12-12,19786,0.21801,0.00253,6.343,17557.0,46482.0,102010.0,102846.0
2025-12-13,16374,0.19672,0.00678,5.973,25986.0,37609.0,89562.0,78519.0
2025-12-14,19989,0.38853,0.05018,34.299,77118.0,155724.0,187432.0,323152.0
2025-12-15,19236,0.20766,0.01196,6.467,10684.0,28567.0,110588.0,121690.0
2025-12-16,17424,0.10554,0.00264,-4.571,4245.0,14861.0,58792.0,37519.0
2025-12-17,17676,0.16847,0.00464,1.471,11014.0,37926.0,64182.0,63308.0
2025-12-18,19930,0.24843,0.00692,9.337,15103.0,55924.0,104574.0,133477.0
2025-12-19,20391,0.40602,0.02756,30.261,29903.0,135557.0,189652.0,331042.0
2025-12-20,19169,0.29191,0.01231,12.576,6808.0,49225.0,138986.0,154954.0
2025-12-21,20045,0.23838,0.01177,9.679,6504.0,58647.0,127462.0,145501.0
2025-12-22,20087,0.18631,0.00468,2.826,4069.0,27769.0,88054.0,108489.0
2025-12-23,19860,0.23069,0.00468,6.895,9325.0,65584.0,101867.0,120696.0
2025-12-24,15596,0.16088,0.00539,-0.229,13449.0,29770.0,69107.0,62897.0
2025-12-25,15437,0.12325,0.00589,-3.74,12433.0,37179.0,48280.0,43241.0
2025-12-26,20028,0.31553,0.06002,18.496,38339.0,129176.0,119176.0,186578.0
2025-12-27,19153,0.38354,0.04083,23.746,25352.0,103777.0,158994.0,241074.0
2025-12-28,19999,0.40324,0.033,28.51,42762.0,110042.0,193597.0,288535.0
2025-12-29,20079,0.38268,0.03048,25.712,46510.0,87836.0,181928.0,271611.0
2025-12-30,19961,0.30566,0.00937,17.266,31499.0,66870.0,166503.0,184738.0
2025-12-31,16534,0.23785,0.00768,7.707,22194.0,43582.0,95961.0,96022.0
2026-01-01,17387,0.28495,0.01001,13.508,14166.0,64262.0,127596.0,148989.0
2026-01-02,19992,0.24261,0.0104,8.854,11421.0,61015.0,127167.0,119427.0
2026-01-03,19113,0.30629,0.03741,16.126,12388.0,104862.0,137771.0,155620.0
2026-01-04,20018,0.31389,0.01604,15.526,13471.0,76788.0,145153.0,188830.0
2026-01-05,19469,0.26873,0.00945,12.587,16260.0,80876.0,135708.0,162034.0
2026-01-06,16597,0.12312,0.00374,-3.206,10461.0,15861.0,66888.0,46160.0
2026-01-07,16470,0.09421,0.00285,-7.06,5069.0,12703.0,49071.0,32485.0
2026-01-08,18053,0.17995,0.00238,0.514,10687.0,44522.0,77135.0,66898.0
2026-01-09,18085,0.13812,0.0021,-1.58,5536.0,22069.0,72244.0,64226.0
2026-01-10,15448,0.16991,0.0022,0.126,9578.0,30252.0,67056.0,51832.0
2026-01-11,18517,0.16262,0.00286,0.732,9720.0,29645.0,77935.0,76821.0
2026-01-12,17857,0.08972,0.00134,-7.843,3985.0,10305.0,52257.0,37882.0
2026-01-13,16049,0.06674,0.00156,-11.562,2826.0,9004.0,37621.0,18815.0
2026-01-14,16287,0.17548,0.01013,1.935,38976.0,53152.0,56743.0,72333.0
2026-01-15,18721,0.16959,0.00625,1.494,19152.0,35337.0,85393.0,76538.0
2026-01-16,18709,0.21235,0.00615,5.443,27564.0,44684.0,97671.0,90409.0
2026-01-17,15214,0.18614,0.00329,1.804,15724.0,34714.0,70472.0,57049.0
2026-01-18,17282,0.27585,0.01429,11.545,28487.0,95674.0,100324.0,111074.0
2026-01-19,18876,0.2488,0.00583,10.814,35793.0,53395.0,120251.0,124801.0
2026-01-20,16266,0.14363,0.00246,-0.678,13175.0,30057.0,70113.0,42565.0
2026-01-21,16429,0.11852,0.00201,-2.693,10587.0,22509.0,64392.0,42977.0
2026-01-22,18193,0.12521,0.00181,-2.061,9445.0,19544.0,73748.0,46613.0
2026-01-23,18226,0.1957,0.02496,5.261,24889.0,33749.0,100193.0,88446.0
2026-01-24,15463,0.23929,0.21063,9.234,35020.0,37192.0,85473.0,59600.0
2026-01-25,18675,0.4321,0.46485,38.059,98976.0,109378.0,115646.0,110143.0
2026-01-26,18042,0.41502,0.2712,44.078,144163.0,113809.0,189825.0,196486.0
2026-01-27,16191,0.32012,0.1386,24.017,67047.0,45401.0,177419.0,136707.0
2026-01-28,16411,0.22786,0.04899,10.483,17476.0,28158.0,148953.0,94917.0
2026-01-29,18217,0.20506,0.00582,6.059,7614.0,33943.0,104509.0,112867.0
2026-01-30,18247,0.2243,0.02937,12.494,35120.0,81715.0,108964.0,142303.0
2026-01-31,15495,0.20973,0.11752,5.839,22132.0,31233.0,87487.0,66172.0
2026-02-01,18727,0.24672,0.05356,8.81,25720.0,40706.0,127033.0,107094.0
2026-02-02,18088,0.22967,0.00907,7.925,24455.0,44102.0,110792.0,126059.0
2026-02-03,16358,0.10446,0.00214,-6.014,9152.0,14584.0,57279.0,35195.0
2026-02-04,16148,0.09838,0.00068,-8.496,1308.0,15567.0,38755.0,25116.0
2026-02-05,18831,0.17756,0.00212,-1.345,9955.0,36291.0,72283.0,57870.0
2026-02-06,18906,0.17417,0.00487,1.209,18151.0,43714.0,83636.0,69119.0
2026-02-07,15579,0.17969,0.00706,2.919,10714.0,46656.0,75105.0,72141.0
2026-02-08,17681,0.14846,0.006,-1.453,5999.0,24751.0,72990.0,59738.0
2026-02-09,18728,0.1332,0.00235,-2.952,2990.0,14925.0,77874.0,60000.0
2026-02-10,16469,0.0897,0.00085,-8.12,3411.0,15487.0,44548.0,27871.0
2026-02-11,16780,0.11588,0.00221,-4.618,4653.0,25373.0,52561.0,36315.0
2026-02-12,20029,0.17256,0.00125,1.204,6543.0,33782.0,86377.0,74808.0
2026-02-13,20229,0.18179,0.00331,3.372,7310.0,33597.0,102609.0,91902.0
2026-02-14,17353,0.18764,0.0238,4.779,24257.0,39511.0,83780.0,93899.0
2026-02-15,19274,0.22926,0.01385,11.104,21309.0,104265.0,123397.0,125178.0
2026-02-16,20060,0.27104,0.01157,10.951,15219.0,60338.0,123576.0,166763.0
2026-02-17,18076,0.23763,0.01372,11.569,22376.0,103748.0,96519.0,143354.0
2026-02-18,17833,0.22149,0.01239,8.242,38563.0,56806.0,101272.0,99866.0
2026-02-19,19867,0.25048,0.00629,8.922,16113.0,56739.0,119220.0,124693.0
2026-02-20,20199,0.30123,0.00946,14.229,25226.0,77429.0,132572.0,174286.0
2026-02-21,17331,0.2324,0.00935,7.21,11708.0,54068.0,101236.0,95642.0
2026-02-22,20022,0.3256,0.11817,17.249,37296.0,61342.0,177705.0,126075.0
2026-02-23,19732,0.17343,0.19684,4.156,19400.0,24140.0,99239.0,69709.0
2026-02-24,17387,0.20201,0.08403,5.853,15333.0,46958.0,96732.0,80433.0
2026-02-25,17762,0.25161,0.00777,10.384,16847.0,75728.0,103723.0,135898.0
2026-02-26,20121,0.18816,0.00199,3.048,5509.0,32210.0,93192.0,94668.0
2026-02-27,20179,0.19848,0.00228,4.712,5354.0,57829.0,88344.0,121739.0
2026-02-28,17287,0.15881,0.00359,-0.414,5901.0,31502.0,84224.0,59962.0
2026-03-01,20032,0.18613,0.00564,2.397,7870.0,30430.0,96623.0,96529.0
2026-03-02,19682,0.15591,0.00671,-0.174,14376.0,34611.0,76427.0,80997.0
2026-03-03,17366,0.13204,0.00369,-3.74,4426.0,34061.0,54338.0,47128.0
2026-03-04,17746,0.12556,0.00541,-2.409,25644.0,29629.0,53259.0,47110.0
2026-03-05,20337,0.20906,0.01711,5.307,21525.0,55708.0,94439.0,104221.0
2026-03-06,20456,0.37815,0.05461,33.495,81046.0,204807.0,172583.0,309692.0
2026-03-07,17943,0.41252,0.06025,29.976,55784.0,114344.0,186023.0,234633.0
2026-03-08,20450,0.29967,0.02499,15.851,6750.0,43995.0,192735.0,200525.0
2026-03-09,20622,0.17528,0.00582,3.282,10769.0,29239.0,108203.0,114176.0
2026-03-10,18751,0.14524,0.02405,0.368,25266.0,46038.0,88293.0,53893.0
2026-03-11,19290,0.30252,0.02234,15.776,39496.0,115535.0,105980.0,159031.0
2026-03-12,20738,0.35475,0.02266,20.125,19697.0,124349.0,132324.0,233394.0
2026-03-13,20736,0.34671,0.04403,26.003,59351.0,158007.0,157777.0,250976.0
2026-03-14,18530,0.3065,0.03826,15.971,15814.0,65891.0,142094.0,175639.0
2026-03-15,20536,0.38367,0.14068,33.968,67271.0,228297.0,165093.0,226380.0
2026-03-16,20677,0.5543,0.19572,59.884,103790.0,242108.0,293986.0,403295.0
2026-03-17,18873,0.38801,0.05638,27.643,15999.0,66206.0,264110.0,246288.0
2026-03-18,19414,0.27943,0.0153,11.569,9305.0,48536.0,170455.0,133196.0
2026-03-19,20795,0.17278,0.00404,1.43,6019.0,22571.0,113139.0,84548.0
2026-03-20,20790,0.20589,0.00539,4.185,5437.0,43208.0,112195.0,111117.0
2026-03-21,18618,0.18578,0.00763,2.09,4390.0,37377.0,91495.0,96587.0
2026-03-22,20594,0.2549,0.00859,8.728,5502.0,62492.0,122713.0,138182.0
2026-03-23,20734,0.21442,0.02807,6.17,5973.0,46471.0,109296.0,124197.0
2026-03-24,18887,0.14042,0.0144,-1.846,1165.0,34958.0,69523.0,67816.0
2026-03-25,19364,0.12639,0.01332,-3.941,1981.0,31201.0,61748.0,50801.0
2026-03-26,20795,0.22098,0.01553,7.847,18233.0,101933.0,95438.0,124200.0
2026-03-27,20790,0.22367,0.01236,6.671,3526.0,65110.0,109230.0,128963.0
2026-03-28,18577,0.18271,0.00404,1.785,3302.0,30401.0,87163.0,85247.0
2026-03-29,20496,0.18394,0.00732,2.401,3457.0,43446.0,94574.0,101085.0
2026-03-30,20674,0.16101,0.00774,-0.282,9085.0,41580.0,70985.0,78318.0
2026-03-31,18805,0.21017,0.01707,9.142,17180.0,130468.0,86071.0,116658.0
2026-04-01,19280,0.20568,0.00861,5.404,17860.0,74760.0,83262.0,82547.0
2026-04-02,20793,0.29096,0.04319,18.53,43334.0,134910.0,132866.0,187905.0
2026-04-03,20791,0.2213,0.02237,6.873,16491.0,48677.0,105990.0,125399.0
2026-04-04,18506,0.23486,0.02037,8.485,25775.0,58516.0,89482.0,142120.0
2026-04-05,20579,0.2056,0.01317,6.305,5216.0,64138.0,101081.0,141717.0
2026-04-06,20757,0.2109,0.00737,5.346,5933.0,60171.0,90221.0,124725.0
2026-04-07,18663,0.16874,0.00375,1.129,4387.0,45536.0,72759.0,75878.0
2026-04-08,19267,0.14179,0.0013,-1.759,2168.0,29598.0,65300.0,63915.0
2026-04-09,20948,0.16578,0.00477,0.503,3656.0,28593.0,80046.0,79399.0
2026-04-10,20952,0.17886,0.00377,1.351,4918.0,33023.0,79472.0,81506.0
2026-04-11,18156,0.13868,0.00573,-2.268,2572.0,32794.0,59618.0,54262.0
2026-04-12,20949,0.24247,0.00678,6.693,8328.0,47895.0,108785.0,126338.0
2026-04-13,21066,0.20034,0.00584,4.49,9836.0,66141.0,89732.0,103660.0
2026-04-14,18598,0.18421,0.00715,4.372,33805.0,64808.0,69881.0,95325.0
2026-04-15,19024,0.17222,0.00862,2.326,15436.0,48335.0,81815.0,70969.0
2026-04-16,20972,0.22816,0.00601,8.249,15264.0,70538.0,106658.0,144262.0
2026-04-17,20972,0.27307,0.02117,12.849,34839.0,99305.0,117804.0,153033.0
2026-04-18,17825,0.18733,0.00393,2.857,17349.0,38462.0,69373.0,99659.0
2026-04-19,21006,0.23344,0.001,7.358,3667.0,54664.0,108833.0,137528.0
2026-04-20,21005,0.1755,0.00495,3.288,2143.0,62269.0,83537.0,106799.0
2026-04-21,18484,0.11997,0.00108,-4.175,2206.0,20212.0,63974.0,46504.0
2026-04-22,19097,0.1386,0.00089,-2.152,3622.0,26384.0,67726.0,56106.0
2026-04-23,20990,0.19007,0.00076,1.789,4938.0,53802.0,78005.0,84359.0
2026-04-24,20990,0.18043,0.00157,2.264,6369.0,36598.0,88940.0,94196.0
2026-04-25,17898,0.1247,0.00369,-2.962,12508.0,24472.0,62668.0,47219.0
2026-04-26,21034,0.2239,0.00261,6.079,10892.0,42612.0,101100.0,121939.0
2026-04-27,20979,0.27392,0.02431,15.41,42729.0,121589.0,113241.0,178568.0
2026-04-28,18435,0.22574,0.02582,7.265,25733.0,58129.0,89892.0,119312.0
2026-04-29,18993,0.20718,0.00442,4.443,7949.0,50029.0,83146.0,104623.0
2026-04-30,20909,0.28245,0.00426,10.138,4820.0,74537.0,111912.0,160354.0
2026-05-01,20929,0.23301,0.01271,7.018,10178.0,69928.0,93904.0,130938.0
2026-05-02,17451,0.18281,0.01496,3.885,14253.0,51281.0,83844.0,93556.0
2026-05-03,20600,0.21162,0.00777,4.538,7987.0,51219.0,90469.0,112990.0
2026-05-04,20552,0.20461,0.01275,5.708,25817.0,75378.0,88093.0,109831.0
2026-05-05,18268,0.16016,0.00416,-1.049,5421.0,35383.0,69850.0,52255.0
2026-05-06,18930,0.21569,0.00354,4.371,7272.0,65718.0,75880.0,82106.0
2026-05-07,20576,0.2415,0.00097,5.979,5059.0,59279.0,88936.0,115516.0
2026-05-08,20591,0.18373,0.00097,2.305,3839.0,41307.0,83986.0,87372.0
2026-05-09,17488,0.13173,0.00137,-2.559,3916.0,16386.0,58624.0,55351.0
2026-05-10,20597,0.20463,0.02947,9.593,49475.0,74882.0,102228.0,133732.0
2026-05-11,20562,0.18892,0.00637,3.781,4636.0,31810.0,100726.0,108702.0
2026-05-12,18314,0.12553,0.00049,-3.704,2050.0,22666.0,60153.0,44632.0
2026-05-13,19067,0.14904,0.00126,-0.507,8125.0,38632.0,60412.0,59957.0
2026-05-14,20651,0.20558,0.00213,4.089,2900.0,43341.0,94995.0,106463.0
2026-05-15,20659,0.18433,0.00315,1.906,4736.0,39283.0,77691.0,94787.0
2026-05-16,17649,0.13949,0.00329,-2.008,5445.0,17622.0,64643.0,52332.0
2026-05-17,20663,0.24627,0.006,8.351,16986.0,63765.0,111491.0,128251.0
2026-05-18,20641,0.31554,0.01734,21.86,46003.0,125477.0,143761.0,261567.0
2026-05-19,18484,0.28453,0.04945,19.217,81450.0,110174.0,115454.0,152139.0
2026-05-20,19181,0.28045,0.03931,16.424,38556.0,93154.0,150380.0,137007.0
2026-05-21,20789,0.30102,0.01111,13.977,12837.0,66931.0,144498.0,177295.0
2026-05-22,21005,0.29023,0.00328,13.807,10643.0,83111.0,132843.0,187557.0
2026-05-23,18041,0.23082,0.00216,7.197,13121.0,42463.0,92131.0,116083.0
2026-05-24,19269,0.2566,0.01723,12.016,50374.0,78631.0,83012.0,163629.0
2026-05-25,20946,0.25203,0.01485,11.149,32312.0,80505.0,108947.0,170047.0
2026-05-26,19315,0.21273,0.00342,4.799,10592.0,51271.0,91773.0,101614.0
2026-05-27,19476,0.2605,0.00442,9.602,14696.0,87202.0,95695.0,130166.0
2026-05-28,20915,0.18996,0.00569,4.107,8523.0,61387.0,81355.0,112391.0
2026-05-29,20980,0.19739,0.00296,3.778,12626.0,58967.0,88948.0,99610.0
2026-05-30,18254,0.15892,0.00279,-0.182,5081.0,27470.0,72401.0,68895.0
2026-05-31,20892,0.17537,0.00215,1.416,7982.0,30027.0,86990.0,89697.0
2026-06-01,20848,0.21015,0.00211,6.309,19038.0,55752.0,91820.0,130724.0
2026-06-02,18943,0.16706,0.01425,3.158,36360.0,50605.0,69679.0,87179.0
2026-06-03,19311,0.16609,0.00476,0.632,9713.0,42388.0,71322.0,75806.0
2026-06-04,20913,0.20203,0.00129,3.675,3385.0,43552.0,99089.0,105786.0
2026-06-05,20994,0.19402,0.00129,3.587,11064.0,46193.0,97282.0,98351.0
2026-06-06,18573,0.21292,0.01325,8.066,35938.0,65107.0,90647.0,105443.0
2026-06-07,20805,0.32368,0.02437,17.611,29855.0,98902.0,139168.0,215021.0
2026-06-08,21031,0.28943,0.01284,17.342,37162.0,118439.0,140139.0,199648.0
2026-06-09,19397,0.18255,0.00242,2.301,10835.0,35043.0,86621.0,88912.0
2026-06-10,19820,0.26462,0.03607,14.708,35286.0,147465.0,91048.0,145250.0
2026-06-11,21081,0.29293,0.05911,19.709,57034.0,152344.0,133443.0,173623.0
2026-06-12,21125,0.35094,0.05733,28.334,62881.0,142260.0,192141.0,275221.0
2026-06-13,18796,0.25458,0.02187,12.264,12771.0,43156.0,156496.0,151274.0
2026-06-14,20867,0.40887,0.04754,28.537,42774.0,156618.0,181546.0,273156.0
2026-06-15,21105,0.30002,0.02123,12.893,20352.0,53536.0,146735.0,181209.0
2026-06-16,19518,0.17867,0.0021,1.048,5799.0,34927.0,75146.0,74759.0
2026-06-17,19889,0.24317,0.01488,11.742,29099.0,94018.0,97193.0,154130.0
2026-06-18,21110,0.37598,0.018,24.128,50050.0,142718.0,148580.0,257071.0
2026-06-19,21143,0.36568,0.05751,28.821,72856.0,127329.0,160771.0,319454.0
2026-06-20,18845,0.28365,0.01083,12.703,23874.0,38781.0,132432.0,176272.0
2026-06-21,20897,0.28366,0.00474,13.124,13375.0,57931.0,139019.0,195617.0
2026-06-22,21118,0.3256,0.02841,20.52,32795.0,123818.0,140726.0,237101.0
2026-06-23,19591,0.27048,0.00704,10.285,12533.0,72836.0,100418.0,143325.0
2026-06-24,19901,0.24691,0.00613,9.599,20177.0,91334.0,96177.0,129342.0
2026-06-25,21108,0.25252,0.00242,7.886,7933.0,56570.0,105082.0,142859.0
2026-06-26,21150,0.21593,0.00147,5.48,3662.0,38040.0,104170.0,124160.0
2026-06-27,18924,0.24779,0.00359,10.644,30716.0,61110.0,100316.0,151356.0
2026-06-28,20615,0.24557,0.00378,8.708,13566.0,48676.0,115637.0,152120.0
2026-06-29,20781,0.15995,0.00332,1.468,12343.0,32656.0,92480.0,96748.0
2026-06-30,19377,0.18679,0.00377,4.71,13372.0,36292.0,101389.0,123159.0
2026-07-01,19741,0.20934,0.00213,5.595,12948.0,46360.0,98745.0,114289.0
2026-07-02,20855,0.23861,0.00456,9.031,31688.0,54264.0,112348.0,143153.0
2026-07-03,20393,0.28549,0.0356,20.786,56338.0,141492.0,138006.0,211028.0
2026-07-04,15402,0.22077,0.03883,13.366,40276.0,90800.0,113273.0,94566.0
2026-07-05,20898,0.32639,0.03991,20.867,51363.0,110880.0,168629.0,202139.0
2026-07-06,21225,0.34099,0.04641,26.168,57786.0,114861.0,198389.0,272185.0
2026-07-07,19654,0.27127,0.02117,11.832,16300.0,67080.0,123793.0,149491.0
2026-07-08,19918,0.19901,0.00271,4.383,12418.0,48064.0,95523.0,105619.0
2026-07-09,21259,0.31913,0.03086,21.829,46189.0,151023.0,139867.0,240331.0
2026-07-10,21283,0.32178,0.018,18.884,29565.0,96191.0,154697.0,231848.0
2026-07-11,19032,0.26871,0.00825,13.957,14216.0,75139.0,137276.0,163909.0
2026-07-12,21077,0.30721,0.0157,18.485,46347.0,94438.0,163527.0,214962.0
2026-07-13,21284,0.32779,0.01057,19.718,39037.0,98244.0,153838.0,260030.0
2026-07-14,19768,0.21793,0.01194,6.405,8280.0,53569.0,101825.0,134263.0
2026-07-15,20055,0.22645,0.00548,7.697,13523.0,59470.0,110244.0,129665.0
2026-07-16,21273,0.32941,0.01015,18.256,30162.0,100873.0,136471.0,235071.0
2026-07-17,21304,0.35897,0.00803,22.906,31179.0,136437.0,148159.0,280356.0
2026-07-18,19031,0.34267,0.09322,29.398,69294.0,142104.0,167234.0,212225.0
2026-07-19,21115,0.35701,0.05527,22.643,20166.0,58459.0,218356.0,255192.0
2026-07-20,21294,0.29742,0.01785,15.433,10963.0,67860.0,161899.0,209387.0
2026-07-21,19755,0.28754,0.10534,20.117,56802.0,130418.0,128450.0,149024.0
2026-07-22,20071,0.28302,0.02656,16.544,14627.0,86471.0,156793.0,191577.0
2026-07-23,21270,0.28031,0.00658,11.941,7488.0,62325.0,135103.0,172583.0
2026-07-24,21300,0.25449,0.00347,10.424,11718.0,49989.0,130681.0,176402.0
2026-07-25,19024,0.20572,0.00179,5.479,11630.0,34308.0,103351.0,113656.0
2026-07-26,21113,0.2277,0.00317,7.256,12368.0,38409.0,121200.0,142557.0
2026-07-27,21288,0.32847,0.06647,26.849,54996.0,158931.0,170520.0,258803.0
2026-07-28,19729,0.35222,0.0956,26.619,47902.0,151488.0,177356.0,191813.0
2026-07-29,20031,0.2836,0.02117,14.82,15656.0,96712.0,131690.0,177328.0
2026-07-30,21243,0.27273,0.00664,11.855,9094.0,77679.0,127642.0,181522.0
2026-07-31,21285,0.23334,0.00841,7.171,8289.0,45112.0,127266.0,130554.0
