year_month,carrier,carrier_min,weather_min,nas_min,security_min,late_aircraft_min,delayed_flights,total_cause_min,carrier_share_pct,weather_share_pct,nas_share_pct,security_share_pct,late_aircraft_share_pct
2025-08,AS,87769.0,7911.0,72272.0,1699.0,135126.0,6167,304777.0,28.8,2.6,23.71,0.56,44.34
2025-10,AA,519047.0,46644.0,234298.0,1913.0,744072.0,19680,1545974.0,33.57,3.02,15.16,0.12,48.13
2026-02,YX,68536.0,17670.0,88553.0,185.0,134326.0,5134,309270.0,22.16,5.71,28.63,0.06,43.43
2026-02,B6,108792.0,10273.0,83057.0,321.0,185567.0,5315,388010.0,28.04,2.65,21.41,0.08,47.83
2026-03,WN,506978.0,35850.0,309297.0,10233.0,888337.0,30792,1750695.0,28.96,2.05,17.67,0.58,50.74
2025-08,WN,346959.0,56245.0,267459.0,2946.0,674995.0,24370,1348604.0,25.73,4.17,19.83,0.22,50.05
2025-09,AA,495380.0,81842.0,193450.0,1667.0,577881.0,15942,1350220.0,36.69,6.06,14.33,0.12,42.8
2026-02,UA,173819.0,24416.0,194101.0,139.0,207221.0,9279,599696.0,28.98,4.07,32.37,0.02,34.55
2026-07,WN,606008.0,70251.0,347032.0,6708.0,1097517.0,37862,2127516.0,28.48,3.3,16.31,0.32,51.59
2025-08,F9,107928.0,12456.0,73909.0,0.0,195434.0,4829,389727.0,27.69,3.2,18.96,0.0,50.15
2025-08,HA,37600.0,109.0,524.0,301.0,12084.0,992,50618.0,74.28,0.22,1.04,0.59,23.87
2025-09,OO,372078.0,88572.0,131450.0,1075.0,134860.0,10551,728035.0,51.11,12.17,18.06,0.15,18.52
2025-11,OO,430790.0,148776.0,253402.0,352.0,152218.0,11723,985538.0,43.71,15.1,25.71,0.04,15.45
2025-11,AA,496137.0,51074.0,275124.0,2284.0,628350.0,18069,1452969.0,34.15,3.52,18.94,0.16,43.25
2026-02,NK,89323.0,2631.0,67934.0,422.0,83056.0,3351,243366.0,36.7,1.08,27.91,0.17,34.13
2026-02,OH,126988.0,31376.0,45767.0,238.0,205468.0,4532,409837.0,30.99,7.66,11.17,0.06,50.13
2026-03,F9,132860.0,17548.0,110356.0,0.0,252240.0,5784,513004.0,25.9,3.42,21.51,0.0,49.17
2026-03,AS,118715.0,34024.0,66681.0,1198.0,126188.0,5940,346806.0,34.23,9.81,19.23,0.35,36.39
2025-10,OO,501368.0,86833.0,134444.0,863.0,159320.0,12340,882828.0,56.79,9.84,15.23,0.1,18.05
2026-02,DL,399466.0,34498.0,149772.0,828.0,210864.0,12130,795428.0,50.22,4.34,18.83,0.1,26.51
2026-02,G4,54922.0,25095.0,32178.0,148.0,59924.0,1981,172267.0,31.88,14.57,18.68,0.09,34.79
2026-02,MQ,55815.0,16308.0,51828.0,255.0,99489.0,3746,223695.0,24.95,7.29,23.17,0.11,44.48
2026-07,F9,130969.0,23362.0,115825.0,0.0,327282.0,6910,597438.0,21.92,3.91,19.39,0.0,54.78
2026-07,AS,119263.0,15409.0,92833.0,1088.0,146719.0,7265,375312.0,31.78,4.11,24.73,0.29,39.09
2025-09,WN,258031.0,27109.0,205670.0,2339.0,460534.0,18735,953683.0,27.06,2.84,21.57,0.25,48.29
2025-10,AS,78075.0,5664.0,62126.0,616.0,78086.0,4014,224567.0,34.77,2.52,27.66,0.27,34.77
2025-10,F9,83993.0,7772.0,59322.0,0.0,162645.0,3749,313732.0,26.77,2.48,18.91,0.0,51.84
2025-10,HA,50137.0,639.0,926.0,231.0,21082.0,1203,73015.0,68.67,0.88,1.27,0.32,28.87
2025-11,AS,46078.0,6150.0,65228.0,468.0,63689.0,3653,181613.0,25.37,3.39,35.92,0.26,35.07
2025-11,WN,313766.0,16540.0,284959.0,3690.0,657321.0,22537,1276276.0,24.58,1.3,22.33,0.29,51.5
2025-12,MQ,70151.0,39619.0,89234.0,375.0,179874.0,5848,379253.0,18.5,10.45,23.53,0.1,47.43
2025-12,UA,265817.0,40458.0,322747.0,0.0,400591.0,14893,1029613.0,25.82,3.93,31.35,0.0,38.91
2026-01,DL,495843.0,61319.0,191834.0,1170.0,291718.0,15000,1041884.0,47.59,5.89,18.41,0.11,28.0
2026-01,G4,56617.0,24009.0,30932.0,601.0,70577.0,2096,182736.0,30.98,13.14,16.93,0.33,38.62
2026-01,MQ,61616.0,52589.0,70913.0,277.0,136573.0,4631,321968.0,19.14,16.33,22.02,0.09,42.42
2026-01,UA,226050.0,41005.0,219194.0,0.0,262567.0,11166,748816.0,30.19,5.48,29.27,0.0,35.06
2026-03,AA,638315.0,86857.0,241250.0,4682.0,863766.0,20903,1834870.0,34.79,4.73,13.15,0.26,47.08
2026-04,DL,388482.0,20147.0,168455.0,512.0,242783.0,12949,820379.0,47.35,2.46,20.53,0.06,29.59
2026-04,G4,60426.0,12086.0,36302.0,144.0,72711.0,2489,181669.0,33.26,6.65,19.98,0.08,40.02
2026-04,MQ,64024.0,43627.0,81796.0,276.0,164709.0,4956,354432.0,18.06,12.31,23.08,0.08,46.47
2026-04,YX,78090.0,15532.0,115220.0,118.0,163104.0,5578,372064.0,20.99,4.17,30.97,0.03,43.84
2026-05,DL,474260.0,33675.0,238054.0,1227.0,291697.0,16099,1038913.0,45.65,3.24,22.91,0.12,28.08
2026-05,G4,89524.0,21641.0,44603.0,782.0,94141.0,2850,250691.0,35.71,8.63,17.79,0.31,37.55
2026-05,MQ,69776.0,55518.0,69537.0,219.0,148916.0,4760,343966.0,20.29,16.14,20.22,0.06,43.29
2026-05,NK,993.0,35.0,2736.0,50.0,2786.0,96,6600.0,15.05,0.53,41.45,0.76,42.21
2026-05,OH,112082.0,33790.0,64906.0,708.0,170402.0,4752,381888.0,29.35,8.85,17.0,0.19,44.62
2026-06,UA,317808.0,59457.0,490164.0,80.0,507176.0,18224,1374685.0,23.12,4.33,35.66,0.01,36.89
2026-07,OO,686594.0,194204.0,294580.0,1357.0,372465.0,18058,1549200.0,44.32,12.54,19.01,0.09,24.04
2025-08,OO,589077.0,175368.0,207339.0,1395.0,259054.0,15218,1232233.0,47.81,14.23,16.83,0.11,21.02
2025-09,AS,49301.0,5796.0,48281.0,1338.0,57884.0,3369,162600.0,30.32,3.56,29.69,0.82,35.6
2025-09,HA,27378.0,664.0,322.0,191.0,11414.0,743,39969.0,68.5,1.66,0.81,0.48,28.56
2025-10,WN,380211.0,21289.0,231735.0,2910.0,713078.0,27400,1349223.0,28.18,1.58,17.18,0.22,52.85
2025-11,F9,80182.0,4499.0,83898.0,0.0,180663.0,4023,349242.0,22.96,1.29,24.02,0.0,51.73
2025-11,HA,37896.0,1641.0,471.0,284.0,17137.0,1160,57429.0,65.99,2.86,0.82,0.49,29.84
2025-12,B6,166259.0,15109.0,118027.0,1325.0,248367.0,7210,549087.0,30.28,2.75,21.5,0.24,45.23
2025-12,DL,686199.0,74001.0,311718.0,887.0,517160.0,21090,1589965.0,43.16,4.65,19.61,0.06,32.53
2025-12,YX,143384.0,41266.0,182369.0,519.0,312140.0,8959,679678.0,21.1,6.07,26.83,0.08,45.92
2025-12,OH,189986.0,40102.0,66542.0,796.0,390368.0,7036,687794.0,27.62,5.83,9.67,0.12,56.76
2026-01,YX,118262.0,21259.0,95150.0,184.0,137407.0,5538,372262.0,31.77,5.71,25.56,0.05,36.91
2026-01,OH,108154.0,55104.0,50528.0,237.0,205094.0,4186,419117.0,25.81,13.15,12.06,0.06,48.93
2026-04,UA,191484.0,32597.0,310338.0,317.0,266264.0,12015,801000.0,23.91,4.07,38.74,0.04,33.24
2026-05,UA,237329.0,37748.0,331868.0,272.0,367325.0,14733,974542.0,24.35,3.87,34.05,0.03,37.69
2026-05,YX,87990.0,20237.0,99630.0,379.0,120873.0,4939,329109.0,26.74,6.15,30.27,0.12,36.73
2026-06,YX,100154.0,37126.0,148222.0,621.0,162126.0,5536,448249.0,22.34,8.28,33.07,0.14,36.17
2026-07,AA,825996.0,146041.0,339854.0,3701.0,1403448.0,28650,2719040.0,30.38,5.37,12.5,0.14,51.62
2025-08,AA,675438.0,140605.0,280011.0,2722.0,1074559.0,24735,2173335.0,31.08,6.47,12.88,0.13,49.44
2025-09,F9,70731.0,10254.0,41601.0,0.0,114598.0,3020,237184.0,29.82,4.32,17.54,0.0,48.32
2026-01,NK,72937.0,3639.0,62377.0,498.0,70963.0,3107,210414.0,34.66,1.73,29.64,0.24,33.73
2026-06,DL,511540.0,48583.0,255453.0,926.0,327686.0,15763,1144188.0,44.71,4.25,22.33,0.08,28.64
2026-06,G4,132972.0,38874.0,57776.0,624.0,152789.0,3917,383035.0,34.72,10.15,15.08,0.16,39.89
2026-06,MQ,96637.0,70207.0,91752.0,824.0,204063.0,5974,463483.0,20.85,15.15,19.8,0.18,44.03
2026-06,B6,97870.0,11552.0,109936.0,429.0,184979.0,5088,404766.0,24.18,2.85,27.16,0.11,45.7
2025-12,NK,91619.0,4771.0,106157.0,1306.0,93646.0,3821,297499.0,30.8,1.6,35.68,0.44,31.48
2025-12,G4,74437.0,34939.0,52296.0,853.0,124693.0,3523,287218.0,25.92,12.16,18.21,0.3,43.41
2026-01,B6,114242.0,15969.0,94549.0,874.0,179126.0,5339,404760.0,28.22,3.95,23.36,0.22,44.25
2026-03,OO,782461.0,197613.0,244410.0,661.0,346910.0,15661,1572055.0,49.77,12.57,15.55,0.04,22.07
2026-04,NK,79118.0,3246.0,88077.0,419.0,70900.0,3498,241760.0,32.73,1.34,36.43,0.17,29.33
2026-04,OH,131818.0,23844.0,47041.0,445.0,232326.0,4675,435474.0,30.27,5.48,10.8,0.1,53.35
2026-04,B6,73298.0,2411.0,85712.0,636.0,138877.0,4965,300934.0,24.36,0.8,28.48,0.21,46.15
2026-05,B6,61330.0,5996.0,65360.0,279.0,99901.0,3671,232866.0,26.34,2.57,28.07,0.12,42.9
2026-06,OH,161219.0,64709.0,81145.0,720.0,234074.0,5341,541867.0,29.75,11.94,14.98,0.13,43.2
2025-08,NK,65263.0,15901.0,121159.0,931.0,79394.0,3814,282648.0,23.09,5.63,42.87,0.33,28.09
2025-08,OH,129756.0,31555.0,49476.0,1377.0,220213.0,4756,432377.0,30.01,7.3,11.44,0.32,50.93
2025-08,UA,344206.0,60269.0,326522.0,136.0,444799.0,15968,1175932.0,29.27,5.13,27.77,0.01,37.83
2025-08,B6,110282.0,13358.0,83198.0,628.0,182975.0,4941,390441.0,28.25,3.42,21.31,0.16,46.86
2025-12,AA,560450.0,63844.0,212207.0,2532.0,790462.0,20932,1629495.0,34.39,3.92,13.02,0.16,48.51
2025-12,OO,871661.0,333444.0,324146.0,1082.0,441531.0,18199,1971864.0,44.2,16.91,16.44,0.05,22.39
2026-02,AS,83307.0,11376.0,34355.0,638.0,68479.0,4057,198155.0,42.04,5.74,17.34,0.32,34.56
2026-03,YX,154257.0,24552.0,183929.0,1357.0,233618.0,8056,597713.0,25.81,4.11,30.77,0.23,39.09
2026-04,AA,490402.0,58251.0,197643.0,1723.0,671617.0,18592,1419636.0,34.54,4.1,13.92,0.12,47.31
2026-05,OO,535133.0,137931.0,235319.0,760.0,317891.0,14925,1227034.0,43.61,11.24,19.18,0.06,25.91
2026-07,MQ,104823.0,53512.0,85793.0,488.0,180784.0,5497,425400.0,24.64,12.58,20.17,0.11,42.5
2026-07,OH,231847.0,83887.0,100600.0,707.0,364652.0,7286,781693.0,29.66,10.73,12.87,0.09,46.65
2026-07,B6,213813.0,23456.0,153170.0,897.0,320036.0,7888,711372.0,30.06,3.3,21.53,0.13,44.99
2026-07,DL,738179.0,87771.0,433616.0,1118.0,574314.0,23649,1834998.0,40.23,4.78,23.63,0.06,31.3
2026-01,OO,710690.0,293909.0,188769.0,722.0,280900.0,14712,1474990.0,48.18,19.93,12.8,0.05,19.04
2026-02,WN,277526.0,16073.0,166382.0,3255.0,414789.0,18189,878025.0,31.61,1.83,18.95,0.37,47.24
2026-03,UA,296193.0,54167.0,414231.0,118.0,436463.0,14486,1201172.0,24.66,4.51,34.49,0.01,36.34
2026-06,AA,707818.0,168646.0,312005.0,2318.0,1128604.0,25173,2319391.0,30.52,7.27,13.45,0.1,48.66
2026-07,YX,157168.0,56253.0,196545.0,190.0,222746.0,7087,632902.0,24.83,8.89,31.05,0.03,35.19
2025-08,YX,99901.0,26967.0,102435.0,113.0,117965.0,4888,347381.0,28.76,7.76,29.49,0.03,33.96
2025-08,G4,92914.0,35863.0,31047.0,668.0,90932.0,2513,251424.0,36.96,14.26,12.35,0.27,36.17
2025-08,MQ,54208.0,51615.0,77484.0,506.0,166598.0,5521,350411.0,15.47,14.73,22.11,0.14,47.54
2025-08,DL,513058.0,57830.0,194528.0,511.0,322743.0,15208,1088670.0,47.13,5.31,17.87,0.05,29.65
2026-03,DL,555928.0,64140.0,295954.0,616.0,341691.0,16789,1258329.0,44.18,5.1,23.52,0.05,27.15
2026-03,G4,83108.0,39112.0,80316.0,1201.0,122969.0,3398,326706.0,25.44,11.97,24.58,0.37,37.64
2026-03,MQ,73321.0,52755.0,95824.0,571.0,163738.0,5132,386209.0,18.98,13.66,24.81,0.15,42.4
2026-03,B6,121867.0,10763.0,105684.0,2259.0,223893.0,6247,464466.0,26.24,2.32,22.75,0.49,48.2
2026-05,AA,556350.0,119637.0,231956.0,2010.0,779682.0,20427,1689635.0,32.93,7.08,13.73,0.12,46.14
2026-07,UA,413144.0,90437.0,518722.0,53.0,580668.0,19252,1603024.0,25.77,5.64,32.36,0.0,36.22
2026-01,AA,614161.0,167358.0,187029.0,3243.0,604627.0,16717,1576418.0,38.96,10.62,11.86,0.21,38.35
2026-02,F9,76348.0,5085.0,47297.0,0.0,126113.0,3199,254843.0,29.96,2.0,18.56,0.0,49.49
2026-03,NK,133621.0,4964.0,149308.0,1152.0,138176.0,5303,427221.0,31.28,1.16,34.95,0.27,32.34
2026-03,OH,180688.0,47084.0,65767.0,2244.0,286833.0,5540,582616.0,31.01,8.08,11.29,0.39,49.23
2026-04,OO,556889.0,150147.0,211537.0,930.0,308266.0,14452,1227769.0,45.36,12.23,17.23,0.08,25.11
2026-06,OO,542453.0,181121.0,263868.0,624.0,333027.0,16190,1321093.0,41.06,13.71,19.97,0.05,25.21
2026-07,G4,124347.0,44025.0,60880.0,1323.0,154897.0,4057,385472.0,32.26,11.42,15.79,0.34,40.18
2025-09,DL,335946.0,18945.0,152467.0,665.0,199290.0,10481,707313.0,47.5,2.68,21.56,0.09,28.18
2025-10,B6,79945.0,4359.0,124236.0,182.0,120061.0,4617,328783.0,24.32,1.33,37.79,0.06,36.52
2025-10,DL,428231.0,16887.0,211795.0,846.0,299039.0,14315,956798.0,44.76,1.76,22.14,0.09,31.25
2025-10,G4,57875.0,13155.0,28522.0,207.0,75823.0,2308,175582.0,32.96,7.49,16.24,0.12,43.18
2025-10,MQ,52610.0,21519.0,73920.0,432.0,131578.0,5004,280059.0,18.79,7.68,26.39,0.15,46.98
2025-10,NK,58315.0,2224.0,82842.0,535.0,44459.0,2727,188375.0,30.96,1.18,43.98,0.28,23.6
2025-10,OH,84273.0,8728.0,44713.0,340.0,139781.0,3865,277835.0,30.33,3.14,16.09,0.12,50.31
2025-11,B6,106529.0,1757.0,98329.0,402.0,165634.0,4777,372651.0,28.59,0.47,26.39,0.11,44.45
2025-11,DL,445090.0,30651.0,283899.0,1156.0,320539.0,14575,1081335.0,41.16,2.83,26.25,0.11,29.64
2025-12,HA,62654.0,4544.0,2037.0,270.0,40613.0,1861,110118.0,56.9,4.13,1.85,0.25,36.88
2026-01,F9,106742.0,9499.0,62204.0,0.0,163518.0,4145,341963.0,31.21,2.78,18.19,0.0,47.82
2026-02,AA,449497.0,44289.0,142567.0,1461.0,523935.0,15016,1161749.0,38.69,3.81,12.27,0.13,45.1
2026-04,F9,95531.0,6300.0,64753.0,0.0,205692.0,4707,372276.0,25.66,1.69,17.39,0.0,55.25
2026-04,WN,362549.0,21308.0,222640.0,2672.0,602148.0,26258,1211317.0,29.93,1.76,18.38,0.22,49.71
2026-05,F9,77033.0,7718.0,71444.0,0.0,172306.0,4268,328501.0,23.45,2.35,21.75,0.0,52.45
2026-05,WN,514486.0,39256.0,281515.0,4239.0,885363.0,33126,1724859.0,29.83,2.28,16.32,0.25,51.33
2026-06,WN,631040.0,60652.0,328471.0,5174.0,1213117.0,40738,2238454.0,28.19,2.71,14.67,0.23,54.19
2025-09,MQ,46113.0,28361.0,62816.0,31.0,108637.0,3966,245958.0,18.75,11.53,25.54,0.01,44.17
2025-09,UA,183562.0,26178.0,239013.0,0.0,267731.0,11418,716484.0,25.62,3.65,33.36,0.0,37.37
2025-09,OH,81686.0,13583.0,35744.0,366.0,122703.0,3093,254082.0,32.15,5.35,14.07,0.14,48.29
2025-09,B6,57462.0,7403.0,93611.0,461.0,73393.0,3347,232330.0,24.73,3.19,40.29,0.2,31.59
2025-09,G4,30961.0,11838.0,14404.0,275.0,33872.0,1177,91350.0,33.89,12.96,15.77,0.3,37.08
2025-10,UA,208211.0,13043.0,325440.0,1.0,250915.0,13943,797610.0,26.1,1.64,40.8,0.0,31.46
2025-11,UA,235908.0,28429.0,416368.0,0.0,375898.0,13573,1056603.0,22.33,2.69,39.41,0.0,35.58
2025-11,G4,39690.0,21018.0,39829.0,272.0,71427.0,2196,172236.0,23.04,12.2,23.12,0.16,41.47
2025-11,MQ,48474.0,36673.0,86786.0,342.0,114259.0,4179,286534.0,16.92,12.8,30.29,0.12,39.88
2025-11,NK,46469.0,2171.0,94852.0,539.0,46472.0,2465,190503.0,24.39,1.14,49.79,0.28,24.39
2025-12,WN,432083.0,19226.0,250474.0,6462.0,816606.0,28845,1524851.0,28.34,1.26,16.43,0.42,53.55
2025-09,NK,58244.0,6925.0,65566.0,211.0,55447.0,2358,186393.0,31.25,3.72,35.18,0.11,29.75
2025-09,YX,68416.0,18367.0,122160.0,400.0,109532.0,4659,318875.0,21.46,5.76,38.31,0.13,34.35
2025-10,YX,80815.0,11159.0,181058.0,231.0,173654.0,7086,446917.0,18.08,2.5,40.51,0.05,38.86
2025-11,OH,108675.0,20260.0,69764.0,1183.0,229654.0,4728,429536.0,25.3,4.72,16.24,0.28,53.47
2025-12,F9,129257.0,7279.0,70423.0,0.0,233948.0,5094,440907.0,29.32,1.65,15.97,0.0,53.06
2025-12,AS,84029.0,11989.0,86322.0,1337.0,126436.0,5802,310113.0,27.1,3.87,27.84,0.43,40.77
2026-01,WN,232863.0,13837.0,163954.0,2501.0,316199.0,15409,729354.0,31.93,1.9,22.48,0.34,43.35
2026-02,OO,662234.0,171682.0,168357.0,3228.0,236162.0,13322,1241663.0,53.33,13.83,13.56,0.26,19.02
2026-05,AS,77827.0,9709.0,57722.0,795.0,85185.0,4865,231238.0,33.66,4.2,24.96,0.34,36.84
2026-06,F9,105388.0,18394.0,91840.0,0.0,233696.0,5353,449318.0,23.46,4.09,20.44,0.0,52.01
2026-06,AS,91813.0,7277.0,77764.0,1209.0,102739.0,5739,280802.0,32.7,2.59,27.69,0.43,36.59
2025-11,YX,95861.0,15260.0,181998.0,202.0,185081.0,6511,478402.0,20.04,3.19,38.04,0.04,38.69
2026-01,AS,113001.0,17412.0,48375.0,1172.0,122750.0,5429,302710.0,37.33,5.75,15.98,0.39,40.55
2026-04,AS,85008.0,5247.0,41983.0,619.0,70729.0,4283,203586.0,41.76,2.58,20.62,0.3,34.74
