origin,flight_date,airport_code,y,lightgbm,seasonal_naive,mean_4wk_same_weekday,target
2026-06-05,2026-06-06,ATL,779.0,766.8968411989301,771.0,763.0,scheduled_departures
2026-06-05,2026-06-07,ATL,936.0,911.8312964867022,928.0,902.75,scheduled_departures
2026-06-05,2026-06-08,ATL,945.0,909.3307749338068,938.0,933.25,scheduled_departures
2026-06-05,2026-06-09,ATL,895.0,869.9180938347064,889.0,881.5,scheduled_departures
2026-06-05,2026-06-10,ATL,897.0,871.0376478654691,895.0,889.75,scheduled_departures
2026-06-05,2026-06-11,ATL,942.0,910.5985727228598,939.0,936.75,scheduled_departures
2026-06-05,2026-06-12,ATL,943.0,933.0628288351216,937.0,937.5,scheduled_departures
2026-06-05,2026-06-06,CLT,472.0,468.07247534384277,469.0,478.25,scheduled_departures
2026-06-05,2026-06-07,CLT,513.0,513.5665192027896,520.0,523.5,scheduled_departures
2026-06-05,2026-06-08,CLT,513.0,497.9304000990085,513.0,524.75,scheduled_departures
2026-06-05,2026-06-09,CLT,492.0,469.9635052503259,473.0,471.75,scheduled_departures
2026-06-05,2026-06-10,CLT,500.0,485.6511745229443,488.0,501.5,scheduled_departures
2026-06-05,2026-06-11,CLT,518.0,511.5129406547894,520.0,522.75,scheduled_departures
2026-06-05,2026-06-12,CLT,517.0,526.9209749336004,516.0,521.25,scheduled_departures
2026-06-05,2026-06-06,DEN,872.0,842.2611427894517,834.0,802.75,scheduled_departures
2026-06-05,2026-06-07,DEN,974.0,957.7586824076619,961.0,914.5,scheduled_departures
2026-06-05,2026-06-08,DEN,992.0,966.4571355813443,967.0,938.75,scheduled_departures
2026-06-05,2026-06-09,DEN,917.0,883.0443596587418,872.0,846.0,scheduled_departures
2026-06-05,2026-06-10,DEN,952.0,914.6237580315797,904.0,876.0,scheduled_departures
2026-06-05,2026-06-11,DEN,997.0,991.5426035238016,995.0,958.75,scheduled_departures
2026-06-05,2026-06-12,DEN,998.0,989.5720155812767,995.0,960.75,scheduled_departures
2026-06-05,2026-06-06,DFW,900.0,876.0918948892697,897.0,866.75,scheduled_departures
2026-06-05,2026-06-07,DFW,945.0,938.9231322784129,942.0,914.0,scheduled_departures
2026-06-05,2026-06-08,DFW,945.0,926.395890442299,937.0,912.75,scheduled_departures
2026-06-05,2026-06-09,DFW,893.0,883.3994045815364,884.0,848.5,scheduled_departures
2026-06-05,2026-06-10,DFW,901.0,886.2929871422002,890.0,876.75,scheduled_departures
2026-06-05,2026-06-11,DFW,947.0,945.6569766569047,947.0,928.5,scheduled_departures
2026-06-05,2026-06-12,DFW,949.0,961.6720698215119,946.0,930.5,scheduled_departures
2026-06-05,2026-06-06,LAS,379.0,378.1938456604718,376.0,373.5,scheduled_departures
2026-06-05,2026-06-07,LAS,495.0,520.768030149425,523.0,512.5,scheduled_departures
2026-06-05,2026-06-08,LAS,501.0,491.4850897426888,502.0,512.75,scheduled_departures
2026-06-05,2026-06-09,LAS,419.0,421.1051682726993,422.0,424.75,scheduled_departures
2026-06-05,2026-06-10,LAS,422.0,423.19974959048125,424.0,431.0,scheduled_departures
2026-06-05,2026-06-11,LAS,496.0,491.83687221556244,500.0,509.5,scheduled_departures
2026-06-05,2026-06-12,LAS,498.0,505.77596012984185,502.0,511.5,scheduled_departures
2026-06-05,2026-06-06,LAX,507.0,487.86779311568847,502.0,486.5,scheduled_departures
2026-06-05,2026-06-07,LAX,562.0,546.099766463191,559.0,536.5,scheduled_departures
2026-06-05,2026-06-08,LAX,576.0,543.1455344680122,567.0,556.75,scheduled_departures
2026-06-05,2026-06-09,LAX,530.0,500.0834651773437,516.0,507.75,scheduled_departures
2026-06-05,2026-06-10,LAX,542.0,511.29599898149235,525.0,513.75,scheduled_departures
2026-06-05,2026-06-11,LAX,586.0,554.1215300626866,573.0,564.25,scheduled_departures
2026-06-05,2026-06-12,LAX,585.0,566.8051397818696,572.0,563.5,scheduled_departures
2026-06-05,2026-06-06,MCO,434.0,429.46907571914426,428.0,424.25,scheduled_departures
2026-06-05,2026-06-07,MCO,427.0,434.743140777119,430.0,421.75,scheduled_departures
2026-06-05,2026-06-08,MCO,424.0,419.6764222543062,424.0,426.5,scheduled_departures
2026-06-05,2026-06-09,MCO,390.0,387.31937661674675,384.0,381.0,scheduled_departures
2026-06-05,2026-06-10,MCO,392.0,385.6492541198031,380.0,387.0,scheduled_departures
2026-06-05,2026-06-11,MCO,422.0,421.8206861746987,419.0,422.5,scheduled_departures
2026-06-05,2026-06-12,MCO,428.0,436.5657302781651,425.0,425.75,scheduled_departures
2026-06-05,2026-06-06,ORD,981.0,1004.6407256384203,1029.0,1026.5,scheduled_departures
2026-06-05,2026-06-07,ORD,1056.0,1064.6632088955605,1090.0,1100.5,scheduled_departures
2026-06-05,2026-06-08,ORD,1057.0,1034.5565800662182,1070.0,1100.0,scheduled_departures
2026-06-05,2026-06-09,ORD,1037.0,1028.1895984217463,1044.0,1056.0,scheduled_departures
2026-06-05,2026-06-10,ORD,1046.0,1032.2910268791356,1054.0,1077.25,scheduled_departures
2026-06-05,2026-06-11,ORD,1061.0,1029.4832214440853,1053.0,1089.5,scheduled_departures
2026-06-05,2026-06-12,ORD,1063.0,1045.202735675803,1056.0,1095.0,scheduled_departures
2026-06-05,2026-06-06,PHX,473.0,488.3579229975684,491.0,492.75,scheduled_departures
2026-06-05,2026-06-07,PHX,530.0,555.8257175121284,563.0,567.75,scheduled_departures
2026-06-05,2026-06-08,PHX,544.0,555.0067438970715,571.0,588.25,scheduled_departures
2026-06-05,2026-06-09,PHX,507.0,506.37063081862374,515.0,515.75,scheduled_departures
2026-06-05,2026-06-10,PHX,512.0,525.1694156229534,526.0,545.0,scheduled_departures
2026-06-05,2026-06-11,PHX,540.0,537.6276529404159,542.0,570.0,scheduled_departures
2026-06-05,2026-06-12,PHX,541.0,547.153192197859,543.0,573.0,scheduled_departures
2026-06-05,2026-06-06,SEA,480.0,464.6092334737784,464.0,449.25,scheduled_departures
2026-06-05,2026-06-07,SEA,514.0,496.3544564756156,500.0,483.5,scheduled_departures
2026-06-05,2026-06-08,SEA,516.0,486.317283470597,501.0,488.25,scheduled_departures
2026-06-05,2026-06-09,SEA,497.0,471.6933347303345,479.0,467.5,scheduled_departures
2026-06-05,2026-06-10,SEA,512.0,481.56836784829136,487.0,482.25,scheduled_departures
2026-06-05,2026-06-11,SEA,532.0,501.73951193694097,513.0,500.5,scheduled_departures
2026-06-05,2026-06-12,SEA,531.0,515.1377385779139,517.0,504.25,scheduled_departures
2026-06-12,2026-06-13,ATL,786.0,788.6503108014033,779.0,768.25,scheduled_departures
2026-06-12,2026-06-14,ATL,931.0,923.7986518074742,936.0,903.75,scheduled_departures
2026-06-12,2026-06-15,ATL,945.0,946.653567997146,945.0,936.25,scheduled_departures
2026-06-12,2026-06-16,ATL,896.0,911.9299624152969,895.0,888.0,scheduled_departures
2026-06-12,2026-06-17,ATL,898.0,910.2660009026858,897.0,893.5,scheduled_departures
2026-06-12,2026-06-18,ATL,940.0,879.3757501292878,942.0,938.5,scheduled_departures
2026-06-12,2026-06-19,ATL,941.0,665.0920748458223,943.0,939.5,scheduled_departures
2026-06-12,2026-06-13,CLT,475.0,487.00891766636323,472.0,474.25,scheduled_departures
2026-06-12,2026-06-14,CLT,514.0,519.369723643043,513.0,517.75,scheduled_departures
2026-06-12,2026-06-15,CLT,516.0,522.4247175809844,513.0,519.25,scheduled_departures
2026-06-12,2026-06-16,CLT,492.0,510.8794012526049,492.0,479.0,scheduled_departures
2026-06-12,2026-06-17,CLT,500.0,511.68187028745973,500.0,496.75,scheduled_departures
2026-06-12,2026-06-18,CLT,518.0,511.8884390093976,518.0,519.5,scheduled_departures
2026-06-12,2026-06-19,CLT,517.0,381.14081776937786,517.0,516.75,scheduled_departures
2026-06-12,2026-06-13,DEN,870.0,905.5148551165553,872.0,828.0,scheduled_departures
2026-06-12,2026-06-14,DEN,978.0,978.6213065680347,974.0,932.5,scheduled_departures
2026-06-12,2026-06-15,DEN,996.0,998.0371283393944,992.0,959.25,scheduled_departures
2026-06-12,2026-06-16,DEN,918.0,940.3470168000231,917.0,871.25,scheduled_departures
2026-06-12,2026-06-17,DEN,952.0,974.6191435032224,952.0,902.0,scheduled_departures
2026-06-12,2026-06-18,DEN,998.0,932.2659230297165,997.0,980.25,scheduled_departures
2026-06-12,2026-06-19,DEN,1000.0,714.1887693317765,998.0,981.75,scheduled_departures
2026-06-12,2026-06-13,DFW,901.0,920.2246571338943,900.0,882.5,scheduled_departures
2026-06-12,2026-06-14,DFW,947.0,954.2706105435019,945.0,927.25,scheduled_departures
2026-06-12,2026-06-15,DFW,949.0,959.7167177185119,945.0,926.0,scheduled_departures
2026-06-12,2026-06-16,DFW,902.0,917.9110026565467,893.0,869.5,scheduled_departures
2026-06-12,2026-06-17,DFW,907.0,926.0265062426334,901.0,885.5,scheduled_departures
2026-06-12,2026-06-18,DFW,952.0,889.3902942341263,947.0,942.25,scheduled_departures
2026-06-12,2026-06-19,DFW,953.0,672.5241572184216,949.0,944.75,scheduled_departures
2026-06-12,2026-06-13,LAS,376.0,397.11969456751996,379.0,375.75,scheduled_departures
2026-06-12,2026-06-14,LAS,490.0,504.31746723698456,495.0,504.5,scheduled_departures
2026-06-12,2026-06-15,LAS,494.0,508.8303597154456,501.0,510.0,scheduled_departures
2026-06-12,2026-06-16,LAS,415.0,440.08989370808246,419.0,424.75,scheduled_departures
2026-06-12,2026-06-17,LAS,418.0,435.8772409171572,422.0,428.75,scheduled_departures
2026-06-12,2026-06-18,LAS,496.0,490.67104716496306,496.0,502.75,scheduled_departures
2026-06-12,2026-06-19,LAS,499.0,399.28087467608304,498.0,506.0,scheduled_departures
2026-06-12,2026-06-13,LAX,515.0,509.40425422842276,507.0,495.75,scheduled_departures
2026-06-12,2026-06-14,LAX,570.0,563.3009805793911,562.0,542.75,scheduled_departures
2026-06-12,2026-06-15,LAX,584.0,580.7198594528205,576.0,564.5,scheduled_departures
2026-06-12,2026-06-16,LAX,538.0,529.4376920403936,530.0,517.25,scheduled_departures
2026-06-12,2026-06-17,LAX,544.0,528.7148107058929,542.0,523.25,scheduled_departures
2026-06-12,2026-06-18,LAX,587.0,570.2126510926842,586.0,574.25,scheduled_departures
2026-06-12,2026-06-19,LAX,582.0,441.4180689821358,585.0,573.25,scheduled_departures
2026-06-12,2026-06-13,MCO,442.0,447.4267726262932,434.0,427.5,scheduled_departures
2026-06-12,2026-06-14,MCO,427.0,438.7260446812671,427.0,420.5,scheduled_departures
2026-06-12,2026-06-15,MCO,428.0,439.1812292040288,424.0,425.25,scheduled_departures
2026-06-12,2026-06-16,MCO,397.0,411.26891627998873,390.0,386.0,scheduled_departures
2026-06-12,2026-06-17,MCO,400.0,406.79723510300556,392.0,389.0,scheduled_departures
2026-06-12,2026-06-18,MCO,424.0,419.77341903975383,422.0,421.25,scheduled_departures
2026-06-12,2026-06-19,MCO,427.0,363.37095489524734,428.0,426.5,scheduled_departures
2026-06-12,2026-06-13,ORD,981.0,1033.3737073370967,981.0,1015.75,scheduled_departures
2026-06-12,2026-06-14,ORD,1059.0,1055.5563109596865,1056.0,1086.5,scheduled_departures
2026-06-12,2026-06-15,ORD,1062.0,1054.6548407481373,1057.0,1085.75,scheduled_departures
2026-06-12,2026-06-16,ORD,1040.0,1043.0377418224775,1037.0,1053.5,scheduled_departures
2026-06-12,2026-06-17,ORD,1047.0,1042.575516826401,1046.0,1066.5,scheduled_departures
2026-06-12,2026-06-18,ORD,1062.0,997.5090853201818,1061.0,1075.25,scheduled_departures
2026-06-12,2026-06-19,ORD,1063.0,793.9493831856604,1063.0,1081.75,scheduled_departures
2026-06-12,2026-06-13,PHX,477.0,478.7247348263359,473.0,481.0,scheduled_departures
2026-06-12,2026-06-14,PHX,526.0,534.7962910842313,530.0,551.75,scheduled_departures
2026-06-12,2026-06-15,PHX,541.0,549.4719798922755,544.0,573.25,scheduled_departures
2026-06-12,2026-06-16,PHX,504.0,526.4680962774252,507.0,515.25,scheduled_departures
2026-06-12,2026-06-17,PHX,512.0,522.1796232412555,512.0,532.0,scheduled_departures
2026-06-12,2026-06-18,PHX,541.0,520.7622112010455,540.0,555.0,scheduled_departures
2026-06-12,2026-06-19,PHX,541.0,393.6710382606209,541.0,557.75,scheduled_departures
2026-06-12,2026-06-13,SEA,494.0,498.4327815562126,480.0,464.25,scheduled_departures
2026-06-12,2026-06-14,SEA,528.0,524.7525165175348,514.0,496.5,scheduled_departures
2026-06-12,2026-06-15,SEA,530.0,524.1301557589796,516.0,501.25,scheduled_departures
2026-06-12,2026-06-16,SEA,512.0,517.1796859413844,497.0,482.0,scheduled_departures
2026-06-12,2026-06-17,SEA,511.0,522.4281007047607,512.0,491.25,scheduled_departures
2026-06-12,2026-06-18,SEA,533.0,516.4218353324707,532.0,511.0,scheduled_departures
2026-06-12,2026-06-19,SEA,532.0,404.9195230442124,531.0,514.0,scheduled_departures
2026-06-19,2026-06-20,ATL,782.0,788.250658571955,786.0,774.5,scheduled_departures
2026-06-19,2026-06-21,ATL,930.0,929.9398177087396,931.0,903.25,scheduled_departures
2026-06-19,2026-06-22,ATL,944.0,947.7655864215183,945.0,939.25,scheduled_departures
2026-06-19,2026-06-23,ATL,895.0,902.8572185094135,896.0,893.75,scheduled_departures
2026-06-19,2026-06-24,ATL,896.0,886.583007152698,898.0,897.5,scheduled_departures
2026-06-19,2026-06-25,ATL,942.0,931.1165784461638,940.0,940.25,scheduled_departures
2026-06-19,2026-06-26,ATL,943.0,933.9560512448221,941.0,940.0,scheduled_departures
2026-06-19,2026-06-20,CLT,476.0,491.54180608155247,475.0,471.5,scheduled_departures
2026-06-19,2026-06-21,CLT,514.0,517.4876270393569,514.0,512.25,scheduled_departures
2026-06-19,2026-06-22,CLT,516.0,526.0713922744698,516.0,514.5,scheduled_departures
2026-06-19,2026-06-23,CLT,492.0,500.8850755071506,492.0,486.0,scheduled_departures
2026-06-19,2026-06-24,CLT,500.0,499.22316432498144,500.0,494.25,scheduled_departures
2026-06-19,2026-06-25,CLT,518.0,527.2313596599028,518.0,518.75,scheduled_departures
2026-06-19,2026-06-26,CLT,517.0,525.697994579268,517.0,516.75,scheduled_departures
2026-06-19,2026-06-20,DEN,873.0,903.7966066897103,870.0,850.75,scheduled_departures
2026-06-19,2026-06-21,DEN,978.0,997.0232870363793,978.0,951.0,scheduled_departures
2026-06-19,2026-06-22,DEN,997.0,1017.6294614423259,996.0,980.0,scheduled_departures
2026-06-19,2026-06-23,DEN,918.0,925.8567121771874,918.0,895.25,scheduled_departures
2026-06-19,2026-06-24,DEN,953.0,949.0865310989656,952.0,927.75,scheduled_departures
2026-06-19,2026-06-25,DEN,1001.0,1006.8105426916492,998.0,989.25,scheduled_departures
2026-06-19,2026-06-26,DEN,1001.0,1004.3152072016213,1000.0,990.0,scheduled_departures
2026-06-19,2026-06-20,DFW,904.0,915.9043251647771,901.0,897.25,scheduled_departures
2026-06-19,2026-06-21,DFW,952.0,954.9617610061729,947.0,941.0,scheduled_departures
2026-06-19,2026-06-22,DFW,954.0,961.8157057786698,949.0,940.25,scheduled_departures
2026-06-19,2026-06-23,DFW,902.0,916.7814757993269,902.0,892.5,scheduled_departures
2026-06-19,2026-06-24,DFW,910.0,914.1848012257342,907.0,898.75,scheduled_departures
2026-06-19,2026-06-25,DFW,954.0,960.2121486252759,952.0,947.0,scheduled_departures
2026-06-19,2026-06-26,DFW,953.0,962.6235593882025,953.0,947.25,scheduled_departures
2026-06-19,2026-06-20,LAS,378.0,393.0066511177771,376.0,376.5,scheduled_departures
2026-06-19,2026-06-21,LAS,491.0,494.41993411724434,490.0,494.75,scheduled_departures
2026-06-19,2026-06-22,LAS,496.0,500.6943175364612,494.0,502.5,scheduled_departures
2026-06-19,2026-06-23,LAS,416.0,417.08644871800806,415.0,421.5,scheduled_departures
2026-06-19,2026-06-24,LAS,418.0,415.5921684549592,418.0,424.25,scheduled_departures
2026-06-19,2026-06-25,LAS,495.0,499.02645404828485,496.0,499.75,scheduled_departures
2026-06-19,2026-06-26,LAS,496.0,501.4388241611169,499.0,502.25,scheduled_departures
2026-06-19,2026-06-20,LAX,510.0,529.3112676572798,515.0,505.0,scheduled_departures
2026-06-19,2026-06-21,LAX,572.0,564.1302025769577,570.0,551.0,scheduled_departures
2026-06-19,2026-06-22,LAX,581.0,590.2470811094893,584.0,573.75,scheduled_departures
2026-06-19,2026-06-23,LAX,539.0,543.0440698227774,538.0,528.25,scheduled_departures
2026-06-19,2026-06-24,LAX,546.0,532.5676109463465,544.0,534.5,scheduled_departures
2026-06-19,2026-06-25,LAX,587.0,587.0384925276086,587.0,578.5,scheduled_departures
2026-06-19,2026-06-26,LAX,586.0,582.0466544907167,582.0,576.75,scheduled_departures
2026-06-19,2026-06-20,MCO,442.0,445.46895735669904,442.0,433.25,scheduled_departures
2026-06-19,2026-06-21,MCO,428.0,429.1056137752362,427.0,419.5,scheduled_departures
2026-06-19,2026-06-22,MCO,427.0,437.9787904650894,428.0,425.75,scheduled_departures
2026-06-19,2026-06-23,MCO,401.0,403.1437118265511,397.0,392.0,scheduled_departures
2026-06-19,2026-06-24,MCO,402.0,407.3157968885037,400.0,391.0,scheduled_departures
2026-06-19,2026-06-25,MCO,424.0,436.1985243932157,424.0,422.25,scheduled_departures
2026-06-19,2026-06-26,MCO,431.0,436.4728102666423,427.0,426.75,scheduled_departures
2026-06-19,2026-06-20,ORD,980.0,982.3759784589344,981.0,1004.5,scheduled_departures
2026-06-19,2026-06-21,ORD,1058.0,1064.474434746511,1059.0,1072.75,scheduled_departures
2026-06-19,2026-06-22,ORD,1061.0,1070.6207502789293,1062.0,1072.75,scheduled_departures
2026-06-19,2026-06-23,ORD,1039.0,1037.5228978896168,1040.0,1051.0,scheduled_departures
2026-06-19,2026-06-24,ORD,1041.0,1041.549797947027,1047.0,1059.25,scheduled_departures
2026-06-19,2026-06-25,ORD,1065.0,1063.317960016109,1062.0,1069.75,scheduled_departures
2026-06-19,2026-06-26,ORD,1067.0,1066.1574328147676,1063.0,1071.75,scheduled_departures
2026-06-19,2026-06-20,PHX,476.0,486.23256079661263,477.0,470.0,scheduled_departures
2026-06-19,2026-06-21,PHX,527.0,524.8794294910988,526.0,534.5,scheduled_departures
2026-06-19,2026-06-22,PHX,543.0,548.6808395095203,541.0,557.75,scheduled_departures
2026-06-19,2026-06-23,PHX,508.0,506.8985741254127,504.0,513.75,scheduled_departures
2026-06-19,2026-06-24,PHX,513.0,505.0717704876518,512.0,519.0,scheduled_departures
2026-06-19,2026-06-25,PHX,542.0,543.0523019433389,541.0,548.25,scheduled_departures
2026-06-19,2026-06-26,PHX,544.0,543.7801567649535,541.0,549.25,scheduled_departures
2026-06-19,2026-06-20,SEA,497.0,506.1595139154207,494.0,474.25,scheduled_departures
2026-06-19,2026-06-21,SEA,525.0,535.5992978393632,528.0,505.75,scheduled_departures
2026-06-19,2026-06-22,SEA,527.0,533.235487383677,530.0,511.5,scheduled_departures
2026-06-19,2026-06-23,SEA,511.0,513.175386644219,512.0,492.5,scheduled_departures
2026-06-19,2026-06-24,SEA,511.0,506.3585375959073,511.0,499.25,scheduled_departures
2026-06-19,2026-06-25,SEA,527.0,530.1805517741259,533.0,519.75,scheduled_departures
2026-06-19,2026-06-26,SEA,528.0,532.1736472904221,532.0,521.0,scheduled_departures
2026-06-26,2026-06-27,ATL,788.0,791.3257313844953,782.0,779.5,scheduled_departures
2026-06-26,2026-06-28,ATL,866.0,915.6835381731426,930.0,931.25,scheduled_departures
2026-06-26,2026-06-29,ATL,858.0,936.9159001456662,944.0,943.0,scheduled_departures
2026-06-26,2026-06-30,ATL,845.0,890.0806706752891,895.0,893.75,scheduled_departures
2026-06-26,2026-07-01,ATL,845.0,897.9622142059984,896.0,896.5,scheduled_departures
2026-06-26,2026-07-02,ATL,857.0,942.8757877808368,942.0,940.75,scheduled_departures
2026-06-26,2026-07-03,ATL,851.0,908.2174151328093,943.0,941.0,scheduled_departures
2026-06-26,2026-06-27,CLT,474.0,484.52356323079283,476.0,473.0,scheduled_departures
2026-06-26,2026-06-28,CLT,507.0,518.5137200097604,514.0,515.25,scheduled_departures
2026-06-26,2026-06-29,CLT,511.0,520.3780052235733,516.0,514.5,scheduled_departures
2026-06-26,2026-06-30,CLT,487.0,495.7645493446466,492.0,487.25,scheduled_departures
2026-06-26,2026-07-01,CLT,494.0,510.7278293906112,500.0,497.0,scheduled_departures
2026-06-26,2026-07-02,CLT,519.0,515.0480881285736,518.0,518.5,scheduled_departures
2026-06-26,2026-07-03,CLT,514.0,513.4922436164678,517.0,516.75,scheduled_departures
2026-06-26,2026-06-27,DEN,874.0,881.3055962331821,873.0,862.25,scheduled_departures
2026-06-26,2026-06-28,DEN,977.0,964.1162801942833,978.0,972.75,scheduled_departures
2026-06-26,2026-06-29,DEN,996.0,997.8455250051306,997.0,988.0,scheduled_departures
2026-06-26,2026-06-30,DEN,919.0,920.4692070088481,918.0,906.25,scheduled_departures
2026-06-26,2026-07-01,DEN,958.0,964.954773607011,953.0,940.25,scheduled_departures
2026-06-26,2026-07-02,DEN,1001.0,1000.214783122163,1001.0,997.75,scheduled_departures
2026-06-26,2026-07-03,DEN,976.0,969.5423002893743,1001.0,998.5,scheduled_departures
2026-06-26,2026-06-27,DFW,904.0,901.8282047159114,904.0,900.5,scheduled_departures
2026-06-26,2026-06-28,DFW,946.0,953.509441704728,952.0,946.5,scheduled_departures
2026-06-26,2026-06-29,DFW,946.0,959.4749434437311,954.0,946.25,scheduled_departures
2026-06-26,2026-06-30,DFW,895.0,909.8590223067471,902.0,895.25,scheduled_departures
2026-06-26,2026-07-01,DFW,906.0,917.729265812534,910.0,902.0,scheduled_departures
2026-06-26,2026-07-02,DFW,954.0,959.9492908751052,954.0,950.0,scheduled_departures
2026-06-26,2026-07-03,DFW,864.0,917.5224210764698,953.0,950.25,scheduled_departures
2026-06-26,2026-06-27,LAS,378.0,390.1126160824343,378.0,377.25,scheduled_departures
2026-06-26,2026-06-28,LAS,486.0,493.6533670391882,491.0,499.75,scheduled_departures
2026-06-26,2026-06-29,LAS,491.0,501.0164024940065,496.0,498.25,scheduled_departures
2026-06-26,2026-06-30,LAS,411.0,419.33261481620724,416.0,418.0,scheduled_departures
2026-06-26,2026-07-01,LAS,419.0,426.64651295900217,418.0,420.5,scheduled_departures
2026-06-26,2026-07-02,LAS,493.0,490.82734926764346,495.0,496.75,scheduled_departures
2026-06-26,2026-07-03,LAS,487.0,493.8778150191206,496.0,498.75,scheduled_departures
2026-06-26,2026-06-27,LAX,518.0,504.53016194570796,510.0,508.5,scheduled_departures
2026-06-26,2026-06-28,LAX,563.0,571.2784310786893,572.0,565.75,scheduled_departures
2026-06-26,2026-06-29,LAX,568.0,576.9375623726125,581.0,577.0,scheduled_departures
2026-06-26,2026-06-30,LAX,533.0,540.6602062027549,539.0,530.75,scheduled_departures
2026-06-26,2026-07-01,LAX,539.0,551.1309357112519,546.0,539.25,scheduled_departures
2026-06-26,2026-07-02,LAX,580.0,573.7997338760705,587.0,583.25,scheduled_departures
2026-06-26,2026-07-03,LAX,565.0,561.4644063639176,586.0,581.25,scheduled_departures
2026-06-26,2026-06-27,MCO,442.0,449.6544286187531,442.0,436.5,scheduled_departures
2026-06-26,2026-06-28,MCO,426.0,435.35918221906445,428.0,428.0,scheduled_departures
2026-06-26,2026-06-29,MCO,424.0,434.8671889637871,427.0,425.75,scheduled_departures
2026-06-26,2026-06-30,MCO,400.0,408.57669934714045,401.0,393.0,scheduled_departures
2026-06-26,2026-07-01,MCO,402.0,416.6975611992752,402.0,393.5,scheduled_departures
2026-06-26,2026-07-02,MCO,424.0,423.68208866919343,424.0,422.25,scheduled_departures
2026-06-26,2026-07-03,MCO,423.0,440.8326931953754,431.0,427.75,scheduled_departures
2026-06-26,2026-06-27,ORD,1009.0,961.7742057806414,980.0,992.75,scheduled_departures
2026-06-26,2026-06-28,ORD,1059.0,1058.1699160244993,1058.0,1065.75,scheduled_departures
2026-06-26,2026-06-29,ORD,1061.0,1067.8759453373664,1061.0,1062.5,scheduled_departures
2026-06-26,2026-06-30,ORD,1042.0,1036.3582664363687,1039.0,1040.0,scheduled_departures
2026-06-26,2026-07-01,ORD,1059.0,1041.4804808762215,1041.0,1047.0,scheduled_departures
2026-06-26,2026-07-02,ORD,1071.0,1060.4094441454804,1065.0,1060.25,scheduled_departures
2026-06-26,2026-07-03,ORD,1067.0,1030.9143572871558,1067.0,1062.25,scheduled_departures
2026-06-26,2026-06-27,PHX,475.0,485.956393166597,476.0,479.25,scheduled_departures
2026-06-26,2026-06-28,PHX,525.0,534.6781443211363,527.0,536.5,scheduled_departures
2026-06-26,2026-06-29,PHX,537.0,543.8329593803022,543.0,549.75,scheduled_departures
2026-06-26,2026-06-30,PHX,509.0,511.93912553474684,508.0,508.5,scheduled_departures
2026-06-26,2026-07-01,PHX,513.0,520.0274657646376,513.0,515.75,scheduled_departures
2026-06-26,2026-07-02,PHX,540.0,525.8623884652782,542.0,541.25,scheduled_departures
2026-06-26,2026-07-03,PHX,535.0,534.0302068619568,544.0,542.25,scheduled_departures
2026-06-26,2026-06-27,SEA,492.0,502.052388194221,497.0,483.75,scheduled_departures
2026-06-26,2026-06-28,SEA,524.0,529.293902881347,525.0,516.75,scheduled_departures
2026-06-26,2026-06-29,SEA,527.0,530.5743943706086,527.0,518.5,scheduled_departures
2026-06-26,2026-06-30,SEA,514.0,512.1352017777342,511.0,499.75,scheduled_departures
2026-06-26,2026-07-01,SEA,513.0,517.2933903103274,511.0,505.25,scheduled_departures
2026-06-26,2026-07-02,SEA,527.0,517.5038321272712,527.0,526.25,scheduled_departures
2026-06-26,2026-07-03,SEA,523.0,521.5772307320947,528.0,527.0,scheduled_departures
2026-07-03,2026-07-04,ATL,697.0,779.7509879386702,788.0,783.75,scheduled_departures
2026-07-03,2026-07-05,ATL,919.0,874.2958914906939,866.0,915.75,scheduled_departures
2026-07-03,2026-07-06,ATL,944.0,914.6424102994548,858.0,923.0,scheduled_departures
2026-07-03,2026-07-07,ATL,901.0,853.8396875338506,845.0,882.75,scheduled_departures
2026-07-03,2026-07-08,ATL,907.0,845.0223912422852,845.0,884.0,scheduled_departures
2026-07-03,2026-07-09,ATL,953.0,872.4706638025998,857.0,920.25,scheduled_departures
2026-07-03,2026-07-10,ATL,954.0,870.8580738231915,851.0,919.5,scheduled_departures
2026-07-03,2026-07-04,CLT,309.0,478.3323599036786,474.0,474.25,scheduled_departures
2026-07-03,2026-07-05,CLT,516.0,511.41762207667927,507.0,512.0,scheduled_departures
2026-07-03,2026-07-06,CLT,521.0,515.1095468462742,511.0,514.0,scheduled_departures
2026-07-03,2026-07-07,CLT,490.0,487.5210460561882,487.0,490.75,scheduled_departures
2026-07-03,2026-07-08,CLT,438.0,491.46980247898557,494.0,498.5,scheduled_departures
2026-07-03,2026-07-09,CLT,521.0,519.8410438612625,519.0,518.25,scheduled_departures
2026-07-03,2026-07-10,CLT,524.0,516.291650141521,514.0,516.25,scheduled_departures
2026-07-03,2026-07-04,DEN,657.0,889.0739468180763,874.0,872.25,scheduled_departures
2026-07-03,2026-07-05,DEN,972.0,973.5743755007653,977.0,976.75,scheduled_departures
2026-07-03,2026-07-06,DEN,994.0,1002.8750088912476,996.0,995.25,scheduled_departures
2026-07-03,2026-07-07,DEN,915.0,925.6850634904195,919.0,918.0,scheduled_departures
2026-07-03,2026-07-08,DEN,952.0,949.0250820750229,958.0,953.75,scheduled_departures
2026-07-03,2026-07-09,DEN,994.0,1005.9279011853185,1001.0,999.25,scheduled_departures
2026-07-03,2026-07-10,DEN,995.0,984.1331812661127,976.0,993.75,scheduled_departures
2026-07-03,2026-07-04,DFW,674.0,893.7522322240428,904.0,902.25,scheduled_departures
2026-07-03,2026-07-05,DFW,951.0,944.9304818232702,946.0,947.5,scheduled_departures
2026-07-03,2026-07-06,DFW,956.0,943.84940759307,946.0,948.5,scheduled_departures
2026-07-03,2026-07-07,DFW,837.0,900.3541266360137,895.0,898.0,scheduled_departures
2026-07-03,2026-07-08,DFW,906.0,905.547745391517,906.0,906.0,scheduled_departures
2026-07-03,2026-07-09,DFW,963.0,953.1082617679641,954.0,951.75,scheduled_departures
2026-07-03,2026-07-10,DFW,958.0,933.3751480514903,864.0,929.75,scheduled_departures
2026-07-03,2026-07-04,LAS,313.0,387.7324846504839,378.0,377.75,scheduled_departures
2026-07-03,2026-07-05,LAS,493.0,487.1193148828691,486.0,490.5,scheduled_departures
2026-07-03,2026-07-06,LAS,498.0,494.4331927612107,491.0,495.5,scheduled_departures
2026-07-03,2026-07-07,LAS,422.0,414.31595162906694,411.0,415.25,scheduled_departures
2026-07-03,2026-07-08,LAS,429.0,419.5331750316862,419.0,419.25,scheduled_departures
2026-07-03,2026-07-09,LAS,500.0,494.42030207229953,493.0,495.0,scheduled_departures
2026-07-03,2026-07-10,LAS,503.0,489.89860228855724,487.0,495.0,scheduled_departures
2026-07-03,2026-07-04,LAX,446.0,520.7055474936468,518.0,512.5,scheduled_departures
2026-07-03,2026-07-05,LAX,572.0,560.5041678095399,563.0,566.75,scheduled_departures
2026-07-03,2026-07-06,LAX,587.0,565.6924866499023,568.0,577.25,scheduled_departures
2026-07-03,2026-07-07,LAX,550.0,533.8176993885929,533.0,535.0,scheduled_departures
2026-07-03,2026-07-08,LAX,554.0,527.3468858198546,539.0,542.75,scheduled_departures
2026-07-03,2026-07-09,LAX,591.0,571.9235732618854,580.0,585.0,scheduled_departures
2026-07-03,2026-07-10,LAX,589.0,556.3683484485838,565.0,579.5,scheduled_departures
2026-07-03,2026-07-04,MCO,351.0,438.1092773265944,442.0,440.0,scheduled_departures
2026-07-03,2026-07-05,MCO,445.0,431.26597033095743,426.0,427.0,scheduled_departures
2026-07-03,2026-07-06,MCO,432.0,432.48487726431955,424.0,425.75,scheduled_departures
2026-07-03,2026-07-07,MCO,413.0,404.0760506922431,400.0,397.0,scheduled_departures
2026-07-03,2026-07-08,MCO,409.0,402.57770471053595,402.0,399.0,scheduled_departures
2026-07-03,2026-07-09,MCO,431.0,430.3220366740387,424.0,423.5,scheduled_departures
2026-07-03,2026-07-10,MCO,428.0,428.69901860090386,423.0,427.25,scheduled_departures
2026-07-03,2026-07-04,ORD,945.0,998.4173098234065,1009.0,987.75,scheduled_departures
2026-07-03,2026-07-05,ORD,1072.0,1062.6253522132122,1059.0,1058.0,scheduled_departures
2026-07-03,2026-07-06,ORD,1078.0,1065.0851949774728,1061.0,1060.25,scheduled_departures
2026-07-03,2026-07-07,ORD,1063.0,1042.3166170421534,1042.0,1039.5,scheduled_departures
2026-07-03,2026-07-08,ORD,1070.0,1050.9410210874614,1059.0,1048.25,scheduled_departures
2026-07-03,2026-07-09,ORD,1081.0,1069.2697996496763,1071.0,1064.75,scheduled_departures
2026-07-03,2026-07-10,ORD,1083.0,1066.5184069450313,1067.0,1065.0,scheduled_departures
2026-07-03,2026-07-04,PHX,320.0,484.5426204527802,475.0,475.25,scheduled_departures
2026-07-03,2026-07-05,PHX,526.0,528.659517170267,525.0,527.0,scheduled_departures
2026-07-03,2026-07-06,PHX,541.0,540.069716388784,537.0,541.25,scheduled_departures
2026-07-03,2026-07-07,PHX,514.0,512.8942497120868,509.0,507.0,scheduled_departures
2026-07-03,2026-07-08,PHX,511.0,509.1567265084968,513.0,512.5,scheduled_departures
2026-07-03,2026-07-09,PHX,539.0,539.9288182320922,540.0,540.75,scheduled_departures
2026-07-03,2026-07-10,PHX,541.0,535.2693391060993,535.0,540.25,scheduled_departures
2026-07-03,2026-07-04,SEA,419.0,489.7488593424835,492.0,490.75,scheduled_departures
2026-07-03,2026-07-05,SEA,526.0,526.8976011380242,524.0,522.75,scheduled_departures
2026-07-03,2026-07-06,SEA,537.0,530.789382899878,527.0,525.0,scheduled_departures
2026-07-03,2026-07-07,SEA,524.0,511.9909686260185,514.0,508.5,scheduled_departures
2026-07-03,2026-07-08,SEA,519.0,506.64773934233204,513.0,511.75,scheduled_departures
2026-07-03,2026-07-09,SEA,535.0,528.5964245385286,527.0,529.75,scheduled_departures
2026-07-03,2026-07-10,SEA,531.0,524.1892895264306,523.0,528.5,scheduled_departures
2026-07-10,2026-07-11,ATL,793.0,733.5481439244161,697.0,763.25,scheduled_departures
2026-07-10,2026-07-12,ATL,949.0,878.3870781163741,919.0,911.5,scheduled_departures
2026-07-10,2026-07-13,ATL,958.0,936.1070174266305,944.0,922.75,scheduled_departures
2026-07-10,2026-07-14,ATL,906.0,897.9867640397346,901.0,884.25,scheduled_departures
2026-07-10,2026-07-15,ATL,908.0,904.6185359643196,907.0,886.5,scheduled_departures
2026-07-10,2026-07-16,ATL,954.0,952.8654136729616,953.0,923.0,scheduled_departures
2026-07-10,2026-07-17,ATL,958.0,954.0186241192791,954.0,922.25,scheduled_departures
2026-07-10,2026-07-11,CLT,482.0,449.6795794582399,309.0,433.5,scheduled_departures
2026-07-10,2026-07-12,CLT,515.0,497.94639231951874,516.0,512.75,scheduled_departures
2026-07-10,2026-07-13,CLT,524.0,513.4605923021724,521.0,516.0,scheduled_departures
2026-07-10,2026-07-14,CLT,494.0,483.43470119625505,490.0,490.25,scheduled_departures
2026-07-10,2026-07-15,CLT,502.0,438.0563256139682,438.0,483.0,scheduled_departures
2026-07-10,2026-07-16,CLT,522.0,520.0121354309146,521.0,519.0,scheduled_departures
2026-07-10,2026-07-17,CLT,523.0,523.1787944654824,524.0,518.0,scheduled_departures
2026-07-10,2026-07-11,DEN,872.0,716.8860582216054,657.0,818.5,scheduled_departures
2026-07-10,2026-07-12,DEN,973.0,959.8858554981225,972.0,976.25,scheduled_departures
2026-07-10,2026-07-13,DEN,996.0,987.4764111080915,994.0,995.75,scheduled_departures
2026-07-10,2026-07-14,DEN,915.0,912.1413282510251,915.0,917.5,scheduled_departures
2026-07-10,2026-07-15,DEN,954.0,944.8287643680493,952.0,953.75,scheduled_departures
2026-07-10,2026-07-16,DEN,995.0,992.1456466811475,994.0,998.5,scheduled_departures
2026-07-10,2026-07-17,DEN,997.0,990.0884799513218,995.0,993.0,scheduled_departures
2026-07-10,2026-07-11,DFW,904.0,735.7074276618729,674.0,845.75,scheduled_departures
2026-07-10,2026-07-12,DFW,958.0,913.5600657449936,951.0,949.0,scheduled_departures
2026-07-10,2026-07-13,DFW,958.0,911.920790085859,956.0,951.25,scheduled_departures
2026-07-10,2026-07-14,DFW,904.0,827.5278822547665,837.0,884.0,scheduled_departures
2026-07-10,2026-07-15,DFW,907.0,864.0826863483833,906.0,907.25,scheduled_departures
2026-07-10,2026-07-16,DFW,962.0,924.5246494107375,963.0,955.75,scheduled_departures
2026-07-10,2026-07-17,DFW,960.0,921.0970471408116,958.0,932.0,scheduled_departures
2026-07-10,2026-07-11,LAS,387.0,339.9106984756076,313.0,361.25,scheduled_departures
2026-07-10,2026-07-12,LAS,501.0,486.69845182633156,493.0,490.0,scheduled_departures
2026-07-10,2026-07-13,LAS,501.0,496.5548502002049,498.0,494.75,scheduled_departures
2026-07-10,2026-07-14,LAS,425.0,420.9171362514795,422.0,416.0,scheduled_departures
2026-07-10,2026-07-15,LAS,432.0,430.3434011926281,429.0,421.0,scheduled_departures
2026-07-10,2026-07-16,LAS,503.0,504.0045516148942,500.0,496.0,scheduled_departures
2026-07-10,2026-07-17,LAS,503.0,501.8959311569892,503.0,496.25,scheduled_departures
2026-07-10,2026-07-11,LAX,516.0,457.13142034839683,446.0,497.25,scheduled_departures
2026-07-10,2026-07-12,LAX,579.0,555.7627217036027,572.0,569.25,scheduled_departures
2026-07-10,2026-07-13,LAX,585.0,575.1557194093555,587.0,580.0,scheduled_departures
2026-07-10,2026-07-14,LAX,548.0,542.6119962400537,550.0,540.0,scheduled_departures
2026-07-10,2026-07-15,LAX,554.0,549.2488492541569,554.0,545.75,scheduled_departures
2026-07-10,2026-07-16,LAX,589.0,587.8534579838829,591.0,586.25,scheduled_departures
2026-07-10,2026-07-17,LAX,588.0,586.0201170184506,589.0,580.5,scheduled_departures
2026-07-10,2026-07-11,MCO,446.0,416.8578077176063,351.0,419.25,scheduled_departures
2026-07-10,2026-07-12,MCO,441.0,440.6922980935043,445.0,431.5,scheduled_departures
2026-07-10,2026-07-13,MCO,429.0,431.96525028210175,432.0,427.75,scheduled_departures
2026-07-10,2026-07-14,MCO,409.0,412.02246217974704,413.0,402.75,scheduled_departures
2026-07-10,2026-07-15,MCO,408.0,409.99696267785765,409.0,403.25,scheduled_departures
2026-07-10,2026-07-16,MCO,430.0,433.4741697198973,431.0,425.75,scheduled_departures
2026-07-10,2026-07-17,MCO,431.0,430.64082875446513,428.0,427.25,scheduled_departures
2026-07-10,2026-07-11,ORD,1015.0,932.1797676513593,945.0,978.75,scheduled_departures
2026-07-10,2026-07-12,ORD,1079.0,1063.9862171692253,1072.0,1062.0,scheduled_departures
2026-07-10,2026-07-13,ORD,1081.0,1069.50019082002,1078.0,1065.5,scheduled_departures
2026-07-10,2026-07-14,ORD,1065.0,1058.8312192239994,1063.0,1046.0,scheduled_departures
2026-07-10,2026-07-15,ORD,1070.0,1065.8688979275355,1070.0,1054.25,scheduled_departures
2026-07-10,2026-07-16,ORD,1081.0,1071.9620699846566,1081.0,1069.75,scheduled_departures
2026-07-10,2026-07-17,ORD,1082.0,1075.0382983477139,1083.0,1070.0,scheduled_departures
2026-07-10,2026-07-11,PHX,481.0,458.4202567726036,320.0,437.0,scheduled_departures
2026-07-10,2026-07-12,PHX,528.0,507.2046311998919,526.0,526.0,scheduled_departures
2026-07-10,2026-07-13,PHX,544.0,533.9841160438813,541.0,540.5,scheduled_departures
2026-07-10,2026-07-14,PHX,517.0,509.80059358769,514.0,508.75,scheduled_departures
2026-07-10,2026-07-15,PHX,520.0,510.82299874952105,511.0,512.25,scheduled_departures
2026-07-10,2026-07-16,PHX,542.0,539.2869334044716,539.0,540.5,scheduled_departures
2026-07-10,2026-07-17,PHX,543.0,540.937241418119,541.0,540.25,scheduled_departures
2026-07-10,2026-07-11,SEA,498.0,419.751619549582,419.0,475.5,scheduled_departures
2026-07-10,2026-07-12,SEA,532.0,508.9109224547311,526.0,525.75,scheduled_departures
2026-07-10,2026-07-13,SEA,535.0,533.0222371410172,537.0,530.25,scheduled_departures
2026-07-10,2026-07-14,SEA,522.0,520.2129150847388,524.0,515.25,scheduled_departures
2026-07-10,2026-07-15,SEA,519.0,518.83974923256,519.0,513.5,scheduled_departures
2026-07-10,2026-07-16,SEA,538.0,535.0416812552268,535.0,530.5,scheduled_departures
2026-07-10,2026-07-17,SEA,536.0,531.2083402897946,531.0,528.5,scheduled_departures
2026-07-17,2026-07-18,ATL,793.0,822.691071178968,793.0,765.0,scheduled_departures
2026-07-17,2026-07-19,ATL,945.0,953.7182495913203,949.0,916.0,scheduled_departures
2026-07-17,2026-07-20,ATL,955.0,965.4244629361168,958.0,926.0,scheduled_departures
2026-07-17,2026-07-21,ATL,903.0,911.4006591580282,906.0,886.75,scheduled_departures
2026-07-17,2026-07-22,ATL,909.0,913.5628095116388,908.0,889.0,scheduled_departures
2026-07-17,2026-07-23,ATL,951.0,968.290843469669,954.0,926.5,scheduled_departures
2026-07-17,2026-07-24,ATL,953.0,968.2502342860433,958.0,926.5,scheduled_departures
2026-07-17,2026-07-18,CLT,482.0,477.218377253767,482.0,435.25,scheduled_departures
2026-07-17,2026-07-19,CLT,519.0,515.423906844578,515.0,513.0,scheduled_departures
2026-07-17,2026-07-20,CLT,524.0,522.942023078332,524.0,518.0,scheduled_departures
2026-07-17,2026-07-21,CLT,494.0,492.39303419961266,494.0,490.75,scheduled_departures
2026-07-17,2026-07-22,CLT,502.0,499.9852367010653,502.0,483.5,scheduled_departures
2026-07-17,2026-07-23,CLT,524.0,521.2531188906294,522.0,520.0,scheduled_departures
2026-07-17,2026-07-24,CLT,524.0,517.6218624885332,523.0,519.5,scheduled_departures
2026-07-17,2026-07-18,DEN,872.0,894.1393798352306,872.0,819.0,scheduled_departures
2026-07-17,2026-07-19,DEN,974.0,980.8005279581798,973.0,975.0,scheduled_departures
2026-07-17,2026-07-20,DEN,996.0,1008.7073874847857,996.0,995.75,scheduled_departures
2026-07-17,2026-07-21,DEN,915.0,929.2481858277093,915.0,916.75,scheduled_departures
2026-07-17,2026-07-22,DEN,952.0,965.2297191181611,954.0,954.25,scheduled_departures
2026-07-17,2026-07-23,DEN,994.0,1007.6368716604858,995.0,997.75,scheduled_departures
2026-07-17,2026-07-24,DEN,997.0,1007.6453377110429,997.0,992.25,scheduled_departures
2026-07-17,2026-07-18,DFW,905.0,916.8947222440481,904.0,846.5,scheduled_departures
2026-07-17,2026-07-19,DFW,957.0,970.1562180827818,958.0,951.75,scheduled_departures
2026-07-17,2026-07-20,DFW,958.0,967.7968589917951,958.0,953.5,scheduled_departures
2026-07-17,2026-07-21,DFW,904.0,906.2942664403823,904.0,884.5,scheduled_departures
2026-07-17,2026-07-22,DFW,909.0,909.0965471409961,907.0,907.25,scheduled_departures
2026-07-17,2026-07-23,DFW,961.0,964.8506351161042,962.0,958.25,scheduled_departures
2026-07-17,2026-07-24,DFW,957.0,964.1688574399504,960.0,933.75,scheduled_departures
2026-07-17,2026-07-18,LAS,387.0,388.48717161178433,387.0,364.0,scheduled_departures
2026-07-17,2026-07-19,LAS,503.0,503.71822953891007,501.0,492.75,scheduled_departures
2026-07-17,2026-07-20,LAS,502.0,502.23634577266404,501.0,496.5,scheduled_departures
2026-07-17,2026-07-21,LAS,423.0,428.53102035915714,425.0,418.5,scheduled_departures
2026-07-17,2026-07-22,LAS,432.0,435.542645220278,432.0,424.5,scheduled_departures
2026-07-17,2026-07-23,LAS,503.0,505.28680485639745,503.0,497.75,scheduled_departures
2026-07-17,2026-07-24,LAS,503.0,504.50238515398894,503.0,497.25,scheduled_departures
2026-07-17,2026-07-18,LAX,518.0,520.1796455944725,516.0,497.5,scheduled_departures
2026-07-17,2026-07-19,LAX,579.0,577.7467521814544,579.0,571.5,scheduled_departures
2026-07-17,2026-07-20,LAX,585.0,582.2648684152083,585.0,580.25,scheduled_departures
2026-07-17,2026-07-21,LAX,548.0,545.1926072263745,548.0,542.5,scheduled_departures
2026-07-17,2026-07-22,LAX,555.0,551.354757579985,554.0,548.25,scheduled_departures
2026-07-17,2026-07-23,LAX,589.0,586.2629184300561,589.0,586.75,scheduled_departures
2026-07-17,2026-07-24,LAX,588.0,580.6316620279599,588.0,582.0,scheduled_departures
2026-07-17,2026-07-18,MCO,445.0,442.44616320311997,446.0,420.25,scheduled_departures
2026-07-17,2026-07-19,MCO,440.0,444.63294221766364,441.0,435.0,scheduled_departures
2026-07-17,2026-07-20,MCO,430.0,431.6170461076479,429.0,428.0,scheduled_departures
2026-07-17,2026-07-21,MCO,409.0,413.1105788063857,409.0,405.75,scheduled_departures
2026-07-17,2026-07-22,MCO,408.0,411.13476197844653,408.0,405.25,scheduled_departures
2026-07-17,2026-07-23,MCO,429.0,432.8938421388982,430.0,427.25,scheduled_departures
2026-07-17,2026-07-24,MCO,431.0,433.068032962162,431.0,428.25,scheduled_departures
2026-07-17,2026-07-18,ORD,1014.0,1014.0563255374873,1015.0,987.25,scheduled_departures
2026-07-17,2026-07-19,ORD,1080.0,1081.109614438738,1079.0,1067.0,scheduled_departures
2026-07-17,2026-07-20,ORD,1081.0,1084.8647013307957,1081.0,1070.25,scheduled_departures
2026-07-17,2026-07-21,ORD,1066.0,1074.6523422142884,1065.0,1052.25,scheduled_departures
2026-07-17,2026-07-22,ORD,1071.0,1071.0521531622535,1070.0,1060.0,scheduled_departures
2026-07-17,2026-07-23,ORD,1081.0,1082.3571584654144,1081.0,1074.5,scheduled_departures
2026-07-17,2026-07-24,ORD,1082.0,1079.4850021234554,1082.0,1074.75,scheduled_departures
2026-07-17,2026-07-18,PHX,482.0,476.4387486977792,481.0,438.0,scheduled_departures
2026-07-17,2026-07-19,PHX,528.0,527.9022556908216,528.0,526.5,scheduled_departures
2026-07-17,2026-07-20,PHX,543.0,542.4863909296126,544.0,541.25,scheduled_departures
2026-07-17,2026-07-21,PHX,517.0,514.4722428992701,517.0,512.0,scheduled_departures
2026-07-17,2026-07-22,PHX,520.0,517.6343932528805,520.0,514.25,scheduled_departures
2026-07-17,2026-07-23,PHX,541.0,540.763186960863,542.0,540.75,scheduled_departures
2026-07-17,2026-07-24,PHX,543.0,537.1319305587668,543.0,540.75,scheduled_departures
2026-07-17,2026-07-18,SEA,498.0,497.0978035435012,498.0,476.5,scheduled_departures
2026-07-17,2026-07-19,SEA,540.0,533.6343991194975,532.0,526.75,scheduled_departures
2026-07-17,2026-07-20,SEA,538.0,535.1525153532515,535.0,531.5,scheduled_departures
2026-07-17,2026-07-21,SEA,522.0,521.768812406618,522.0,517.75,scheduled_departures
2026-07-17,2026-07-22,SEA,519.0,518.9309627602285,519.0,515.5,scheduled_departures
2026-07-17,2026-07-23,SEA,538.0,538.4293113845017,538.0,531.75,scheduled_departures
2026-07-17,2026-07-24,SEA,536.0,531.2965569733851,536.0,529.5,scheduled_departures
2026-07-24,2026-07-25,ATL,793.0,805.6905368993716,793.0,767.75,scheduled_departures
2026-07-24,2026-07-26,ATL,942.0,950.3063107927252,945.0,919.75,scheduled_departures
2026-07-24,2026-07-27,ATL,954.0,968.7149753884495,955.0,928.75,scheduled_departures
2026-07-24,2026-07-28,ATL,904.0,915.4133921681295,903.0,888.75,scheduled_departures
2026-07-24,2026-07-29,ATL,907.0,913.8797594669209,909.0,892.25,scheduled_departures
2026-07-24,2026-07-30,ATL,951.0,966.3703891645407,951.0,928.75,scheduled_departures
2026-07-24,2026-07-31,ATL,954.0,966.6306945204662,953.0,929.0,scheduled_departures
2026-07-24,2026-07-25,CLT,482.0,479.44383383982625,482.0,436.75,scheduled_departures
2026-07-24,2026-07-26,CLT,521.0,518.4013213637566,519.0,514.25,scheduled_departures
2026-07-24,2026-07-27,CLT,524.0,525.2176935796195,524.0,520.0,scheduled_departures
2026-07-24,2026-07-28,CLT,494.0,503.3714384098553,494.0,491.25,scheduled_departures
2026-07-24,2026-07-29,CLT,502.0,503.3050767161825,502.0,484.0,scheduled_departures
2026-07-24,2026-07-30,CLT,524.0,525.3660029382237,524.0,521.5,scheduled_departures
2026-07-24,2026-07-31,CLT,524.0,524.9285301115918,524.0,521.25,scheduled_departures
2026-07-24,2026-07-25,DEN,872.0,879.3908249966132,872.0,818.75,scheduled_departures
2026-07-24,2026-07-26,DEN,974.0,977.884691811813,974.0,974.0,scheduled_departures
2026-07-24,2026-07-27,DEN,994.0,1003.3946192780911,996.0,995.5,scheduled_departures
2026-07-24,2026-07-28,DEN,911.0,931.6763003225276,915.0,916.0,scheduled_departures
2026-07-24,2026-07-29,DEN,950.0,957.4371747438264,952.0,954.0,scheduled_departures
2026-07-24,2026-07-30,DEN,992.0,998.8384130317993,994.0,996.0,scheduled_departures
2026-07-24,2026-07-31,DEN,994.0,1001.7911360581701,997.0,991.25,scheduled_departures
2026-07-24,2026-07-25,DFW,903.0,899.0431024503225,905.0,846.75,scheduled_departures
2026-07-24,2026-07-26,DFW,957.0,956.2861284222333,957.0,953.0,scheduled_departures
2026-07-24,2026-07-27,DFW,956.0,958.4441333572105,958.0,954.5,scheduled_departures
2026-07-24,2026-07-28,DFW,904.0,914.5274711664405,904.0,885.0,scheduled_departures
2026-07-24,2026-07-29,DFW,909.0,909.4523651049456,909.0,907.0,scheduled_departures
2026-07-24,2026-07-30,DFW,961.0,958.3420503575975,961.0,960.0,scheduled_departures
2026-07-24,2026-07-31,DFW,960.0,961.4236973629016,957.0,934.75,scheduled_departures
2026-07-24,2026-07-25,LAS,387.0,388.36572968826795,387.0,366.25,scheduled_departures
2026-07-24,2026-07-26,LAS,504.0,502.6020578197459,503.0,495.75,scheduled_departures
2026-07-24,2026-07-27,LAS,502.0,503.26032148139336,502.0,498.0,scheduled_departures
2026-07-24,2026-07-28,LAS,424.0,435.9678939741252,423.0,420.25,scheduled_departures
2026-07-24,2026-07-29,LAS,431.0,434.89578994575453,432.0,428.0,scheduled_departures
2026-07-24,2026-07-30,LAS,502.0,504.9391155520163,503.0,499.75,scheduled_departures
2026-07-24,2026-07-31,LAS,503.0,504.36971951891593,503.0,499.0,scheduled_departures
2026-07-24,2026-07-25,LAX,518.0,519.1251264035218,518.0,499.5,scheduled_departures
2026-07-24,2026-07-26,LAX,579.0,574.3438231127577,579.0,573.25,scheduled_departures
2026-07-24,2026-07-27,LAX,585.0,581.9233795905752,585.0,581.25,scheduled_departures
2026-07-24,2026-07-28,LAX,548.0,555.5576686436011,548.0,544.75,scheduled_departures
2026-07-24,2026-07-29,LAX,555.0,550.3233419691177,555.0,550.5,scheduled_departures
2026-07-24,2026-07-30,LAX,588.0,586.6983187389756,589.0,587.25,scheduled_departures
2026-07-24,2026-07-31,LAX,587.0,585.2608459123436,588.0,582.5,scheduled_departures
2026-07-24,2026-07-25,MCO,448.0,443.60781179907,445.0,421.0,scheduled_departures
2026-07-24,2026-07-26,MCO,441.0,440.4716576757863,440.0,438.0,scheduled_departures
2026-07-24,2026-07-27,MCO,429.0,433.3413632227148,430.0,428.75,scheduled_departures
2026-07-24,2026-07-28,MCO,410.0,421.0277817162565,409.0,407.75,scheduled_departures
2026-07-24,2026-07-29,MCO,406.0,409.9705627451389,408.0,406.75,scheduled_departures
2026-07-24,2026-07-30,MCO,427.0,433.5617632506385,429.0,428.5,scheduled_departures
2026-07-24,2026-07-31,MCO,431.0,435.1242904240065,431.0,428.25,scheduled_departures
2026-07-24,2026-07-25,ORD,1014.0,1027.7869087329636,1014.0,995.75,scheduled_departures
2026-07-24,2026-07-26,ORD,1080.0,1082.8499635515889,1080.0,1072.5,scheduled_departures
2026-07-24,2026-07-27,ORD,1081.0,1081.6579843947627,1081.0,1075.25,scheduled_departures
2026-07-24,2026-07-28,ORD,1065.0,1078.7312159450096,1066.0,1059.0,scheduled_departures
2026-07-24,2026-07-29,ORD,1070.0,1074.901196371305,1071.0,1067.5,scheduled_departures
2026-07-24,2026-07-30,ORD,1081.0,1086.979992000539,1081.0,1078.5,scheduled_departures
2026-07-24,2026-07-31,ORD,1082.0,1087.542519173907,1082.0,1078.5,scheduled_departures
2026-07-24,2026-07-25,PHX,482.0,482.5121202086082,482.0,439.5,scheduled_departures
2026-07-24,2026-07-26,PHX,529.0,525.51572571437,528.0,526.75,scheduled_departures
2026-07-24,2026-07-27,PHX,542.0,540.8761429190528,543.0,541.25,scheduled_departures
2026-07-24,2026-07-28,PHX,515.0,525.1751007326799,517.0,514.25,scheduled_departures
2026-07-24,2026-07-29,PHX,518.0,518.1178817615623,520.0,516.0,scheduled_departures
2026-07-24,2026-07-30,PHX,540.0,538.3535576974007,541.0,540.5,scheduled_departures
2026-07-24,2026-07-31,PHX,541.0,539.9160848707687,543.0,540.5,scheduled_departures
2026-07-24,2026-07-25,SEA,497.0,499.2792046717604,498.0,476.75,scheduled_departures
2026-07-24,2026-07-26,SEA,539.0,538.2257616425411,540.0,530.5,scheduled_departures
2026-07-24,2026-07-27,SEA,538.0,538.2654815021199,538.0,534.25,scheduled_departures
2026-07-24,2026-07-28,SEA,522.0,531.2407851462177,522.0,520.5,scheduled_departures
2026-07-24,2026-07-29,SEA,519.0,518.8634119875347,519.0,517.5,scheduled_departures
2026-07-24,2026-07-30,SEA,538.0,539.0936366731587,538.0,534.5,scheduled_departures
2026-07-24,2026-07-31,SEA,536.0,536.6561638465267,536.0,531.5,scheduled_departures
2026-06-05,2026-06-06,ATL,0.13066,0.14832041607086446,0.13893,0.17793750000000003,arr_delay_rate
2026-06-05,2026-06-07,ATL,0.22919,0.20396387134402566,0.1694,0.235785,arr_delay_rate
2026-06-05,2026-06-08,ATL,0.26226,0.1892484785636597,0.16043,0.25118999999999997,arr_delay_rate
2026-06-05,2026-06-09,ATL,0.1264,0.15685126048205722,0.10282,0.20738499999999999,arr_delay_rate
2026-06-05,2026-06-10,ATL,0.18913,0.1562971422226383,0.08511,0.1674275,arr_delay_rate
2026-06-05,2026-06-11,ATL,0.20302,0.19857212203666413,0.09382,0.15065,arr_delay_rate
2026-06-05,2026-06-12,ATL,0.24646,0.1347685276914649,0.07051,0.2409,arr_delay_rate
2026-06-05,2026-06-06,CLT,0.1617,0.2360913627996761,0.371,0.2604275,arr_delay_rate
2026-06-05,2026-06-07,CLT,0.18849,0.18699153093304102,0.18654,0.21316249999999998,arr_delay_rate
2026-06-05,2026-06-08,CLT,0.24023,0.1799897328563903,0.37109,0.2456525,arr_delay_rate
2026-06-05,2026-06-09,CLT,0.19959,0.11696276842710941,0.12979,0.179305,arr_delay_rate
2026-06-05,2026-06-10,CLT,0.26735,0.17950012941920163,0.10678,0.193375,arr_delay_rate
2026-06-05,2026-06-11,CLT,0.24752,0.20180424892114762,0.175,0.231215,arr_delay_rate
2026-06-05,2026-06-12,CLT,0.37931,0.21205934701227636,0.08949,0.18806499999999998,arr_delay_rate
2026-06-05,2026-06-06,DEN,0.25694,0.19748364820422282,0.30889,0.19700499999999999,arr_delay_rate
2026-06-05,2026-06-07,DEN,0.39835,0.15968301456553938,0.16021,0.21600499999999997,arr_delay_rate
2026-06-05,2026-06-08,DEN,0.52134,0.21135187355804408,0.54517,0.3319975,arr_delay_rate
2026-06-05,2026-06-09,DEN,0.27681,0.14179618422173138,0.2235,0.1968925,arr_delay_rate
2026-06-05,2026-06-10,DEN,0.27455,0.19462310564781918,0.26474,0.2243125,arr_delay_rate
2026-06-05,2026-06-11,DEN,0.36864,0.20497730303128253,0.3498,0.304585,arr_delay_rate
2026-06-05,2026-06-12,DEN,0.3055,0.1812306408272427,0.21976,0.24722000000000002,arr_delay_rate
2026-06-05,2026-06-06,DFW,0.48333,0.2403138182624684,0.1566,0.2379,arr_delay_rate
2026-06-05,2026-06-07,DFW,0.80718,0.2490797001726521,0.23723,0.38781,arr_delay_rate
2026-06-05,2026-06-08,DFW,0.45358,0.22316326412643486,0.23258,0.30499750000000003,arr_delay_rate
2026-06-05,2026-06-09,DFW,0.22722,0.29302877232791347,0.46051,0.4220925,arr_delay_rate
2026-06-05,2026-06-10,DFW,0.21082,0.21055746909584153,0.24535,0.32475,arr_delay_rate
2026-06-05,2026-06-11,DFW,0.2955,0.22887531956077278,0.31712,0.2857075,arr_delay_rate
2026-06-05,2026-06-12,DFW,0.63158,0.19370296195170808,0.28647,0.23378,arr_delay_rate
2026-06-05,2026-06-06,LAS,0.1752,0.13963660379365206,0.13032,0.12857,arr_delay_rate
2026-06-05,2026-06-07,LAS,0.33402,0.18606287297627322,0.18462,0.2650525,arr_delay_rate
2026-06-05,2026-06-08,LAS,0.29459,0.25030268591001076,0.25703,0.36689499999999997,arr_delay_rate
2026-06-05,2026-06-09,LAS,0.19471,0.1585343433918725,0.15422,0.2096825,arr_delay_rate
2026-06-05,2026-06-10,LAS,0.24402,0.14818572796701457,0.21277,0.21833999999999998,arr_delay_rate
2026-06-05,2026-06-11,LAS,0.3551,0.23337497145308309,0.26653,0.300465,arr_delay_rate
2026-06-05,2026-06-12,LAS,0.41649,0.1899370380655725,0.2751,0.28613500000000003,arr_delay_rate
2026-06-05,2026-06-06,LAX,0.172,0.2010145711067723,0.106,0.162085,arr_delay_rate
2026-06-05,2026-06-07,LAX,0.24635,0.21412715850818936,0.15827,0.1941,arr_delay_rate
2026-06-05,2026-06-08,LAX,0.24913,0.21358082926749106,0.17699,0.233335,arr_delay_rate
2026-06-05,2026-06-09,LAX,0.18406,0.20817184539049538,0.1611,0.1935125,arr_delay_rate
2026-06-05,2026-06-10,LAX,0.24015,0.1730662084288639,0.20881,0.1959975,arr_delay_rate
2026-06-05,2026-06-11,LAX,0.29298,0.19760540577475086,0.21853,0.24018,arr_delay_rate
2026-06-05,2026-06-12,LAX,0.30053,0.19615035658571975,0.20211,0.2146975,arr_delay_rate
2026-06-05,2026-06-06,MCO,0.17136,0.1971301676921983,0.17453,0.17029,arr_delay_rate
2026-06-05,2026-06-07,MCO,0.24471,0.29660161155087683,0.24942,0.226485,arr_delay_rate
2026-06-05,2026-06-08,MCO,0.1844,0.2752707841428912,0.20853,0.2120425,arr_delay_rate
2026-06-05,2026-06-09,MCO,0.10797,0.21620751891590348,0.13193,0.1987425,arr_delay_rate
2026-06-05,2026-06-10,MCO,0.22165,0.17892311864598887,0.12665,0.1958025,arr_delay_rate
2026-06-05,2026-06-11,MCO,0.24257,0.21706745829654522,0.12201,0.17264249999999998,arr_delay_rate
2026-06-05,2026-06-12,MCO,0.32143,0.25519293576822716,0.11111,0.179495,arr_delay_rate
2026-06-05,2026-06-06,ORD,0.2623,0.2364204563790304,0.14786,0.16187500000000002,arr_delay_rate
2026-06-05,2026-06-07,ORD,0.52885,0.28929747457551047,0.16129,0.309075,arr_delay_rate
2026-06-05,2026-06-08,ORD,0.52088,0.3104114799721852,0.14058,0.305985,arr_delay_rate
2026-06-05,2026-06-09,ORD,0.25681,0.2507233496609398,0.12897,0.20056000000000002,arr_delay_rate
2026-06-05,2026-06-10,ORD,0.39356,0.27741632930598953,0.12845,0.1809675,arr_delay_rate
2026-06-05,2026-06-11,ORD,0.44694,0.3045430123075581,0.17731,0.1948175,arr_delay_rate
2026-06-05,2026-06-12,ORD,0.39049,0.3252760744446677,0.33651,0.2391125,arr_delay_rate
2026-06-05,2026-06-06,PHX,0.18376,0.14850856699657905,0.13469,0.1742175,arr_delay_rate
2026-06-05,2026-06-07,PHX,0.30368,0.17341507917791643,0.1625,0.21942499999999998,arr_delay_rate
2026-06-05,2026-06-08,PHX,0.25461,0.17426887035906483,0.18421,0.2672575,arr_delay_rate
2026-06-05,2026-06-09,PHX,0.23913,0.17638074651971355,0.23483,0.2468175,arr_delay_rate
2026-06-05,2026-06-10,PHX,0.2279,0.16032254053886316,0.20498,0.24052,arr_delay_rate
2026-06-05,2026-06-11,PHX,0.26604,0.20298679574865544,0.33519,0.2919575,arr_delay_rate
2026-06-05,2026-06-12,PHX,0.39885,0.21744863060483435,0.22963,0.241365,arr_delay_rate
2026-06-05,2026-06-06,SEA,0.15933,0.17854163325951,0.18182,0.160995,arr_delay_rate
2026-06-05,2026-06-07,SEA,0.21584,0.19181339692045754,0.14429,0.16562500000000002,arr_delay_rate
2026-06-05,2026-06-08,SEA,0.24172,0.18376623110564844,0.16367,0.168815,arr_delay_rate
2026-06-05,2026-06-09,SEA,0.25202,0.19682040312546378,0.10148,0.16088249999999998,arr_delay_rate
2026-06-05,2026-06-10,SEA,0.22266,0.1541713285916619,0.14168,0.1799125,arr_delay_rate
2026-06-05,2026-06-11,SEA,0.28352,0.1976195056570467,0.15205,0.22136999999999998,arr_delay_rate
2026-06-05,2026-06-12,SEA,0.23314,0.2331432591966578,0.18835,0.233205,arr_delay_rate
2026-06-12,2026-06-13,ATL,0.16195,0.24944679355537597,0.13066,0.16843750000000002,arr_delay_rate
2026-06-12,2026-06-14,ATL,0.58393,0.40265028470580955,0.22919,0.25014000000000003,arr_delay_rate
2026-06-12,2026-06-15,ATL,0.32099,0.3726815919215533,0.26226,0.27812749999999997,arr_delay_rate
2026-06-12,2026-06-16,ATL,0.13483,0.18012323069368436,0.1264,0.2151075,arr_delay_rate
2026-06-12,2026-06-17,ATL,0.14382,0.214010824563854,0.18913,0.18888749999999999,arr_delay_rate
2026-06-12,2026-06-18,ATL,0.58885,0.23299702970537634,0.20302,0.16707,arr_delay_rate
2026-06-12,2026-06-19,ATL,0.34773,0.25318209115892487,0.24646,0.275365,arr_delay_rate
2026-06-12,2026-06-13,CLT,0.44298,0.2291832403907434,0.1617,0.251985,arr_delay_rate
2026-06-12,2026-06-14,CLT,0.45621,0.2364377503541456,0.18849,0.20661249999999998,arr_delay_rate
2026-06-12,2026-06-15,CLT,0.25049,0.2871637667499325,0.24023,0.26029749999999996,arr_delay_rate
2026-06-12,2026-06-16,CLT,0.13701,0.1951554885662872,0.19959,0.204905,arr_delay_rate
2026-06-12,2026-06-17,CLT,0.16364,0.20237208388311695,0.26735,0.22594499999999998,arr_delay_rate
2026-06-12,2026-06-18,CLT,0.4743,0.26078618140787035,0.24752,0.251585,arr_delay_rate
2026-06-12,2026-06-19,CLT,0.51073,0.2193442128041848,0.37931,0.2356075,arr_delay_rate
2026-06-12,2026-06-13,DEN,0.2321,0.21135828934586062,0.25694,0.231695,arr_delay_rate
2026-06-12,2026-06-14,DEN,0.4171,0.22945563583353887,0.39835,0.28595,arr_delay_rate
2026-06-12,2026-06-15,DEN,0.24145,0.2785181917547035,0.52134,0.42673750000000005,arr_delay_rate
2026-06-12,2026-06-16,DEN,0.17012,0.2098979429934944,0.27681,0.24311750000000001,arr_delay_rate
2026-06-12,2026-06-17,DEN,0.23648,0.18085034125314844,0.27455,0.2596375,arr_delay_rate
2026-06-12,2026-06-18,DEN,0.33065,0.22011130257382716,0.36864,0.34036500000000003,arr_delay_rate
2026-06-12,2026-06-19,DEN,0.32416,0.20026281791514772,0.3055,0.28110500000000005,arr_delay_rate
2026-06-12,2026-06-13,DFW,0.42026,0.22739719047800167,0.48333,0.3145625,arr_delay_rate
2026-06-12,2026-06-14,DFW,0.63775,0.2267553230585978,0.80718,0.43662500000000004,arr_delay_rate
2026-06-12,2026-06-15,DFW,0.40085,0.1844235818777355,0.45358,0.34915749999999995,arr_delay_rate
2026-06-12,2026-06-16,DFW,0.17667,0.2401021393748137,0.22722,0.44482,arr_delay_rate
2026-06-12,2026-06-17,DFW,0.21175,0.20822827226201088,0.21082,0.33675,arr_delay_rate
2026-06-12,2026-06-18,DFW,0.33475,0.18001187257693507,0.2955,0.31501999999999997,arr_delay_rate
2026-06-12,2026-06-19,DFW,0.9061,0.21847033728540383,0.63158,0.33920500000000003,arr_delay_rate
2026-06-12,2026-06-13,LAS,0.25469,0.19627035338938015,0.1752,0.15069,arr_delay_rate
2026-06-12,2026-06-14,LAS,0.43067,0.24575161986089522,0.33402,0.2926225,arr_delay_rate
2026-06-12,2026-06-15,LAS,0.33878,0.21883363707465048,0.29459,0.37999499999999997,arr_delay_rate
2026-06-12,2026-06-16,LAS,0.16386,0.24501061897017923,0.19471,0.22247499999999998,arr_delay_rate
2026-06-12,2026-06-17,LAS,0.2542,0.2558590309133624,0.24402,0.2450425,arr_delay_rate
2026-06-12,2026-06-18,LAS,0.46281,0.2067231155770359,0.3551,0.3285325,arr_delay_rate
2026-06-12,2026-06-19,LAS,0.45752,0.24301099810273522,0.41649,0.326315,arr_delay_rate
2026-06-12,2026-06-13,LAX,0.27416,0.19007678757187896,0.172,0.172035,arr_delay_rate
2026-06-12,2026-06-14,LAX,0.32437,0.2398011074343663,0.24635,0.2062525,arr_delay_rate
2026-06-12,2026-06-15,LAX,0.26527,0.26483281161422056,0.24913,0.23530500000000001,arr_delay_rate
2026-06-12,2026-06-16,LAX,0.14312,0.18594851600794385,0.18406,0.1998925,arr_delay_rate
2026-06-12,2026-06-17,LAX,0.20896,0.22151784134612132,0.24015,0.2157775,arr_delay_rate
2026-06-12,2026-06-18,LAX,0.31443,0.21458344030350435,0.29298,0.25173,arr_delay_rate
2026-06-12,2026-06-19,LAX,0.26821,0.23937316004175627,0.30053,0.23652,arr_delay_rate
2026-06-12,2026-06-13,MCO,0.25806,0.2664750899729728,0.17136,0.1821025,arr_delay_rate
2026-06-12,2026-06-14,MCO,0.343,0.35697593924524695,0.24471,0.22988,arr_delay_rate
2026-06-12,2026-06-15,MCO,0.25653,0.28581079761216555,0.1844,0.18688,arr_delay_rate
2026-06-12,2026-06-16,MCO,0.34848,0.24956294693565917,0.10797,0.16051749999999998,arr_delay_rate
2026-06-12,2026-06-17,MCO,0.20854,0.2726465137616616,0.22165,0.219315,arr_delay_rate
2026-06-12,2026-06-18,MCO,0.31731,0.2732882118301221,0.24257,0.19690000000000002,arr_delay_rate
2026-06-12,2026-06-19,MCO,0.46699,0.21049100852283342,0.32143,0.233725,arr_delay_rate
2026-06-12,2026-06-13,ORD,0.30312,0.34505158512771283,0.2623,0.1968725,arr_delay_rate
2026-06-12,2026-06-14,ORD,0.32685,0.3662319170620175,0.52885,0.3956675,arr_delay_rate
2026-06-12,2026-06-15,ORD,0.18519,0.3837006026849952,0.52088,0.39431250000000007,arr_delay_rate
2026-06-12,2026-06-16,ORD,0.29961,0.3181348164666644,0.25681,0.21543250000000003,arr_delay_rate
2026-06-12,2026-06-17,ORD,0.62381,0.2887806097130783,0.39356,0.23092500000000005,arr_delay_rate
2026-06-12,2026-06-18,ORD,0.4245,0.24418541760366538,0.44694,0.253285,arr_delay_rate
2026-06-12,2026-06-19,ORD,0.25239,0.28290144604104733,0.39049,0.27766,arr_delay_rate
2026-06-12,2026-06-13,PHX,0.30085,0.19808702622361168,0.18376,0.1859575,arr_delay_rate
2026-06-12,2026-06-14,PHX,0.4453,0.21947650335374325,0.30368,0.22848000000000002,arr_delay_rate
2026-06-12,2026-06-15,PHX,0.36852,0.3059100778837823,0.25461,0.27091,arr_delay_rate
2026-06-12,2026-06-16,PHX,0.25249,0.26907660449135823,0.23913,0.267645,arr_delay_rate
2026-06-12,2026-06-17,PHX,0.29389,0.24700162087538408,0.2279,0.25123249999999997,arr_delay_rate
2026-06-12,2026-06-18,PHX,0.34637,0.25530957608944044,0.26604,0.281545,arr_delay_rate
2026-06-12,2026-06-19,PHX,0.35161,0.23330039662737762,0.39885,0.2836725,arr_delay_rate
2026-06-12,2026-06-13,SEA,0.20732,0.20631297343553381,0.15933,0.176905,arr_delay_rate
2026-06-12,2026-06-14,SEA,0.30857,0.25506356292098276,0.21584,0.1869775,arr_delay_rate
2026-06-12,2026-06-15,SEA,0.25905,0.23739967706453743,0.24172,0.1968475,arr_delay_rate
2026-06-12,2026-06-16,SEA,0.14286,0.21551941990487444,0.25202,0.19013500000000003,arr_delay_rate
2026-06-12,2026-06-17,SEA,0.21654,0.21292717303861106,0.22266,0.18705499999999997,arr_delay_rate
2026-06-12,2026-06-18,SEA,0.3428,0.20556975291043325,0.28352,0.22781749999999998,arr_delay_rate
2026-06-12,2026-06-19,SEA,0.30916,0.21234855423344826,0.23314,0.23105499999999998,arr_delay_rate
2026-06-19,2026-06-20,ATL,0.15435,0.2229769271517176,0.16195,0.18671000000000001,arr_delay_rate
2026-06-19,2026-06-21,ATL,0.18202,0.25958714066090566,0.58393,0.3132475,arr_delay_rate
2026-06-19,2026-06-22,ATL,0.28836,0.2868889178786507,0.32099,0.295465,arr_delay_rate
2026-06-19,2026-06-23,ATL,0.17327,0.19930997500681447,0.13483,0.20271499999999998,arr_delay_rate
2026-06-19,2026-06-24,ATL,0.18456,0.16869826470268812,0.14382,0.16081499999999999,arr_delay_rate
2026-06-19,2026-06-25,ATL,0.14925,0.15285570019936956,0.58885,0.2633575,arr_delay_rate
2026-06-19,2026-06-26,ATL,0.14528,0.20852929531008998,0.34773,0.24092999999999998,arr_delay_rate
2026-06-19,2026-06-20,CLT,0.46822,0.31305955252765394,0.44298,0.32974,arr_delay_rate
2026-06-19,2026-06-21,CLT,0.37647,0.35927514256415327,0.45621,0.28134000000000003,arr_delay_rate
2026-06-19,2026-06-22,CLT,0.382,0.26510306066794226,0.25049,0.2731075,arr_delay_rate
2026-06-19,2026-06-23,CLT,0.22967,0.16789776561209555,0.13701,0.192215,arr_delay_rate
2026-06-19,2026-06-24,CLT,0.16433,0.1765937261831315,0.16364,0.214855,arr_delay_rate
2026-06-19,2026-06-25,CLT,0.24806,0.22287789111713374,0.4743,0.2786375,arr_delay_rate
2026-06-19,2026-06-26,CLT,0.29981,0.23128831265559768,0.51073,0.28848749999999995,arr_delay_rate
2026-06-19,2026-06-20,DEN,0.33527,0.2189679421162008,0.2321,0.243065,arr_delay_rate
2026-06-19,2026-06-21,DEN,0.4655,0.3202635404069235,0.4171,0.29447999999999996,arr_delay_rate
2026-06-19,2026-06-22,DEN,0.31377,0.3093611616681828,0.24145,0.388315,arr_delay_rate
2026-06-19,2026-06-23,DEN,0.29399,0.19873764912905592,0.17012,0.2145725,arr_delay_rate
2026-06-19,2026-06-24,DEN,0.45251,0.2742724723821538,0.23648,0.25103749999999997,arr_delay_rate
2026-06-19,2026-06-25,DEN,0.38794,0.22363289759624633,0.33065,0.316935,arr_delay_rate
2026-06-19,2026-06-26,DEN,0.26854,0.25196159695630516,0.32416,0.29646500000000003,arr_delay_rate
2026-06-19,2026-06-20,DFW,0.47646,0.39150885875611496,0.42026,0.37528249999999996,arr_delay_rate
2026-06-19,2026-06-21,DFW,0.28541,0.39004349976055946,0.63775,0.5234625,arr_delay_rate
2026-06-19,2026-06-22,DFW,0.53152,0.21597260777628752,0.40085,0.398355,arr_delay_rate
2026-06-19,2026-06-23,DFW,0.40691,0.2463886889133765,0.17667,0.329505,arr_delay_rate
2026-06-19,2026-06-24,DFW,0.25138,0.18942958801599935,0.21175,0.28512000000000004,arr_delay_rate
2026-06-19,2026-06-25,DFW,0.33579,0.22338966913674077,0.33475,0.29941,arr_delay_rate
2026-06-19,2026-06-26,DFW,0.28676,0.40630823403486144,0.9061,0.4890525,arr_delay_rate
2026-06-19,2026-06-20,LAS,0.33065,0.2540617990238155,0.25469,0.175385,arr_delay_rate
2026-06-19,2026-06-21,LAS,0.34227,0.31180626829939123,0.43067,0.287435,arr_delay_rate
2026-06-19,2026-06-22,LAS,0.3798,0.27868884160384894,0.33878,0.307895,arr_delay_rate
2026-06-19,2026-06-23,LAS,0.25962,0.1556385298847904,0.16386,0.1841425,arr_delay_rate
2026-06-19,2026-06-24,LAS,0.30769,0.1873339151968983,0.2542,0.2274,arr_delay_rate
2026-06-19,2026-06-25,LAS,0.32383,0.20469804211551368,0.46281,0.343245,arr_delay_rate
2026-06-19,2026-06-26,LAS,0.30847,0.2363849394750483,0.45752,0.35492499999999993,arr_delay_rate
2026-06-19,2026-06-20,LAX,0.18146,0.2058275717726022,0.27416,0.181475,arr_delay_rate
2026-06-19,2026-06-21,LAX,0.20811,0.29674601229963143,0.32437,0.22071000000000002,arr_delay_rate
2026-06-19,2026-06-22,LAX,0.25744,0.27390765929217314,0.26527,0.2265775,arr_delay_rate
2026-06-19,2026-06-23,LAX,0.2119,0.19215014085018245,0.14312,0.1757775,arr_delay_rate
2026-06-19,2026-06-24,LAX,0.22652,0.19591766861145268,0.20896,0.19965000000000002,arr_delay_rate
2026-06-19,2026-06-25,LAX,0.2359,0.24247736812055384,0.31443,0.2576425,arr_delay_rate
2026-06-19,2026-06-26,LAX,0.26962,0.2389965944905009,0.26821,0.237435,arr_delay_rate
2026-06-19,2026-06-20,MCO,0.39498,0.3484686637624023,0.25806,0.2126075,arr_delay_rate
2026-06-19,2026-06-21,MCO,0.37471,0.3545815704029109,0.343,0.2582525,arr_delay_rate
2026-06-19,2026-06-22,MCO,0.30456,0.26000630071270536,0.25653,0.20706999999999998,arr_delay_rate
2026-06-19,2026-06-23,MCO,0.20854,0.227539632377337,0.34848,0.18236,arr_delay_rate
2026-06-19,2026-06-24,MCO,0.37905,0.23030205434700915,0.20854,0.206345,arr_delay_rate
2026-06-19,2026-06-25,MCO,0.25829,0.18392416283104585,0.31731,0.21775499999999998,arr_delay_rate
2026-06-19,2026-06-26,MCO,0.2,0.2837594798808869,0.46699,0.29445750000000004,arr_delay_rate
2026-06-19,2026-06-20,ORD,0.1893,0.3056839073641327,0.30312,0.225975,arr_delay_rate
2026-06-19,2026-06-21,ORD,0.30323,0.4505664148492409,0.32685,0.418955,arr_delay_rate
2026-06-19,2026-06-22,ORD,0.25619,0.3177366087770842,0.18519,0.266585,arr_delay_rate
2026-06-19,2026-06-23,ORD,0.16764,0.20864016384227413,0.29961,0.2054375,arr_delay_rate
2026-06-19,2026-06-24,ORD,0.40637,0.32047298200804664,0.62381,0.32900250000000003,arr_delay_rate
2026-06-19,2026-06-25,ORD,0.33144,0.23243503238288216,0.4245,0.2950525,arr_delay_rate
2026-06-19,2026-06-26,ORD,0.20301,0.23980877387099941,0.25239,0.278485,arr_delay_rate
2026-06-19,2026-06-20,PHX,0.34746,0.27272053687220693,0.30085,0.219745,arr_delay_rate
2026-06-19,2026-06-21,PHX,0.36138,0.30808950179620187,0.4453,0.27327999999999997,arr_delay_rate
2026-06-19,2026-06-22,PHX,0.25926,0.25291687351792724,0.36852,0.2820825,arr_delay_rate
2026-06-19,2026-06-23,PHX,0.23866,0.19804997862325965,0.25249,0.2502675,arr_delay_rate
2026-06-19,2026-06-24,PHX,0.29412,0.18642338764290334,0.29389,0.2406275,arr_delay_rate
2026-06-19,2026-06-25,PHX,0.3197,0.19090175550626906,0.34637,0.287165,arr_delay_rate
2026-06-19,2026-06-26,PHX,0.26838,0.23356459761444748,0.35161,0.29071749999999996,arr_delay_rate
2026-06-19,2026-06-20,SEA,0.16227,0.22175406637994788,0.20732,0.17751,arr_delay_rate
2026-06-19,2026-06-21,SEA,0.31418,0.25954600493307883,0.30857,0.20008250000000002,arr_delay_rate
2026-06-19,2026-06-22,SEA,0.27027,0.2515243934876663,0.25905,0.21447999999999998,arr_delay_rate
2026-06-19,2026-06-23,SEA,0.2874,0.19097142380788196,0.14286,0.1782575,arr_delay_rate
2026-06-19,2026-06-24,SEA,0.17647,0.21187959927517946,0.21654,0.18439500000000003,arr_delay_rate
2026-06-19,2026-06-25,SEA,0.24144,0.24837190119419533,0.3428,0.2604875,arr_delay_rate
2026-06-19,2026-06-26,SEA,0.20114,0.2734099539207517,0.30916,0.261035,arr_delay_rate
2026-06-26,2026-06-27,ATL,0.18575,0.24500236577516737,0.15435,0.1464725,arr_delay_rate
2026-06-26,2026-06-28,ATL,0.12283,0.2447612872075865,0.18202,0.291135,arr_delay_rate
2026-06-26,2026-06-29,ATL,0.09719,0.23655368125405843,0.28836,0.25801,arr_delay_rate
2026-06-26,2026-06-30,ATL,0.1201,0.20076170065235027,0.17327,0.13433,arr_delay_rate
2026-06-26,2026-07-01,ATL,0.20119,0.2054480139470094,0.18456,0.150655,arr_delay_rate
2026-06-26,2026-07-02,ATL,0.1507,0.18667425380425587,0.14925,0.258735,arr_delay_rate
2026-06-26,2026-07-03,ATL,0.54034,0.19463248192356408,0.14528,0.20249499999999998,arr_delay_rate
2026-06-26,2026-06-27,CLT,0.5234,0.2876400362556156,0.46822,0.360975,arr_delay_rate
2026-06-26,2026-06-28,CLT,0.35644,0.24730229045802585,0.37647,0.3019275,arr_delay_rate
2026-06-26,2026-06-29,CLT,0.18271,0.3023866328613181,0.382,0.31095249999999997,arr_delay_rate
2026-06-26,2026-06-30,CLT,0.22521,0.1956670058150658,0.22967,0.174015,arr_delay_rate
2026-06-26,2026-07-01,CLT,0.1626,0.1850474880699269,0.16433,0.175525,arr_delay_rate
2026-06-26,2026-07-02,CLT,0.21083,0.2278437729122294,0.24806,0.28622,arr_delay_rate
2026-06-26,2026-07-03,CLT,0.32406,0.24719571328254458,0.29981,0.31983500000000004,arr_delay_rate
2026-06-26,2026-06-27,DEN,0.41791,0.26662652642491597,0.33527,0.2833,arr_delay_rate
2026-06-26,2026-06-28,DEN,0.35876,0.2944850385280763,0.4655,0.36029,arr_delay_rate
2026-06-26,2026-06-29,DEN,0.21493,0.2838401388066775,0.31377,0.4054325000000001,arr_delay_rate
2026-06-26,2026-06-30,DEN,0.37637,0.20202464339795523,0.29399,0.241105,arr_delay_rate
2026-06-26,2026-07-01,DEN,0.21301,0.35050735903255664,0.45251,0.30707,arr_delay_rate
2026-06-26,2026-07-02,DEN,0.31621,0.330641070859929,0.38794,0.3592575,arr_delay_rate
2026-06-26,2026-07-03,DEN,0.31381,0.2816802818491088,0.26854,0.27949,arr_delay_rate
2026-06-26,2026-06-27,DFW,0.26275,0.29920847284740754,0.47646,0.3841625,arr_delay_rate
2026-06-26,2026-06-28,DFW,0.28208,0.2759989369300199,0.28541,0.4918925,arr_delay_rate
2026-06-26,2026-06-29,DFW,0.19745,0.3079961552421805,0.53152,0.40463249999999995,arr_delay_rate
2026-06-26,2026-06-30,DFW,0.23172,0.2620659520628934,0.40691,0.3178275,arr_delay_rate
2026-06-26,2026-07-01,DFW,0.27132,0.28440728023180833,0.25138,0.229825,arr_delay_rate
2026-06-26,2026-07-02,DFW,0.26443,0.3051373586607852,0.33579,0.32078999999999996,arr_delay_rate
2026-06-26,2026-07-03,DFW,0.21462,0.28252742073731446,0.28676,0.5277275,arr_delay_rate
2026-06-26,2026-06-27,LAS,0.25798,0.23966945371523793,0.33065,0.222715,arr_delay_rate
2026-06-26,2026-06-28,LAS,0.26337,0.24804555931998867,0.34227,0.322895,arr_delay_rate
2026-06-26,2026-06-29,LAS,0.15337,0.2548330498589194,0.3798,0.31755,arr_delay_rate
2026-06-26,2026-06-30,LAS,0.19221,0.218149922619241,0.25962,0.1931025,arr_delay_rate
2026-06-26,2026-07-01,LAS,0.19856,0.25129989190443497,0.30769,0.25467,arr_delay_rate
2026-06-26,2026-07-02,LAS,0.25615,0.29251744601666185,0.32383,0.3520675,arr_delay_rate
2026-06-26,2026-07-03,LAS,0.22246,0.29521293439679147,0.30847,0.364395,arr_delay_rate
2026-06-26,2026-06-27,LAX,0.23092,0.20993596642621098,0.18146,0.183405,arr_delay_rate
2026-06-26,2026-06-28,LAX,0.24242,0.23339119941342754,0.20811,0.23427499999999998,arr_delay_rate
2026-06-26,2026-06-29,LAX,0.19224,0.2353833599661735,0.25744,0.2372075,arr_delay_rate
2026-06-26,2026-06-30,LAX,0.15909,0.1870005840973044,0.2119,0.175045,arr_delay_rate
2026-06-26,2026-07-01,LAX,0.23034,0.22647602748997336,0.22652,0.22110999999999997,arr_delay_rate
2026-06-26,2026-07-02,LAX,0.25784,0.28121810121171736,0.2359,0.26546000000000003,arr_delay_rate
2026-06-26,2026-07-03,LAX,0.25365,0.23834164784826883,0.26962,0.2601175,arr_delay_rate
2026-06-26,2026-06-27,MCO,0.43541,0.25554135593459426,0.39498,0.2497325,arr_delay_rate
2026-06-26,2026-06-28,MCO,0.32235,0.2809841845213135,0.37471,0.30296,arr_delay_rate
2026-06-26,2026-06-29,MCO,0.25532,0.2653199561666953,0.30456,0.238505,arr_delay_rate
2026-06-26,2026-06-30,MCO,0.46214,0.1281217381506769,0.20854,0.19923000000000002,arr_delay_rate
2026-06-26,2026-07-01,MCO,0.17456,0.2882355064446327,0.37905,0.23397250000000003,arr_delay_rate
2026-06-26,2026-07-02,MCO,0.1844,0.24851368687410974,0.25829,0.235045,arr_delay_rate
2026-06-26,2026-07-03,MCO,0.24213,0.2112616796707014,0.2,0.2748825,arr_delay_rate
2026-06-26,2026-06-27,ORD,0.14782,0.2687571497389723,0.1893,0.22564499999999998,arr_delay_rate
2026-06-26,2026-06-28,ORD,0.22053,0.2655808160678628,0.30323,0.330055,arr_delay_rate
2026-06-26,2026-06-29,ORD,0.18863,0.2743606170573333,0.25619,0.27571,arr_delay_rate
2026-06-26,2026-06-30,ORD,0.20463,0.2405424333625189,0.16764,0.2132575,arr_delay_rate
2026-06-26,2026-07-01,ORD,0.23485,0.258027440640663,0.40637,0.3880475,arr_delay_rate
2026-06-26,2026-07-02,ORD,0.25768,0.21690918728140235,0.33144,0.3450475,arr_delay_rate
2026-06-26,2026-07-03,ORD,0.5618,0.29838113310134834,0.20301,0.2956,arr_delay_rate
2026-06-26,2026-06-27,PHX,0.20211,0.24224904641204212,0.34746,0.24169,arr_delay_rate
2026-06-26,2026-06-28,PHX,0.21224,0.2354307569582727,0.36138,0.318215,arr_delay_rate
2026-06-26,2026-06-29,PHX,0.16854,0.22228229132391486,0.25926,0.26665,arr_delay_rate
2026-06-26,2026-06-30,PHX,0.18526,0.2643628974866161,0.23866,0.2412775,arr_delay_rate
2026-06-26,2026-07-01,PHX,0.21654,0.22748536771281874,0.29412,0.25522249999999996,arr_delay_rate
2026-06-26,2026-07-02,PHX,0.2397,0.2958592568606905,0.3197,0.316825,arr_delay_rate
2026-06-26,2026-07-03,PHX,0.24808,0.2486508116587312,0.26838,0.3121175,arr_delay_rate
2026-06-26,2026-06-27,SEA,0.19756,0.2194978132306366,0.16227,0.17768499999999998,arr_delay_rate
2026-06-26,2026-06-28,SEA,0.18199,0.24906724066030586,0.31418,0.24572000000000002,arr_delay_rate
2026-06-26,2026-06-29,SEA,0.16031,0.2098520629026094,0.27027,0.23367749999999998,arr_delay_rate
2026-06-26,2026-06-30,SEA,0.19336,0.18348043296334715,0.2874,0.19594,arr_delay_rate
2026-06-26,2026-07-01,SEA,0.18359,0.20155422980572182,0.17647,0.1893375,arr_delay_rate
2026-06-26,2026-07-02,SEA,0.25144,0.262423007766512,0.24144,0.25495249999999997,arr_delay_rate
2026-06-26,2026-07-03,SEA,0.20736,0.21390152099690665,0.20114,0.2329475,arr_delay_rate
2026-07-03,2026-07-04,ATL,0.26794,0.21980787276909589,0.18575,0.1581775,arr_delay_rate
2026-07-03,2026-07-05,ATL,0.45724,0.2916482250257608,0.12283,0.2794925,arr_delay_rate
2026-07-03,2026-07-06,ATL,0.31614,0.21838859634558302,0.09719,0.24219999999999997,arr_delay_rate
2026-07-03,2026-07-07,ATL,0.25508,0.18512115241974145,0.1201,0.13865,arr_delay_rate
2026-07-03,2026-07-08,ATL,0.14175,0.20142266156257801,0.20119,0.17967500000000003,arr_delay_rate
2026-07-03,2026-07-09,ATL,0.45,0.22266398146497252,0.1507,0.272955,arr_delay_rate
2026-07-03,2026-07-10,ATL,0.45238,0.2368279114630324,0.54034,0.3199525,arr_delay_rate
2026-07-03,2026-07-04,CLT,0.20667,0.31257556377572315,0.5234,0.39907499999999996,arr_delay_rate
2026-07-03,2026-07-05,CLT,0.5121,0.25885007722072484,0.35644,0.3444025,arr_delay_rate
2026-07-03,2026-07-06,CLT,0.58159,0.23383794964262794,0.18271,0.2638575,arr_delay_rate
2026-07-03,2026-07-07,CLT,0.4109,0.2144849483371076,0.22521,0.19787,arr_delay_rate
2026-07-03,2026-07-08,CLT,0.22811,0.1961879646243768,0.1626,0.18947999999999998,arr_delay_rate
2026-07-03,2026-07-09,CLT,0.37475,0.2522594330515751,0.21083,0.2951775,arr_delay_rate
2026-07-03,2026-07-10,CLT,0.50784,0.30022791743667,0.32406,0.3784775,arr_delay_rate
2026-07-03,2026-07-04,DEN,0.151,0.3096420906321788,0.41791,0.31055499999999997,arr_delay_rate
2026-07-03,2026-07-05,DEN,0.234,0.2973177117122702,0.35876,0.4099275,arr_delay_rate
2026-07-03,2026-07-06,DEN,0.31697,0.2586930273072218,0.21493,0.3228725,arr_delay_rate
2026-07-03,2026-07-07,DEN,0.37694,0.2167768189669405,0.37637,0.2793225,arr_delay_rate
2026-07-03,2026-07-08,DEN,0.41977,0.18866917509198508,0.21301,0.2941375,arr_delay_rate
2026-07-03,2026-07-09,DEN,0.47551,0.21254232963187858,0.31621,0.35086000000000006,arr_delay_rate
2026-07-03,2026-07-10,DEN,0.44264,0.2435359216161305,0.31381,0.30300249999999995,arr_delay_rate
2026-07-03,2026-07-04,DFW,0.18468,0.3271236700114054,0.26275,0.4107,arr_delay_rate
2026-07-03,2026-07-05,DFW,0.35745,0.30908858417987967,0.28208,0.503105,arr_delay_rate
2026-07-03,2026-07-06,DFW,0.39552,0.32461047173746693,0.19745,0.39585000000000004,arr_delay_rate
2026-07-03,2026-07-07,DFW,0.29736,0.3572527943706246,0.23172,0.26063000000000003,arr_delay_rate
2026-07-03,2026-07-08,DFW,0.18354,0.26279529678972735,0.27132,0.23631749999999999,arr_delay_rate
2026-07-03,2026-07-09,DFW,0.25026,0.3654257689814595,0.26443,0.3076175,arr_delay_rate
2026-07-03,2026-07-10,DFW,0.30159,0.395731915379922,0.21462,0.509765,arr_delay_rate
2026-07-03,2026-07-04,LAS,0.14521,0.26888939560896175,0.25798,0.25463,arr_delay_rate
2026-07-03,2026-07-05,LAS,0.24742,0.37119611663861446,0.26337,0.34258249999999996,arr_delay_rate
2026-07-03,2026-07-06,LAS,0.30629,0.24257067247871605,0.15337,0.291635,arr_delay_rate
2026-07-03,2026-07-07,LAS,0.22782,0.21551970022034134,0.19221,0.2026,arr_delay_rate
2026-07-03,2026-07-08,LAS,0.19159,0.2359751573766724,0.19856,0.2511175,arr_delay_rate
2026-07-03,2026-07-09,LAS,0.30847,0.29462076987353003,0.25615,0.34947249999999996,arr_delay_rate
2026-07-03,2026-07-10,LAS,0.28773,0.29651258344130327,0.22246,0.351235,arr_delay_rate
2026-07-03,2026-07-04,LAX,0.18621,0.21346105647710123,0.23092,0.21463499999999996,arr_delay_rate
2026-07-03,2026-07-05,LAX,0.25872,0.3001973403767928,0.24242,0.2553125,arr_delay_rate
2026-07-03,2026-07-06,LAX,0.29094,0.23030729018490542,0.19224,0.24101999999999998,arr_delay_rate
2026-07-03,2026-07-07,LAX,0.26789,0.1938634778076024,0.15909,0.17454250000000002,arr_delay_rate
2026-07-03,2026-07-08,LAX,0.20985,0.23538465541518522,0.23034,0.22649249999999999,arr_delay_rate
2026-07-03,2026-07-09,LAX,0.26072,0.254518041131008,0.25784,0.2752875,arr_delay_rate
2026-07-03,2026-07-10,LAX,0.29655,0.26086563449516803,0.25365,0.2730025,arr_delay_rate
2026-07-03,2026-07-04,MCO,0.32845,0.32896594704281396,0.43541,0.31495249999999997,arr_delay_rate
2026-07-03,2026-07-05,MCO,0.358,0.3341453679722044,0.32235,0.3211925,arr_delay_rate
2026-07-03,2026-07-06,MCO,0.47922,0.2578677983060601,0.25532,0.2502025,arr_delay_rate
2026-07-03,2026-07-07,MCO,0.32593,0.23767611109470707,0.46214,0.28178249999999994,arr_delay_rate
2026-07-03,2026-07-08,MCO,0.19315,0.23542581853511763,0.17456,0.24594999999999997,arr_delay_rate
2026-07-03,2026-07-09,MCO,0.27578,0.2542433340270688,0.1844,0.2506425,arr_delay_rate
2026-07-03,2026-07-10,MCO,0.32614,0.3571310499161382,0.24213,0.3076375,arr_delay_rate
2026-07-03,2026-07-04,ORD,0.50909,0.2571450344371199,0.14782,0.22563499999999997,arr_delay_rate
2026-07-03,2026-07-05,ORD,0.36039,0.4548452012317659,0.22053,0.344865,arr_delay_rate
2026-07-03,2026-07-06,ORD,0.24624,0.3655019276020025,0.18863,0.2877225,arr_delay_rate
2026-07-03,2026-07-07,ORD,0.19962,0.255043924330083,0.20463,0.2321725,arr_delay_rate
2026-07-03,2026-07-08,ORD,0.25306,0.3032601781035471,0.23485,0.41464749999999995,arr_delay_rate
2026-07-03,2026-07-09,ORD,0.33929,0.3080771795413647,0.25768,0.36514,arr_delay_rate
2026-07-03,2026-07-10,ORD,0.25397,0.19362578732861152,0.5618,0.35192249999999997,arr_delay_rate
2026-07-03,2026-07-04,PHX,0.15287,0.23060433631056923,0.20211,0.25854499999999997,arr_delay_rate
2026-07-03,2026-07-05,PHX,0.24756,0.28726330620196716,0.21224,0.33065,arr_delay_rate
2026-07-03,2026-07-06,PHX,0.28814,0.2193397915635263,0.16854,0.2627325,arr_delay_rate
2026-07-03,2026-07-07,PHX,0.26953,0.22790849427788426,0.18526,0.228885,arr_delay_rate
2026-07-03,2026-07-08,PHX,0.19646,0.22729168063914648,0.21654,0.25811249999999997,arr_delay_rate
2026-07-03,2026-07-09,PHX,0.29135,0.2962779129902914,0.2397,0.2929525,arr_delay_rate
2026-07-03,2026-07-10,PHX,0.25746,0.2895629607833677,0.24808,0.31673,arr_delay_rate
2026-07-03,2026-07-04,SEA,0.13527,0.21319505083127704,0.19756,0.18162,arr_delay_rate
2026-07-03,2026-07-05,SEA,0.36293,0.2599516215178107,0.18199,0.255145,arr_delay_rate
2026-07-03,2026-07-06,SEA,0.26266,0.24102749611340035,0.16031,0.23283749999999998,arr_delay_rate
2026-07-03,2026-07-07,SEA,0.23654,0.22666774688535996,0.19336,0.21891,arr_delay_rate
2026-07-03,2026-07-08,SEA,0.2089,0.2142766393094858,0.18359,0.199815,arr_delay_rate
2026-07-03,2026-07-09,SEA,0.24,0.2728903014567518,0.25144,0.2798,arr_delay_rate
2026-07-03,2026-07-10,SEA,0.21797,0.2654958702053283,0.20736,0.2377,arr_delay_rate
2026-07-10,2026-07-11,ATL,0.52632,0.22086447590384714,0.26794,0.19249750000000002,arr_delay_rate
2026-07-10,2026-07-12,ATL,0.57826,0.4321623557378753,0.45724,0.33650499999999994,arr_delay_rate
2026-07-10,2026-07-13,ATL,0.48243,0.28393179703239757,0.31614,0.25566999999999995,arr_delay_rate
2026-07-10,2026-07-14,ATL,0.20377,0.19532666635531656,0.25508,0.17082,arr_delay_rate
2026-07-10,2026-07-15,ATL,0.17608,0.16328897192006137,0.14175,0.16783000000000003,arr_delay_rate
2026-07-10,2026-07-16,ATL,0.36229,0.2343798073413831,0.45,0.3347,arr_delay_rate
2026-07-10,2026-07-17,ATL,0.55328,0.28794543059401284,0.45238,0.37143250000000005,arr_delay_rate
2026-07-10,2026-07-11,CLT,0.33053,0.23904182396262036,0.20667,0.4103175,arr_delay_rate
2026-07-10,2026-07-12,CLT,0.34455,0.27823307937742475,0.5121,0.425305,arr_delay_rate
2026-07-10,2026-07-13,CLT,0.43436,0.23930435773659653,0.58159,0.34919750000000005,arr_delay_rate
2026-07-10,2026-07-14,CLT,0.27699,0.21273127552669643,0.4109,0.2506975,arr_delay_rate
2026-07-10,2026-07-15,CLT,0.24898,0.19175238033988892,0.22811,0.17967,arr_delay_rate
2026-07-10,2026-07-16,CLT,0.3025,0.2579521568268386,0.37475,0.32698499999999997,arr_delay_rate
2026-07-10,2026-07-17,CLT,0.41267,0.28943609495788836,0.50784,0.41061000000000003,arr_delay_rate
2026-07-10,2026-07-11,DEN,0.21569,0.19042077399905571,0.151,0.28407,arr_delay_rate
2026-07-10,2026-07-12,DEN,0.20166,0.22389557044145042,0.234,0.36884000000000006,arr_delay_rate
2026-07-10,2026-07-13,DEN,0.23964,0.24732800960402201,0.31697,0.27178,arr_delay_rate
2026-07-10,2026-07-14,DEN,0.18222,0.2230492712790228,0.37694,0.304355,arr_delay_rate
2026-07-10,2026-07-15,DEN,0.2093,0.2571882457847896,0.41977,0.33044250000000003,arr_delay_rate
2026-07-10,2026-07-16,DEN,0.26626,0.3318131586838665,0.47551,0.3775775,arr_delay_rate
2026-07-10,2026-07-17,DEN,0.25403,0.29884033137367405,0.44264,0.33728749999999996,arr_delay_rate
2026-07-10,2026-07-11,DFW,0.31924,0.3375360539536013,0.18468,0.3360375,arr_delay_rate
2026-07-10,2026-07-12,DFW,0.47374,0.36758263984657774,0.35745,0.3906725,arr_delay_rate
2026-07-10,2026-07-13,DFW,0.76692,0.326009616450479,0.39552,0.381335,arr_delay_rate
2026-07-10,2026-07-14,DFW,0.2651,0.2358971418982957,0.29736,0.278165,arr_delay_rate
2026-07-10,2026-07-15,DFW,0.47216,0.3089943181678849,0.18354,0.2294975,arr_delay_rate
2026-07-10,2026-07-16,DFW,0.58836,0.3006829828282498,0.25026,0.29630749999999995,arr_delay_rate
2026-07-10,2026-07-17,DFW,0.40928,0.22140111963443973,0.30159,0.4272675,arr_delay_rate
2026-07-10,2026-07-11,LAS,0.15504,0.19011125432268203,0.14521,0.24713250000000003,arr_delay_rate
2026-07-10,2026-07-12,LAS,0.46247,0.23865887098559682,0.24742,0.32093249999999995,arr_delay_rate
2026-07-10,2026-07-13,LAS,0.40041,0.23252137273249868,0.30629,0.29456000000000004,arr_delay_rate
2026-07-10,2026-07-14,LAS,0.18483,0.19540781919431194,0.22782,0.21087750000000002,arr_delay_rate
2026-07-10,2026-07-15,LAS,0.28037,0.18990537368044488,0.19159,0.23801,arr_delay_rate
2026-07-10,2026-07-16,LAS,0.47454,0.23981531376976237,0.30847,0.337815,arr_delay_rate
2026-07-10,2026-07-17,LAS,0.49194,0.24147551079072285,0.28773,0.31904499999999997,arr_delay_rate
2026-07-10,2026-07-11,LAX,0.25825,0.1705072924543753,0.18621,0.21818749999999998,arr_delay_rate
2026-07-10,2026-07-12,LAX,0.2548,0.20104972462098733,0.25872,0.258405,arr_delay_rate
2026-07-10,2026-07-13,LAX,0.29239,0.1922159189740483,0.29094,0.2514725,arr_delay_rate
2026-07-10,2026-07-14,LAX,0.2081,0.19691750061604396,0.26789,0.1955,arr_delay_rate
2026-07-10,2026-07-15,LAX,0.19161,0.1806527865228082,0.20985,0.2189175,arr_delay_rate
2026-07-10,2026-07-16,LAX,0.27273,0.2294770250891541,0.26072,0.26722250000000003,arr_delay_rate
2026-07-10,2026-07-17,LAX,0.30703,0.2313600063907446,0.29655,0.2720075,arr_delay_rate
2026-07-10,2026-07-11,MCO,0.27045,0.30543282406760486,0.32845,0.354225,arr_delay_rate
2026-07-10,2026-07-12,MCO,0.48364,0.2710058847256668,0.358,0.349515,arr_delay_rate
2026-07-10,2026-07-13,MCO,0.41966,0.2547676526740062,0.47922,0.32390749999999996,arr_delay_rate
2026-07-10,2026-07-14,MCO,0.35162,0.2390001353134871,0.32593,0.3362725,arr_delay_rate
2026-07-10,2026-07-15,MCO,0.17284,0.20709648712628134,0.19315,0.238825,arr_delay_rate
2026-07-10,2026-07-16,MCO,0.30211,0.2252996222259312,0.27578,0.258945,arr_delay_rate
2026-07-10,2026-07-17,MCO,0.4763,0.26602410111628505,0.32614,0.308815,arr_delay_rate
2026-07-10,2026-07-11,ORD,0.18379,0.24801773284271122,0.50909,0.28733250000000005,arr_delay_rate
2026-07-10,2026-07-12,ORD,0.15163,0.22170052358012055,0.36039,0.30274999999999996,arr_delay_rate
2026-07-10,2026-07-13,ORD,0.20764,0.18147540556263342,0.24624,0.2190625,arr_delay_rate
2026-07-10,2026-07-14,ORD,0.24148,0.22870056939560449,0.19962,0.21787499999999999,arr_delay_rate
2026-07-10,2026-07-15,ORD,0.16933,0.1900855778902856,0.25306,0.3795225,arr_delay_rate
2026-07-10,2026-07-16,ORD,0.38185,0.2669499045801581,0.33929,0.3382275,arr_delay_rate
2026-07-10,2026-07-17,ORD,0.58224,0.2893323790690655,0.25397,0.3177924999999999,arr_delay_rate
2026-07-10,2026-07-11,PHX,0.20502,0.1752800901615983,0.15287,0.2508225,arr_delay_rate
2026-07-10,2026-07-12,PHX,0.40494,0.22979232260946045,0.24756,0.31662,arr_delay_rate
2026-07-10,2026-07-13,PHX,0.4357,0.21553606817567714,0.28814,0.271115,arr_delay_rate
2026-07-10,2026-07-14,PHX,0.28433,0.18923737558041137,0.26953,0.236485,arr_delay_rate
2026-07-10,2026-07-15,PHX,0.37791,0.19247707432983344,0.19646,0.2502525,arr_delay_rate
2026-07-10,2026-07-16,PHX,0.44259,0.23065973791552769,0.29135,0.29928,arr_delay_rate
2026-07-10,2026-07-17,PHX,0.39219,0.24750124101543405,0.25746,0.2813825,arr_delay_rate
2026-07-10,2026-07-11,SEA,0.18384,0.1528076721411332,0.13527,0.175605,arr_delay_rate
2026-07-10,2026-07-12,SEA,0.31429,0.24119722824439044,0.36293,0.2919175,arr_delay_rate
2026-07-10,2026-07-13,SEA,0.30132,0.20919495979283487,0.26266,0.23807250000000002,arr_delay_rate
2026-07-10,2026-07-14,SEA,0.29344,0.2120016492844419,0.23654,0.21504,arr_delay_rate
2026-07-10,2026-07-15,SEA,0.24419,0.17957378109528604,0.2089,0.19637500000000002,arr_delay_rate
2026-07-10,2026-07-16,SEA,0.75797,0.23016672884301395,0.24,0.26892,arr_delay_rate
2026-07-10,2026-07-17,SEA,0.32453,0.20069764643769727,0.21797,0.2339075,arr_delay_rate
2026-07-17,2026-07-18,ATL,0.3947,0.25496222688111503,0.52632,0.28359,arr_delay_rate
2026-07-17,2026-07-19,ATL,0.60244,0.29615799210961136,0.57826,0.3350875,arr_delay_rate
2026-07-17,2026-07-20,ATL,0.2893,0.261246899112646,0.48243,0.29603,arr_delay_rate
2026-07-17,2026-07-21,ATL,0.23775,0.26121757615286784,0.20377,0.188055,arr_delay_rate
2026-07-17,2026-07-22,ATL,0.19373,0.28080425417223887,0.17608,0.17589499999999997,arr_delay_rate
2026-07-17,2026-07-23,ATL,0.26216,0.31855468786402996,0.36229,0.27806,arr_delay_rate
2026-07-17,2026-07-24,ATL,0.51793,0.4036270601191808,0.55328,0.42282000000000003,arr_delay_rate
2026-07-17,2026-07-18,CLT,0.48064,0.2992560104684969,0.33053,0.382205,arr_delay_rate
2026-07-17,2026-07-19,CLT,0.50505,0.2423227743840703,0.34455,0.39739,arr_delay_rate
2026-07-17,2026-07-20,CLT,0.43249,0.3731879828483364,0.43436,0.395165,arr_delay_rate
2026-07-17,2026-07-21,CLT,0.37416,0.3469923712446846,0.27699,0.2856925,arr_delay_rate
2026-07-17,2026-07-22,CLT,0.30204,0.3936649248123855,0.24898,0.201005,arr_delay_rate
2026-07-17,2026-07-23,CLT,0.54457,0.3854460645834006,0.3025,0.284035,arr_delay_rate
2026-07-17,2026-07-24,CLT,0.36329,0.34173622124378383,0.41267,0.38609499999999997,arr_delay_rate
2026-07-17,2026-07-18,DEN,0.27521,0.22561603715862846,0.21569,0.2799675,arr_delay_rate
2026-07-17,2026-07-19,DEN,0.30793,0.23191264145500262,0.20166,0.31498000000000004,arr_delay_rate
2026-07-17,2026-07-20,DEN,0.25711,0.2544223755826605,0.23964,0.27132749999999994,arr_delay_rate
2026-07-17,2026-07-21,DEN,0.22322,0.2714603564157344,0.18222,0.30738,arr_delay_rate
2026-07-17,2026-07-22,DEN,0.45504,0.24788092078623816,0.2093,0.32364750000000003,arr_delay_rate
2026-07-17,2026-07-23,DEN,0.38095,0.28874729684540196,0.26626,0.36148,arr_delay_rate
2026-07-17,2026-07-24,DEN,0.26348,0.3675874350687226,0.25403,0.31975499999999996,arr_delay_rate
2026-07-17,2026-07-18,DFW,0.32683,0.26854141846721774,0.31924,0.31078249999999996,arr_delay_rate
2026-07-17,2026-07-19,DFW,0.39767,0.2714111780557311,0.47374,0.34967,arr_delay_rate
2026-07-17,2026-07-20,DFW,0.33333,0.28987571759779557,0.76692,0.4728525,arr_delay_rate
2026-07-17,2026-07-21,DFW,0.28341,0.40027770793376527,0.2651,0.3002725,arr_delay_rate
2026-07-17,2026-07-22,DFW,0.303,0.3238086237223902,0.47216,0.29460000000000003,arr_delay_rate
2026-07-17,2026-07-23,DFW,0.32949,0.31344787665370033,0.58836,0.35971,arr_delay_rate
2026-07-17,2026-07-24,DFW,0.25395,0.28861204235433374,0.40928,0.3030625,arr_delay_rate
2026-07-17,2026-07-18,LAS,0.27913,0.1871330153876956,0.15504,0.22222,arr_delay_rate
2026-07-17,2026-07-19,LAS,0.38037,0.32712636011646257,0.46247,0.3288825,arr_delay_rate
2026-07-17,2026-07-20,LAS,0.38384,0.30833884134169054,0.40041,0.3099675,arr_delay_rate
2026-07-17,2026-07-21,LAS,0.24816,0.2459818508062577,0.18483,0.21611999999999998,arr_delay_rate
2026-07-17,2026-07-22,LAS,0.24476,0.2582445297316335,0.28037,0.2445525,arr_delay_rate
2026-07-17,2026-07-23,LAS,0.29058,0.3309723872916543,0.47454,0.3407475,arr_delay_rate
2026-07-17,2026-07-24,LAS,0.4668,0.3565996291185853,0.49194,0.32765,arr_delay_rate
2026-07-17,2026-07-18,LAX,0.34836,0.21585377565371716,0.25825,0.21421,arr_delay_rate
2026-07-17,2026-07-19,LAX,0.30108,0.25813102714558356,0.2548,0.2410125,arr_delay_rate
2026-07-17,2026-07-20,LAX,0.30769,0.24434279684815913,0.29239,0.2582525,arr_delay_rate
2026-07-17,2026-07-21,LAX,0.25192,0.18577182939176215,0.2081,0.21174500000000002,arr_delay_rate
2026-07-17,2026-07-22,LAX,0.28131,0.1994089451077436,0.19161,0.21458,arr_delay_rate
2026-07-17,2026-07-23,LAX,0.25641,0.2434884582831044,0.27273,0.2567975,arr_delay_rate
2026-07-17,2026-07-24,LAX,0.20719,0.2720879886856391,0.30703,0.2817125,arr_delay_rate
2026-07-17,2026-07-18,MCO,0.31378,0.2855711047945768,0.27045,0.3573225,arr_delay_rate
2026-07-17,2026-07-19,MCO,0.41546,0.31332725036507303,0.48364,0.384675,arr_delay_rate
2026-07-17,2026-07-20,MCO,0.47733,0.291267435823588,0.41966,0.36468999999999996,arr_delay_rate
2026-07-17,2026-07-21,MCO,0.30854,0.2868545454746139,0.35162,0.33705749999999995,arr_delay_rate
2026-07-17,2026-07-22,MCO,0.25187,0.2634608745656466,0.17284,0.2299,arr_delay_rate
2026-07-17,2026-07-23,MCO,0.2304,0.28727696076070913,0.30211,0.255145,arr_delay_rate
2026-07-17,2026-07-24,MCO,0.22844,0.3720311818639603,0.4763,0.3111425,arr_delay_rate
2026-07-17,2026-07-18,ORD,0.50164,0.23824646851103873,0.18379,0.2575,arr_delay_rate
2026-07-17,2026-07-19,ORD,0.2838,0.23514404691270518,0.15163,0.258945,arr_delay_rate
2026-07-17,2026-07-20,ORD,0.29599,0.23692106557693274,0.20764,0.22467499999999996,arr_delay_rate
2026-07-17,2026-07-21,ORD,0.32168,0.24963941232728895,0.24148,0.2033425,arr_delay_rate
2026-07-17,2026-07-22,ORD,0.20226,0.3109637850508606,0.16933,0.26590250000000004,arr_delay_rate
2026-07-17,2026-07-23,ORD,0.17658,0.2581211768717378,0.38185,0.327565,arr_delay_rate
2026-07-17,2026-07-24,ORD,0.18443,0.3313263514748833,0.58224,0.4002549999999999,arr_delay_rate
2026-07-17,2026-07-18,PHX,0.31906,0.23223873260690525,0.20502,0.226865,arr_delay_rate
2026-07-17,2026-07-19,PHX,0.26204,0.30629554995438746,0.40494,0.30653,arr_delay_rate
2026-07-17,2026-07-20,PHX,0.36754,0.2554633828683177,0.4357,0.28791,arr_delay_rate
2026-07-17,2026-07-21,PHX,0.28657,0.24922095884302964,0.28433,0.244445,arr_delay_rate
2026-07-17,2026-07-22,PHX,0.24561,0.23592331811185224,0.37791,0.2712575,arr_delay_rate
2026-07-17,2026-07-23,PHX,0.27138,0.324180085252111,0.44259,0.32333500000000004,arr_delay_rate
2026-07-17,2026-07-24,PHX,0.30056,0.28544380213983894,0.39219,0.2915275,arr_delay_rate
2026-07-17,2026-07-18,SEA,0.25364,0.1835569689976297,0.18384,0.169735,arr_delay_rate
2026-07-17,2026-07-19,SEA,0.27977,0.2718427819484346,0.31429,0.2933475,arr_delay_rate
2026-07-17,2026-07-20,SEA,0.27307,0.2579408916749778,0.30132,0.24863999999999997,arr_delay_rate
2026-07-17,2026-07-21,SEA,0.28656,0.24164914128841344,0.29344,0.252685,arr_delay_rate
2026-07-17,2026-07-22,SEA,0.31518,0.2199432294750138,0.24419,0.2032875,arr_delay_rate
2026-07-17,2026-07-23,SEA,0.31903,0.29714980903587684,0.75797,0.3727125,arr_delay_rate
2026-07-17,2026-07-24,SEA,0.28224,0.30447510987061027,0.32453,0.23775,arr_delay_rate
2026-07-24,2026-07-25,ATL,0.24842,0.3682604844708058,0.3947,0.3436775,arr_delay_rate
2026-07-24,2026-07-26,ATL,0.20535,0.44144308484959305,0.60244,0.4401925,arr_delay_rate
2026-07-24,2026-07-27,ATL,0.44214,0.35209756929483693,0.2893,0.296265,arr_delay_rate
2026-07-24,2026-07-28,ATL,0.24619,0.38100202531459604,0.23775,0.204175,arr_delay_rate
2026-07-24,2026-07-29,ATL,0.19709,0.33986330016618344,0.19373,0.1781875,arr_delay_rate
2026-07-24,2026-07-30,ATL,0.26349,0.40118713509128334,0.26216,0.3062875,arr_delay_rate
2026-07-24,2026-07-31,ATL,0.16739,0.4415461376721994,0.51793,0.5159825,arr_delay_rate
2026-07-24,2026-07-25,CLT,0.26349,0.38810568181216526,0.48064,0.38530999999999993,arr_delay_rate
2026-07-24,2026-07-26,CLT,0.3738,0.41922113248982606,0.50505,0.429535,arr_delay_rate
2026-07-24,2026-07-27,CLT,0.38956,0.4830808754608441,0.43249,0.4077875,arr_delay_rate
2026-07-24,2026-07-28,CLT,0.48636,0.3895516455660889,0.37416,0.32181499999999996,arr_delay_rate
2026-07-24,2026-07-29,CLT,0.27439,0.3922805011194288,0.30204,0.2354325,arr_delay_rate
2026-07-24,2026-07-30,CLT,0.30019,0.46132906105180915,0.54457,0.35816250000000005,arr_delay_rate
2026-07-24,2026-07-31,CLT,0.20115,0.43592229998411025,0.36329,0.40196499999999996,arr_delay_rate
2026-07-24,2026-07-25,DEN,0.20949,0.26324555585150583,0.27521,0.26495250000000004,arr_delay_rate
2026-07-24,2026-07-26,DEN,0.24717,0.3304299011743541,0.30793,0.2755875,arr_delay_rate
2026-07-24,2026-07-27,DEN,0.37344,0.3655654936563699,0.25711,0.2571625,arr_delay_rate
2026-07-24,2026-07-28,DEN,0.54243,0.31016362355764443,0.22322,0.2896875,arr_delay_rate
2026-07-24,2026-07-29,DEN,0.51183,0.35791844177298227,0.45504,0.32427999999999996,arr_delay_rate
2026-07-24,2026-07-30,DEN,0.26646,0.3857769963946666,0.38095,0.3597325,arr_delay_rate
2026-07-24,2026-07-31,DEN,0.24141,0.4754436562983477,0.26348,0.31848999999999994,arr_delay_rate
2026-07-24,2026-07-25,DFW,0.28222,0.31467616214566807,0.32683,0.27337500000000003,arr_delay_rate
2026-07-24,2026-07-26,DFW,0.27568,0.377386478300856,0.39767,0.37773500000000004,arr_delay_rate
2026-07-24,2026-07-27,DFW,0.3014,0.45809363486146715,0.33333,0.42330499999999993,arr_delay_rate
2026-07-24,2026-07-28,DFW,0.37398,0.34188604949762874,0.28341,0.2693975,arr_delay_rate
2026-07-24,2026-07-29,DFW,0.31384,0.35255432130794556,0.303,0.30750500000000003,arr_delay_rate
2026-07-24,2026-07-30,DFW,0.27778,0.41907605922128943,0.32949,0.358135,arr_delay_rate
2026-07-24,2026-07-31,DFW,0.33544,0.5174049420561552,0.25395,0.29486,arr_delay_rate
2026-07-24,2026-07-25,LAS,0.31152,0.26271172107792606,0.27913,0.20934,arr_delay_rate
2026-07-24,2026-07-26,LAS,0.264,0.33583180106243,0.38037,0.33840749999999997,arr_delay_rate
2026-07-24,2026-07-27,LAS,0.29857,0.3978240395547423,0.38384,0.3109775,arr_delay_rate
2026-07-24,2026-07-28,LAS,0.29676,0.3547219796864078,0.24816,0.213255,arr_delay_rate
2026-07-24,2026-07-29,LAS,0.29647,0.3519625919822106,0.24476,0.22882,arr_delay_rate
2026-07-24,2026-07-30,LAS,0.31781,0.42707224556552903,0.29058,0.33243500000000004,arr_delay_rate
2026-07-24,2026-07-31,LAS,0.32665,0.4875622272206809,0.4668,0.36723249999999996,arr_delay_rate
2026-07-24,2026-07-25,LAX,0.23404,0.2742238705987822,0.34836,0.25593499999999997,arr_delay_rate
2026-07-24,2026-07-26,LAX,0.25217,0.324348999039928,0.30108,0.264255,arr_delay_rate
2026-07-24,2026-07-27,LAX,0.30919,0.329788526839496,0.30769,0.270815,arr_delay_rate
2026-07-24,2026-07-28,LAX,0.32809,0.2603046949663773,0.25192,0.22175,arr_delay_rate
2026-07-24,2026-07-29,LAX,0.25974,0.33585054286943844,0.28131,0.2282775,arr_delay_rate
2026-07-24,2026-07-30,LAX,0.22031,0.3705594308777299,0.25641,0.261925,arr_delay_rate
2026-07-24,2026-07-31,LAX,0.2867,0.33217773779427223,0.20719,0.266105,arr_delay_rate
2026-07-24,2026-07-25,MCO,0.1875,0.3005031269157091,0.31378,0.3370225,arr_delay_rate
2026-07-24,2026-07-26,MCO,0.29613,0.38980959511456637,0.41546,0.3948625,arr_delay_rate
2026-07-24,2026-07-27,MCO,0.39663,0.4916442994673526,0.47733,0.4078825,arr_delay_rate
2026-07-24,2026-07-28,MCO,0.23056,0.34245721843741217,0.30854,0.3620575,arr_delay_rate
2026-07-24,2026-07-29,MCO,0.3191,0.37522150741687804,0.25187,0.19810499999999998,arr_delay_rate
2026-07-24,2026-07-30,MCO,0.54217,0.3676167841117951,0.2304,0.24817250000000002,arr_delay_rate
2026-07-24,2026-07-31,MCO,0.28169,0.5083424297421942,0.22844,0.3182525,arr_delay_rate
2026-07-24,2026-07-25,ORD,0.15202,0.36003036444336733,0.50164,0.335585,arr_delay_rate
2026-07-24,2026-07-26,ORD,0.19034,0.4027112260058062,0.2838,0.2540875,arr_delay_rate
2026-07-24,2026-07-27,ORD,0.57423,0.3466615285749065,0.29599,0.234625,arr_delay_rate
2026-07-24,2026-07-28,ORD,0.39642,0.36500054193864623,0.32168,0.2418525,arr_delay_rate
2026-07-24,2026-07-29,ORD,0.26781,0.4311711051578623,0.20226,0.21487499999999998,arr_delay_rate
2026-07-24,2026-07-30,ORD,0.23426,0.4957105983534329,0.17658,0.28885,arr_delay_rate
2026-07-24,2026-07-31,ORD,0.23262,0.4402775990145298,0.18443,0.39561,arr_delay_rate
2026-07-24,2026-07-25,PHX,0.35282,0.2949601803956265,0.31906,0.219765,arr_delay_rate
2026-07-24,2026-07-26,PHX,0.25856,0.406072785637259,0.26204,0.28169500000000003,arr_delay_rate
2026-07-24,2026-07-27,PHX,0.30843,0.3694682239133978,0.36754,0.31498,arr_delay_rate
2026-07-24,2026-07-28,PHX,0.512,0.27471789727129553,0.28657,0.2564225,arr_delay_rate
2026-07-24,2026-07-29,PHX,0.2888,0.40093659253261327,0.24561,0.25913,arr_delay_rate
2026-07-24,2026-07-30,PHX,0.26629,0.4003559476738933,0.27138,0.311255,arr_delay_rate
2026-07-24,2026-07-31,PHX,0.25788,0.44744160278400785,0.30056,0.2995725,arr_delay_rate
2026-07-24,2026-07-25,SEA,0.23992,0.26694788757319343,0.25364,0.1925775,arr_delay_rate
2026-07-24,2026-07-26,SEA,0.25047,0.2835589133046225,0.27977,0.284745,arr_delay_rate
2026-07-24,2026-07-27,SEA,0.27083,0.2561778696674535,0.27307,0.24934,arr_delay_rate
2026-07-24,2026-07-28,SEA,0.27038,0.2625365941006749,0.28656,0.252475,arr_delay_rate
2026-07-24,2026-07-29,SEA,0.24612,0.32297368342641697,0.31518,0.237965,arr_delay_rate
2026-07-24,2026-07-30,SEA,0.36535,0.41237646577405274,0.31903,0.39210999999999996,arr_delay_rate
2026-07-24,2026-07-31,SEA,0.30989,0.3856188397660642,0.28224,0.258025,arr_delay_rate
