flight_date,airport_code,scheduled_departures,arr_delay_rate
2025-08-01,ATL,988,0.56487
2025-08-02,ATL,812,0.29124
2025-08-03,ATL,983,0.34476
2025-08-04,ATL,977,0.22793
2025-08-05,ATL,889,0.12655
2025-08-06,ATL,881,0.10682
2025-08-07,ATL,973,0.17957
2025-08-08,ATL,975,0.1277
2025-08-09,ATL,794,0.16035
2025-08-10,ATL,967,0.19751
2025-08-11,ATL,943,0.14925
2025-08-12,ATL,850,0.13136
2025-08-13,ATL,847,0.24163
2025-08-14,ATL,942,0.22151
2025-08-15,ATL,943,0.40642
2025-08-16,ATL,771,0.17848
2025-08-17,ATL,939,0.23619
2025-08-18,ATL,939,0.26638
2025-08-19,ATL,834,0.48795
2025-08-20,ATL,841,0.30981
2025-08-21,ATL,944,0.42122
2025-08-22,ATL,950,0.18796
2025-08-23,ATL,767,0.19582
2025-08-24,ATL,941,0.16578
2025-08-25,ATL,851,0.09693
2025-08-26,ATL,785,0.06266
2025-08-27,ATL,792,0.07342
2025-08-28,ATL,846,0.11995
2025-08-29,ATL,857,0.13435
2025-08-30,ATL,749,0.1159
2025-08-31,ATL,783,0.10911
2025-09-01,ATL,836,0.08633
2025-09-02,ATL,767,0.06519
2025-09-03,ATL,772,0.07273
2025-09-04,ATL,819,0.12883
2025-09-05,ATL,828,0.10775
2025-09-06,ATL,743,0.21585
2025-09-07,ATL,845,0.11256
2025-09-08,ATL,847,0.09242
2025-09-09,ATL,782,0.06146
2025-09-10,ATL,787,0.07771
2025-09-11,ATL,951,0.11579
2025-09-12,ATL,949,0.13699
2025-09-13,ATL,750,0.10814
2025-09-14,ATL,948,0.12975
2025-09-15,ATL,949,0.10959
2025-09-16,ATL,832,0.11687
2025-09-17,ATL,840,0.1247
2025-09-18,ATL,951,0.15895
2025-09-19,ATL,952,0.15784
2025-09-20,ATL,752,0.15127
2025-09-21,ATL,942,0.23454
2025-09-22,ATL,950,0.16456
2025-09-23,ATL,834,0.14063
2025-09-24,ATL,840,0.21292
2025-09-25,ATL,953,0.25817
2025-09-26,ATL,946,0.1881
2025-09-27,ATL,748,0.12299
2025-09-28,ATL,943,0.1189
2025-09-29,ATL,950,0.13684
2025-09-30,ATL,833,0.08403
2025-10-01,ATL,842,0.08095
2025-10-02,ATL,952,0.11345
2025-10-03,ATL,953,0.09769
2025-10-04,ATL,749,0.09079
2025-10-05,ATL,947,0.15628
2025-10-06,ATL,963,0.17586
2025-10-07,ATL,857,0.13115
2025-10-08,ATL,865,0.17381
2025-10-09,ATL,966,0.21391
2025-10-10,ATL,955,0.36698
2025-10-11,ATL,776,0.2153
2025-10-12,ATL,958,0.2458
2025-10-13,ATL,960,0.21108
2025-10-14,ATL,861,0.15233
2025-10-15,ATL,866,0.07737
2025-10-16,ATL,966,0.09751
2025-10-17,ATL,961,0.12071
2025-10-18,ATL,772,0.22324
2025-10-19,ATL,956,0.28122
2025-10-20,ATL,960,0.30408
2025-10-21,ATL,860,0.10698
2025-10-22,ATL,866,0.11201
2025-10-23,ATL,964,0.19003
2025-10-24,ATL,960,0.19665
2025-10-25,ATL,773,0.12176
2025-10-26,ATL,945,0.26617
2025-10-27,ATL,944,0.40446
2025-10-28,ATL,789,0.13828
2025-10-29,ATL,799,0.12891
2025-10-30,ATL,840,0.21691
2025-10-31,ATL,731,0.23109
2025-11-01,ATL,731,0.19067
2025-11-02,ATL,854,0.20164
2025-11-03,ATL,853,0.19226
2025-11-04,ATL,797,0.12846
2025-11-05,ATL,805,0.11553
2025-11-06,ATL,864,0.22352
2025-11-07,ATL,864,0.27995
2025-11-08,ATL,761,0.46312
2025-11-09,ATL,943,0.53425
2025-11-10,ATL,947,0.39401
2025-11-11,ATL,843,0.14622
2025-11-12,ATL,847,0.06506
2025-11-13,ATL,949,0.12379
2025-11-14,ATL,955,0.13723
2025-11-15,ATL,760,0.0751
2025-11-16,ATL,951,0.12381
2025-11-17,ATL,945,0.10817
2025-11-18,ATL,841,0.10476
2025-11-19,ATL,849,0.07429
2025-11-20,ATL,944,0.19444
2025-11-21,ATL,956,0.18019
2025-11-22,ATL,806,0.14677
2025-11-23,ATL,895,0.10291
2025-11-24,ATL,899,0.13393
2025-11-25,ATL,908,0.46512
2025-11-26,ATL,907,0.12389
2025-11-27,ATL,621,0.08239
2025-11-28,ATL,752,0.1123
2025-11-29,ATL,889,0.23991
2025-11-30,ATL,952,0.49302
2025-12-01,ATL,957,0.36709
2025-12-02,ATL,852,0.28066
2025-12-03,ATL,839,0.21386
2025-12-04,ATL,911,0.22687
2025-12-05,ATL,921,0.32519
2025-12-06,ATL,743,0.13297
2025-12-07,ATL,918,0.85956
2025-12-08,ATL,918,0.37428
2025-12-09,ATL,826,0.24606
2025-12-10,ATL,830,0.18727
2025-12-11,ATL,913,0.23904
2025-12-12,ATL,928,0.15642
2025-12-13,ATL,742,0.14499
2025-12-14,ATL,917,0.35063
2025-12-15,ATL,917,0.20067
2025-12-16,ATL,827,0.08924
2025-12-17,ATL,827,0.15758
2025-12-18,ATL,858,0.21882
2025-12-19,ATL,859,0.28775
2025-12-20,ATL,757,0.30299
2025-12-21,ATL,827,0.28853
2025-12-22,ATL,826,0.17439
2025-12-23,ATL,823,0.22794
2025-12-24,ATL,657,0.15822
2025-12-25,ATL,650,0.1478
2025-12-26,ATL,826,0.31943
2025-12-27,ATL,762,0.39301
2025-12-28,ATL,826,0.37871
2025-12-29,ATL,826,0.35108
2025-12-30,ATL,813,0.31258
2025-12-31,ATL,668,0.18619
2026-01-01,ATL,671,0.17868
2026-01-02,ATL,811,0.19173
2026-01-03,ATL,756,0.30028
2026-01-04,ATL,824,0.29036
2026-01-05,ATL,780,0.58311
2026-01-06,ATL,759,0.15984
2026-01-07,ATL,766,0.06545
2026-01-08,ATL,816,0.1063
2026-01-09,ATL,818,0.15233
2026-01-10,ATL,697,0.43678
2026-01-11,ATL,819,0.19363
2026-01-12,ATL,809,0.09271
2026-01-13,ATL,752,0.05593
2026-01-14,ATL,757,0.0996
2026-01-15,ATL,830,0.21135
2026-01-16,ATL,829,0.1558
2026-01-17,ATL,686,0.13285
2026-01-18,ATL,746,0.21081
2026-01-19,ATL,882,0.22727
2026-01-20,ATL,786,0.11959
2026-01-21,ATL,786,0.10714
2026-01-22,ATL,875,0.12615
2026-01-23,ATL,872,0.13412
2026-01-24,ATL,703,0.25249
2026-01-25,ATL,876,0.66947
2026-01-26,ATL,869,0.53113
2026-01-27,ATL,782,0.36156
2026-01-28,ATL,788,0.17139
2026-01-29,ATL,873,0.20642
2026-01-30,ATL,873,0.18367
2026-01-31,ATL,704,0.42131
2026-02-01,ATL,868,0.33095
2026-02-02,ATL,864,0.16686
2026-02-03,ATL,776,0.06848
2026-02-04,ATL,779,0.04878
2026-02-05,ATL,867,0.12254
2026-02-06,ATL,872,0.13464
2026-02-07,ATL,700,0.15661
2026-02-08,ATL,761,0.11726
2026-02-09,ATL,865,0.09618
2026-02-10,ATL,784,0.07033
2026-02-11,ATL,790,0.06337
2026-02-12,ATL,881,0.17594
2026-02-13,ATL,886,0.20928
2026-02-14,ATL,725,0.17797
2026-02-15,ATL,773,0.23118
2026-02-16,ATL,886,0.19795
2026-02-17,ATL,800,0.15849
2026-02-18,ATL,803,0.18939
2026-02-19,ATL,879,0.27931
2026-02-20,ATL,888,0.25986
2026-02-21,ATL,725,0.36596
2026-02-22,ATL,880,0.57018
2026-02-23,ATL,884,0.22109
2026-02-24,ATL,795,0.21039
2026-02-25,ATL,799,0.20603
2026-02-26,ATL,881,0.31477
2026-02-27,ATL,886,0.19543
2026-02-28,ATL,727,0.1595
2026-03-01,ATL,877,0.18078
2026-03-02,ATL,882,0.14448
2026-03-03,ATL,793,0.09506
2026-03-04,ATL,799,0.09596
2026-03-05,ATL,875,0.15991
2026-03-06,ATL,875,0.44054
2026-03-07,ATL,724,0.64377
2026-03-08,ATL,899,0.37976
2026-03-09,ATL,904,0.33072
2026-03-10,ATL,845,0.1619
2026-03-11,ATL,851,0.23986
2026-03-12,ATL,905,0.38393
2026-03-13,ATL,904,0.22753
2026-03-14,ATL,755,0.24242
2026-03-15,ATL,899,0.3739
2026-03-16,ATL,903,0.87097
2026-03-17,ATL,846,0.56208
2026-03-18,ATL,855,0.29988
2026-03-19,ATL,909,0.17861
2026-03-20,ATL,905,0.27475
2026-03-21,ATL,753,0.22759
2026-03-22,ATL,899,0.22349
2026-03-23,ATL,905,0.21147
2026-03-24,ATL,846,0.11995
2026-03-25,ATL,852,0.12854
2026-03-26,ATL,908,0.18395
2026-03-27,ATL,905,0.15402
2026-03-28,ATL,757,0.14815
2026-03-29,ATL,897,0.14927
2026-03-30,ATL,900,0.13356
2026-03-31,ATL,842,0.13588
2026-04-01,ATL,847,0.18365
2026-04-02,ATL,908,0.16331
2026-04-03,ATL,908,0.11573
2026-04-04,ATL,763,0.18742
2026-04-05,ATL,896,0.19693
2026-04-06,ATL,910,0.18412
2026-04-07,ATL,850,0.15796
2026-04-08,ATL,852,0.11398
2026-04-09,ATL,913,0.11346
2026-04-10,ATL,914,0.12486
2026-04-11,ATL,756,0.11844
2026-04-12,ATL,906,0.19504
2026-04-13,ATL,941,0.18435
2026-04-14,ATL,862,0.11409
2026-04-15,ATL,859,0.12544
2026-04-16,ATL,943,0.13206
2026-04-17,ATL,943,0.18864
2026-04-18,ATL,772,0.12322
2026-04-19,ATL,942,0.20128
2026-04-20,ATL,950,0.15789
2026-04-21,ATL,859,0.07101
2026-04-22,ATL,871,0.0954
2026-04-23,ATL,947,0.1679
2026-04-24,ATL,947,0.13085
2026-04-25,ATL,780,0.1482
2026-04-26,ATL,943,0.23804
2026-04-27,ATL,947,0.20554
2026-04-28,ATL,863,0.73741
2026-04-29,ATL,870,0.22261
2026-04-30,ATL,945,0.27814
2026-05-01,ATL,945,0.2719
2026-05-02,ATL,760,0.21186
2026-05-03,ATL,919,0.17957
2026-05-04,ATL,925,0.14924
2026-05-05,ATL,858,0.15205
2026-05-06,ATL,877,0.37801
2026-05-07,ATL,937,0.34475
2026-05-08,ATL,934,0.13856
2026-05-09,ATL,758,0.16866
2026-05-10,ATL,932,0.17177
2026-05-11,ATL,933,0.15451
2026-05-12,ATL,869,0.09551
2026-05-13,ATL,882,0.10329
2026-05-14,ATL,935,0.13734
2026-05-15,ATL,935,0.1086
2026-05-16,ATL,761,0.08886
2026-05-17,ATL,933,0.3315
2026-05-18,ATL,933,0.25164
2026-05-19,ATL,873,0.1844
2026-05-20,ATL,882,0.25611
2026-05-21,ATL,933,0.2037
2026-05-22,ATL,939,0.48547
2026-05-23,ATL,762,0.3153
2026-05-24,ATL,818,0.27047
2026-05-25,ATL,929,0.43818
2026-05-26,ATL,895,0.44681
2026-05-27,ATL,900,0.2252
2026-05-28,ATL,940,0.16774
2026-05-29,ATL,939,0.29902
2026-05-30,ATL,771,0.13893
2026-05-31,ATL,928,0.1694
2026-06-01,ATL,938,0.16043
2026-06-02,ATL,889,0.10282
2026-06-03,ATL,895,0.08511
2026-06-04,ATL,939,0.09382
2026-06-05,ATL,937,0.07051
2026-06-06,ATL,779,0.13066
2026-06-07,ATL,936,0.22919
2026-06-08,ATL,945,0.26226
2026-06-09,ATL,895,0.1264
2026-06-10,ATL,897,0.18913
2026-06-11,ATL,942,0.20302
2026-06-12,ATL,943,0.24646
2026-06-13,ATL,786,0.16195
2026-06-14,ATL,931,0.58393
2026-06-15,ATL,945,0.32099
2026-06-16,ATL,896,0.13483
2026-06-17,ATL,898,0.14382
2026-06-18,ATL,940,0.58885
2026-06-19,ATL,941,0.34773
2026-06-20,ATL,782,0.15435
2026-06-21,ATL,930,0.18202
2026-06-22,ATL,944,0.28836
2026-06-23,ATL,895,0.17327
2026-06-24,ATL,896,0.18456
2026-06-25,ATL,942,0.14925
2026-06-26,ATL,943,0.14528
2026-06-27,ATL,788,0.18575
2026-06-28,ATL,866,0.12283
2026-06-29,ATL,858,0.09719
2026-06-30,ATL,845,0.1201
2026-07-01,ATL,845,0.20119
2026-07-02,ATL,857,0.1507
2026-07-03,ATL,851,0.54034
2026-07-04,ATL,697,0.26794
2026-07-05,ATL,919,0.45724
2026-07-06,ATL,944,0.31614
2026-07-07,ATL,901,0.25508
2026-07-08,ATL,907,0.14175
2026-07-09,ATL,953,0.45
2026-07-10,ATL,954,0.45238
2026-07-11,ATL,793,0.52632
2026-07-12,ATL,949,0.57826
2026-07-13,ATL,958,0.48243
2026-07-14,ATL,906,0.20377
2026-07-15,ATL,908,0.17608
2026-07-16,ATL,954,0.36229
2026-07-17,ATL,958,0.55328
2026-07-18,ATL,793,0.3947
2026-07-19,ATL,945,0.60244
2026-07-20,ATL,955,0.2893
2026-07-21,ATL,903,0.23775
2026-07-22,ATL,909,0.19373
2026-07-23,ATL,951,0.26216
2026-07-24,ATL,953,0.51793
2026-07-25,ATL,793,0.24842
2026-07-26,ATL,942,0.20535
2026-07-27,ATL,954,0.44214
2026-07-28,ATL,904,0.24619
2026-07-29,ATL,907,0.19709
2026-07-30,ATL,951,0.26349
2026-07-31,ATL,954,0.16739
2025-08-01,CLT,551,0.5249
2025-08-02,CLT,492,0.28838
2025-08-03,CLT,553,0.32847
2025-08-04,CLT,552,0.2792
2025-08-05,CLT,517,0.22568
2025-08-06,CLT,481,0.28125
2025-08-07,CLT,562,0.24194
2025-08-08,CLT,498,0.18182
2025-08-09,CLT,501,0.3246
2025-08-10,CLT,563,0.32007
2025-08-11,CLT,496,0.50707
2025-08-12,CLT,484,0.32158
2025-08-13,CLT,481,0.25532
2025-08-14,CLT,558,0.29783
2025-08-15,CLT,496,0.32389
2025-08-16,CLT,503,0.24346
2025-08-17,CLT,560,0.30631
2025-08-18,CLT,494,0.29897
2025-08-19,CLT,482,0.17012
2025-08-20,CLT,479,0.2369
2025-08-21,CLT,558,0.30561
2025-08-22,CLT,500,0.25904
2025-08-23,CLT,488,0.30247
2025-08-24,CLT,561,0.2316
2025-08-25,CLT,493,0.2454
2025-08-26,CLT,431,0.09049
2025-08-27,CLT,478,0.16318
2025-08-28,CLT,555,0.23346
2025-08-29,CLT,558,0.27957
2025-08-30,CLT,337,0.14414
2025-08-31,CLT,366,0.11019
2025-09-01,CLT,555,0.2663
2025-09-02,CLT,474,0.173
2025-09-03,CLT,460,0.07174
2025-09-04,CLT,503,0.35529
2025-09-05,CLT,505,0.14571
2025-09-06,CLT,464,0.4119
2025-09-07,CLT,572,0.20351
2025-09-08,CLT,505,0.106
2025-09-09,CLT,465,0.07957
2025-09-10,CLT,466,0.08798
2025-09-11,CLT,570,0.16049
2025-09-12,CLT,508,0.09862
2025-09-13,CLT,466,0.14194
2025-09-14,CLT,574,0.12195
2025-09-15,CLT,509,0.11417
2025-09-16,CLT,468,0.07265
2025-09-17,CLT,469,0.13276
2025-09-18,CLT,570,0.14411
2025-09-19,CLT,509,0.15431
2025-09-20,CLT,466,0.13118
2025-09-21,CLT,575,0.18739
2025-09-22,CLT,509,0.14567
2025-09-23,CLT,468,0.11966
2025-09-24,CLT,469,0.29004
2025-09-25,CLT,570,0.19048
2025-09-26,CLT,508,0.20833
2025-09-27,CLT,466,0.125
2025-09-28,CLT,573,0.18039
2025-09-29,CLT,508,0.12205
2025-09-30,CLT,468,0.03426
2025-10-01,CLT,469,0.07463
2025-10-02,CLT,570,0.1338
2025-10-03,CLT,509,0.12402
2025-10-04,CLT,467,0.08369
2025-10-05,CLT,576,0.18056
2025-10-06,CLT,569,0.19684
2025-10-07,CLT,490,0.14724
2025-10-08,CLT,493,0.10142
2025-10-09,CLT,571,0.25965
2025-10-10,CLT,572,0.21541
2025-10-11,CLT,497,0.14286
2025-10-12,CLT,571,0.28345
2025-10-13,CLT,570,0.2234
2025-10-14,CLT,490,0.19427
2025-10-15,CLT,493,0.12602
2025-10-16,CLT,571,0.17338
2025-10-17,CLT,573,0.13462
2025-10-18,CLT,498,0.24848
2025-10-19,CLT,573,0.41681
2025-10-20,CLT,574,0.24258
2025-10-21,CLT,490,0.13061
2025-10-22,CLT,493,0.11968
2025-10-23,CLT,571,0.20877
2025-10-24,CLT,514,0.18872
2025-10-25,CLT,492,0.12424
2025-10-26,CLT,572,0.30175
2025-10-27,CLT,574,0.33803
2025-10-28,CLT,473,0.10381
2025-10-29,CLT,477,0.12185
2025-10-30,CLT,502,0.19048
2025-10-31,CLT,419,0.17108
2025-11-01,CLT,406,0.09606
2025-11-02,CLT,554,0.21014
2025-11-03,CLT,496,0.14949
2025-11-04,CLT,464,0.13203
2025-11-05,CLT,466,0.11183
2025-11-06,CLT,549,0.31387
2025-11-07,CLT,495,0.18672
2025-11-08,CLT,472,0.51574
2025-11-09,CLT,555,0.41093
2025-11-10,CLT,498,0.28151
2025-11-11,CLT,465,0.11648
2025-11-12,CLT,466,0.08423
2025-11-13,CLT,551,0.12066
2025-11-14,CLT,498,0.09331
2025-11-15,CLT,454,0.09912
2025-11-16,CLT,554,0.16968
2025-11-17,CLT,497,0.10865
2025-11-18,CLT,464,0.07974
2025-11-19,CLT,466,0.05591
2025-11-20,CLT,548,0.20857
2025-11-21,CLT,555,0.26812
2025-11-22,CLT,496,0.10685
2025-11-23,CLT,554,0.1558
2025-11-24,CLT,498,0.15895
2025-11-25,CLT,551,0.17091
2025-11-26,CLT,552,0.1216
2025-11-27,CLT,187,0.04278
2025-11-28,CLT,544,0.27767
2025-11-29,CLT,529,0.18738
2025-11-30,CLT,561,0.48649
2025-12-01,CLT,556,0.37477
2025-12-02,CLT,484,0.33747
2025-12-03,CLT,464,0.15517
2025-12-04,CLT,536,0.25933
2025-12-05,CLT,482,0.25527
2025-12-06,CLT,457,0.25499
2025-12-07,CLT,538,0.53282
2025-12-08,CLT,481,0.2616
2025-12-09,CLT,454,0.15894
2025-12-10,CLT,457,0.17105
2025-12-11,CLT,536,0.27239
2025-12-12,CLT,487,0.15021
2025-12-13,CLT,456,0.14699
2025-12-14,CLT,537,0.41762
2025-12-15,CLT,481,0.19078
2025-12-16,CLT,454,0.09713
2025-12-17,CLT,457,0.08553
2025-12-18,CLT,506,0.26839
2025-12-19,CLT,513,0.392
2025-12-20,CLT,490,0.22934
2025-12-21,CLT,504,0.372
2025-12-22,CLT,502,0.17729
2025-12-23,CLT,490,0.19918
2025-12-24,CLT,360,0.10924
2025-12-25,CLT,321,0.06563
2025-12-26,CLT,512,0.31148
2025-12-27,CLT,502,0.36492
2025-12-28,CLT,514,0.48805
2025-12-29,CLT,513,0.42063
2025-12-30,CLT,513,0.28655
2025-12-31,CLT,418,0.23022
2026-01-01,CLT,500,0.21573
2026-01-02,CLT,506,0.21158
2026-01-03,CLT,497,0.24948
2026-01-04,CLT,512,0.24852
2026-01-05,CLT,502,0.24194
2026-01-06,CLT,435,0.08966
2026-01-07,CLT,440,0.05936
2026-01-08,CLT,464,0.08894
2026-01-09,CLT,468,0.13548
2026-01-10,CLT,425,0.12972
2026-01-11,CLT,465,0.33846
2026-01-12,CLT,469,0.10021
2026-01-13,CLT,434,0.0576
2026-01-14,CLT,432,0.08197
2026-01-15,CLT,472,0.11702
2026-01-16,CLT,469,0.16847
2026-01-17,CLT,417,0.15625
2026-01-18,CLT,454,0.23884
2026-01-19,CLT,470,0.24625
2026-01-20,CLT,431,0.11137
2026-01-21,CLT,436,0.06221
2026-01-22,CLT,468,0.10684
2026-01-23,CLT,467,0.14161
2026-01-24,CLT,427,0.22177
2026-01-25,CLT,468,0.95652
2026-01-26,CLT,467,0.77174
2026-01-27,CLT,431,0.61176
2026-01-28,CLT,436,0.35294
2026-01-29,CLT,468,0.20815
2026-01-30,CLT,469,0.23297
2026-01-31,CLT,423,0.75
2026-02-01,CLT,465,0.79474
2026-02-02,CLT,464,0.54425
2026-02-03,CLT,432,0.10981
2026-02-04,CLT,426,0.07277
2026-02-05,CLT,465,0.15269
2026-02-06,CLT,465,0.2587
2026-02-07,CLT,425,0.18483
2026-02-08,CLT,464,0.24026
2026-02-09,CLT,463,0.18655
2026-02-10,CLT,435,0.08736
2026-02-11,CLT,429,0.0676
2026-02-12,CLT,512,0.17383
2026-02-13,CLT,507,0.17624
2026-02-14,CLT,462,0.19256
2026-02-15,CLT,504,0.37449
2026-02-16,CLT,512,0.23413
2026-02-17,CLT,446,0.14059
2026-02-18,CLT,442,0.15682
2026-02-19,CLT,511,0.17717
2026-02-20,CLT,506,0.38645
2026-02-21,CLT,463,0.19913
2026-02-22,CLT,508,0.2533
2026-02-23,CLT,511,0.14031
2026-02-24,CLT,442,0.20794
2026-02-25,CLT,441,0.18037
2026-02-26,CLT,511,0.20079
2026-02-27,CLT,513,0.21053
2026-02-28,CLT,468,0.15451
2026-03-01,CLT,513,0.16275
2026-03-02,CLT,511,0.1611
2026-03-03,CLT,442,0.07045
2026-03-04,CLT,439,0.09382
2026-03-05,CLT,509,0.17103
2026-03-06,CLT,510,0.23374
2026-03-07,CLT,469,0.42609
2026-03-08,CLT,512,0.346
2026-03-09,CLT,512,0.16142
2026-03-10,CLT,449,0.13677
2026-03-11,CLT,505,0.21956
2026-03-12,CLT,514,0.634
2026-03-13,CLT,513,0.34818
2026-03-14,CLT,473,0.27511
2026-03-15,CLT,513,0.35045
2026-03-16,CLT,511,0.65625
2026-03-17,CLT,451,0.36782
2026-03-18,CLT,507,0.14371
2026-03-19,CLT,510,0.13137
2026-03-20,CLT,510,0.19921
2026-03-21,CLT,471,0.2265
2026-03-22,CLT,512,0.26772
2026-03-23,CLT,510,0.20875
2026-03-24,CLT,450,0.16629
2026-03-25,CLT,505,0.18056
2026-03-26,CLT,513,0.25838
2026-03-27,CLT,509,0.26139
2026-03-28,CLT,473,0.18085
2026-03-29,CLT,508,0.23715
2026-03-30,CLT,506,0.20477
2026-03-31,CLT,448,0.16592
2026-04-01,CLT,506,0.17624
2026-04-02,CLT,516,0.23913
2026-04-03,CLT,513,0.30118
2026-04-04,CLT,476,0.28481
2026-04-05,CLT,514,0.36905
2026-04-06,CLT,508,0.32544
2026-04-07,CLT,465,0.20563
2026-04-08,CLT,520,0.18798
2026-04-09,CLT,536,0.15327
2026-04-10,CLT,532,0.17105
2026-04-11,CLT,493,0.17755
2026-04-12,CLT,540,0.24304
2026-04-13,CLT,533,0.1758
2026-04-14,CLT,464,0.13607
2026-04-15,CLT,514,0.16959
2026-04-16,CLT,538,0.20149
2026-04-17,CLT,538,0.22846
2026-04-18,CLT,487,0.17938
2026-04-19,CLT,542,0.27407
2026-04-20,CLT,539,0.17132
2026-04-21,CLT,461,0.08913
2026-04-22,CLT,513,0.12865
2026-04-23,CLT,535,0.18352
2026-04-24,CLT,536,0.14925
2026-04-25,CLT,493,0.12779
2026-04-26,CLT,541,0.21707
2026-04-27,CLT,535,0.22264
2026-04-28,CLT,460,0.32527
2026-04-29,CLT,513,0.23392
2026-04-30,CLT,535,0.31215
2026-05-01,CLT,537,0.21601
2026-05-02,CLT,485,0.22822
2026-05-03,CLT,530,0.16888
2026-05-04,CLT,526,0.14751
2026-05-05,CLT,457,0.15419
2026-05-06,CLT,510,0.3098
2026-05-07,CLT,533,0.39474
2026-05-08,CLT,535,0.23827
2026-05-09,CLT,488,0.19547
2026-05-10,CLT,536,0.21469
2026-05-11,CLT,535,0.18165
2026-05-12,CLT,463,0.09719
2026-05-13,CLT,519,0.13707
2026-05-14,CLT,531,0.16604
2026-05-15,CLT,535,0.18914
2026-05-16,CLT,486,0.13196
2026-05-17,CLT,536,0.1573
2026-05-18,CLT,535,0.19925
2026-05-19,CLT,464,0.18777
2026-05-20,CLT,510,0.208
2026-05-21,CLT,521,0.36609
2026-05-22,CLT,517,0.29921
2026-05-23,CLT,470,0.34328
2026-05-24,CLT,502,0.29412
2026-05-25,CLT,516,0.23062
2026-05-26,CLT,487,0.30247
2026-05-27,CLT,489,0.32165
2026-05-28,CLT,519,0.21773
2026-05-29,CLT,517,0.17442
2026-05-30,CLT,469,0.371
2026-05-31,CLT,520,0.18654
2026-06-01,CLT,513,0.37109
2026-06-02,CLT,473,0.12979
2026-06-03,CLT,488,0.10678
2026-06-04,CLT,520,0.175
2026-06-05,CLT,516,0.08949
2026-06-06,CLT,472,0.1617
2026-06-07,CLT,513,0.18849
2026-06-08,CLT,513,0.24023
2026-06-09,CLT,492,0.19959
2026-06-10,CLT,500,0.26735
2026-06-11,CLT,518,0.24752
2026-06-12,CLT,517,0.37931
2026-06-13,CLT,475,0.44298
2026-06-14,CLT,514,0.45621
2026-06-15,CLT,516,0.25049
2026-06-16,CLT,492,0.13701
2026-06-17,CLT,500,0.16364
2026-06-18,CLT,518,0.4743
2026-06-19,CLT,517,0.51073
2026-06-20,CLT,476,0.46822
2026-06-21,CLT,514,0.37647
2026-06-22,CLT,516,0.382
2026-06-23,CLT,492,0.22967
2026-06-24,CLT,500,0.16433
2026-06-25,CLT,518,0.24806
2026-06-26,CLT,517,0.29981
2026-06-27,CLT,474,0.5234
2026-06-28,CLT,507,0.35644
2026-06-29,CLT,511,0.18271
2026-06-30,CLT,487,0.22521
2026-07-01,CLT,494,0.1626
2026-07-02,CLT,519,0.21083
2026-07-03,CLT,514,0.32406
2026-07-04,CLT,309,0.20667
2026-07-05,CLT,516,0.5121
2026-07-06,CLT,521,0.58159
2026-07-07,CLT,490,0.4109
2026-07-08,CLT,438,0.22811
2026-07-09,CLT,521,0.37475
2026-07-10,CLT,524,0.50784
2026-07-11,CLT,482,0.33053
2026-07-12,CLT,515,0.34455
2026-07-13,CLT,524,0.43436
2026-07-14,CLT,494,0.27699
2026-07-15,CLT,502,0.24898
2026-07-16,CLT,522,0.3025
2026-07-17,CLT,523,0.41267
2026-07-18,CLT,482,0.48064
2026-07-19,CLT,519,0.50505
2026-07-20,CLT,524,0.43249
2026-07-21,CLT,494,0.37416
2026-07-22,CLT,502,0.30204
2026-07-23,CLT,524,0.54457
2026-07-24,CLT,524,0.36329
2026-07-25,CLT,482,0.26349
2026-07-26,CLT,521,0.3738
2026-07-27,CLT,524,0.38956
2026-07-28,CLT,494,0.48636
2026-07-29,CLT,502,0.27439
2026-07-30,CLT,524,0.30019
2026-07-31,CLT,524,0.20115
2025-08-01,DEN,989,0.46673
2025-08-02,DEN,891,0.49001
2025-08-03,DEN,981,0.25971
2025-08-04,DEN,985,0.2
2025-08-05,DEN,863,0.1525
2025-08-06,DEN,874,0.33014
2025-08-07,DEN,963,0.34824
2025-08-08,DEN,959,0.26216
2025-08-09,DEN,840,0.39785
2025-08-10,DEN,962,0.57003
2025-08-11,DEN,955,0.22234
2025-08-12,DEN,857,0.16235
2025-08-13,DEN,868,0.20581
2025-08-14,DEN,960,0.40167
2025-08-15,DEN,956,0.38316
2025-08-16,DEN,838,0.27798
2025-08-17,DEN,958,0.22211
2025-08-18,DEN,950,0.41189
2025-08-19,DEN,815,0.16584
2025-08-20,DEN,852,0.16372
2025-08-21,DEN,950,0.1672
2025-08-22,DEN,958,0.2673
2025-08-23,DEN,783,0.16368
2025-08-24,DEN,959,0.2395
2025-08-25,DEN,952,0.33475
2025-08-26,DEN,808,0.39299
2025-08-27,DEN,851,0.39576
2025-08-28,DEN,950,0.37672
2025-08-29,DEN,956,0.383
2025-08-30,DEN,773,0.26823
2025-08-31,DEN,828,0.12257
2025-09-01,DEN,949,0.18076
2025-09-02,DEN,805,0.1071
2025-09-03,DEN,837,0.07536
2025-09-04,DEN,934,0.17312
2025-09-05,DEN,946,0.15164
2025-09-06,DEN,763,0.12715
2025-09-07,DEN,952,0.21158
2025-09-08,DEN,944,0.15042
2025-09-09,DEN,802,0.30549
2025-09-10,DEN,840,0.15513
2025-09-11,DEN,939,0.45358
2025-09-12,DEN,950,0.33474
2025-09-13,DEN,771,0.24577
2025-09-14,DEN,951,0.24421
2025-09-15,DEN,945,0.13983
2025-09-16,DEN,805,0.32877
2025-09-17,DEN,841,0.15771
2025-09-18,DEN,943,0.35207
2025-09-19,DEN,949,0.17197
2025-09-20,DEN,770,0.13802
2025-09-21,DEN,953,0.18105
2025-09-22,DEN,943,0.37194
2025-09-23,DEN,802,0.2475
2025-09-24,DEN,835,0.09832
2025-09-25,DEN,941,0.14392
2025-09-26,DEN,953,0.16595
2025-09-27,DEN,772,0.10765
2025-09-28,DEN,955,0.13836
2025-09-29,DEN,947,0.36469
2025-09-30,DEN,811,0.089
2025-10-01,DEN,841,0.08095
2025-10-02,DEN,954,0.09329
2025-10-03,DEN,963,0.14849
2025-10-04,DEN,774,0.29534
2025-10-05,DEN,953,0.21241
2025-10-06,DEN,961,0.23382
2025-10-07,DEN,844,0.11611
2025-10-08,DEN,873,0.10563
2025-10-09,DEN,966,0.14004
2025-10-10,DEN,973,0.1548
2025-10-11,DEN,778,0.09948
2025-10-12,DEN,956,0.2356
2025-10-13,DEN,972,0.28099
2025-10-14,DEN,845,0.18474
2025-10-15,DEN,874,0.20896
2025-10-16,DEN,966,0.41268
2025-10-17,DEN,971,0.11856
2025-10-18,DEN,779,0.20104
2025-10-19,DEN,954,0.19053
2025-10-20,DEN,967,0.31954
2025-10-21,DEN,844,0.11256
2025-10-22,DEN,872,0.13563
2025-10-23,DEN,964,0.18815
2025-10-24,DEN,970,0.19439
2025-10-25,DEN,771,0.17908
2025-10-26,DEN,921,0.27948
2025-10-27,DEN,932,0.36168
2025-10-28,DEN,791,0.14975
2025-10-29,DEN,818,0.10662
2025-10-30,DEN,920,0.18222
2025-10-31,DEN,796,0.1715
2025-11-01,DEN,735,0.16485
2025-11-02,DEN,907,0.17257
2025-11-03,DEN,859,0.12719
2025-11-04,DEN,769,0.09138
2025-11-05,DEN,795,0.12121
2025-11-06,DEN,901,0.20111
2025-11-07,DEN,897,0.16977
2025-11-08,DEN,718,0.21221
2025-11-09,DEN,902,0.24504
2025-11-10,DEN,903,0.24302
2025-11-11,DEN,773,0.09642
2025-11-12,DEN,797,0.05438
2025-11-13,DEN,904,0.09122
2025-11-14,DEN,899,0.08998
2025-11-15,DEN,721,0.05106
2025-11-16,DEN,902,0.11496
2025-11-17,DEN,862,0.1186
2025-11-18,DEN,773,0.0974
2025-11-19,DEN,800,0.06508
2025-11-20,DEN,846,0.16527
2025-11-21,DEN,907,0.14967
2025-11-22,DEN,884,0.08824
2025-11-23,DEN,901,0.13208
2025-11-24,DEN,880,0.14188
2025-11-25,DEN,917,0.12541
2025-11-26,DEN,920,0.1284
2025-11-27,DEN,461,0.07609
2025-11-28,DEN,853,0.13192
2025-11-29,DEN,928,0.36374
2025-11-30,DEN,966,0.42962
2025-12-01,DEN,939,0.29399
2025-12-02,DEN,743,0.18674
2025-12-03,DEN,757,0.84687
2025-12-04,DEN,814,0.24044
2025-12-05,DEN,818,0.13988
2025-12-06,DEN,698,0.16739
2025-12-07,DEN,858,0.20047
2025-12-08,DEN,815,0.12593
2025-12-09,DEN,741,0.13938
2025-12-10,DEN,756,0.12283
2025-12-11,DEN,813,0.48212
2025-12-12,DEN,859,0.29591
2025-12-13,DEN,698,0.1482
2025-12-14,DEN,858,0.22353
2025-12-15,DEN,814,0.09975
2025-12-16,DEN,743,0.05668
2025-12-17,DEN,755,0.29499
2025-12-18,DEN,890,0.19205
2025-12-19,DEN,932,0.73702
2025-12-20,DEN,912,0.34101
2025-12-21,DEN,935,0.20408
2025-12-22,DEN,934,0.16864
2025-12-23,DEN,932,0.20408
2025-12-24,DEN,790,0.10305
2025-12-25,DEN,795,0.12167
2025-12-26,DEN,927,0.26392
2025-12-27,DEN,913,0.33259
2025-12-28,DEN,935,0.5383
2025-12-29,DEN,938,0.29849
2025-12-30,DEN,929,0.17819
2025-12-31,DEN,785,0.13828
2026-01-01,DEN,819,0.15887
2026-01-02,DEN,925,0.16957
2026-01-03,DEN,910,0.22999
2026-01-04,DEN,923,0.24619
2026-01-05,DEN,893,0.20316
2026-01-06,DEN,741,0.09324
2026-01-07,DEN,750,0.04539
2026-01-08,DEN,797,0.59873
2026-01-09,DEN,798,0.16541
2026-01-10,DEN,704,0.12091
2026-01-11,DEN,837,0.07288
2026-01-12,DEN,786,0.06879
2026-01-13,DEN,729,0.05785
2026-01-14,DEN,745,0.09066
2026-01-15,DEN,840,0.10192
2026-01-16,DEN,837,0.1932
2026-01-17,DEN,697,0.13486
2026-01-18,DEN,782,0.13731
2026-01-19,DEN,832,0.2343
2026-01-20,DEN,724,0.08901
2026-01-21,DEN,746,0.05362
2026-01-22,DEN,787,0.08662
2026-01-23,DEN,798,0.48362
2026-01-24,DEN,701,0.2603
2026-01-25,DEN,833,0.57375
2026-01-26,DEN,785,0.26168
2026-01-27,DEN,727,0.12587
2026-01-28,DEN,743,0.07629
2026-01-29,DEN,790,0.09759
2026-01-30,DEN,801,0.12232
2026-01-31,DEN,704,0.12828
2026-02-01,DEN,838,0.12725
2026-02-02,DEN,788,0.0864
2026-02-03,DEN,734,0.07084
2026-02-04,DEN,693,0.11561
2026-02-05,DEN,832,0.09025
2026-02-06,DEN,839,0.092
2026-02-07,DEN,705,0.08949
2026-02-08,DEN,800,0.06775
2026-02-09,DEN,827,0.10182
2026-02-10,DEN,739,0.05413
2026-02-11,DEN,761,0.09908
2026-02-12,DEN,899,0.1204
2026-02-13,DEN,902,0.12598
2026-02-14,DEN,796,0.13165
2026-02-15,DEN,879,0.15675
2026-02-16,DEN,895,0.19683
2026-02-17,DEN,805,0.66801
2026-02-18,DEN,799,0.19718
2026-02-19,DEN,885,0.2151
2026-02-20,DEN,906,0.38858
2026-02-21,DEN,799,0.17839
2026-02-22,DEN,904,0.21404
2026-02-23,DEN,860,0.13358
2026-02-24,DEN,764,0.30556
2026-02-25,DEN,798,0.58291
2026-02-26,DEN,901,0.13459
2026-02-27,DEN,903,0.09856
2026-02-28,DEN,795,0.09596
2026-03-01,DEN,902,0.10345
2026-03-02,DEN,860,0.08033
2026-03-03,DEN,762,0.08541
2026-03-04,DEN,792,0.06989
2026-03-05,DEN,911,0.13938
2026-03-06,DEN,921,0.91045
2026-03-07,DEN,828,0.4425
2026-03-08,DEN,900,0.24664
2026-03-09,DEN,910,0.13187
2026-03-10,DEN,821,0.20885
2026-03-11,DEN,850,0.20522
2026-03-12,DEN,924,0.55568
2026-03-13,DEN,925,0.22247
2026-03-14,DEN,832,0.32178
2026-03-15,DEN,904,0.65644
2026-03-16,DEN,914,0.46327
2026-03-17,DEN,826,0.2032
2026-03-18,DEN,855,0.37749
2026-03-19,DEN,927,0.12757
2026-03-20,DEN,928,0.15858
2026-03-21,DEN,835,0.1247
2026-03-22,DEN,905,0.17295
2026-03-23,DEN,916,0.16648
2026-03-24,DEN,825,0.09611
2026-03-25,DEN,852,0.08983
2026-03-26,DEN,924,0.14581
2026-03-27,DEN,924,0.16649
2026-03-28,DEN,823,0.1326
2026-03-29,DEN,884,0.14836
2026-03-30,DEN,899,0.16779
2026-03-31,DEN,809,0.13614
2026-04-01,DEN,823,0.14461
2026-04-02,DEN,886,0.26032
2026-04-03,DEN,892,0.27221
2026-04-04,DEN,788,0.12516
2026-04-05,DEN,867,0.10624
2026-04-06,DEN,882,0.12698
2026-04-07,DEN,786,0.09091
2026-04-08,DEN,814,0.09001
2026-04-09,DEN,885,0.17634
2026-04-10,DEN,887,0.15593
2026-04-11,DEN,764,0.21419
2026-04-12,DEN,877,0.22133
2026-04-13,DEN,879,0.16287
2026-04-14,DEN,785,0.12676
2026-04-15,DEN,812,0.11524
2026-04-16,DEN,894,0.21549
2026-04-17,DEN,893,0.50229
2026-04-18,DEN,765,0.11895
2026-04-19,DEN,885,0.12655
2026-04-20,DEN,885,0.12684
2026-04-21,DEN,786,0.06879
2026-04-22,DEN,810,0.16316
2026-04-23,DEN,888,0.23761
2026-04-24,DEN,892,0.14927
2026-04-25,DEN,757,0.08101
2026-04-26,DEN,884,0.23068
2026-04-27,DEN,885,0.26226
2026-04-28,DEN,786,0.12404
2026-04-29,DEN,808,0.16791
2026-04-30,DEN,900,0.23026
2026-05-01,DEN,906,0.16222
2026-05-02,DEN,763,0.11141
2026-05-03,DEN,897,0.32067
2026-05-04,DEN,906,0.33039
2026-05-05,DEN,812,0.42964
2026-05-06,DEN,847,0.36823
2026-05-07,DEN,908,0.15453
2026-05-08,DEN,910,0.12018
2026-05-09,DEN,771,0.11818
2026-05-10,DEN,902,0.11857
2026-05-11,DEN,910,0.14238
2026-05-12,DEN,816,0.09191
2026-05-13,DEN,848,0.13325
2026-05-14,DEN,911,0.22552
2026-05-15,DEN,914,0.16996
2026-05-16,DEN,779,0.18662
2026-05-17,DEN,904,0.38298
2026-05-18,DEN,913,0.39514
2026-05-19,DEN,822,0.2843
2026-05-20,DEN,849,0.27088
2026-05-21,DEN,962,0.42437
2026-05-22,DEN,967,0.26272
2026-05-23,DEN,827,0.17433
2026-05-24,DEN,891,0.20226
2026-05-25,DEN,965,0.2453
2026-05-26,DEN,874,0.18786
2026-05-27,DEN,903,0.22838
2026-05-28,DEN,967,0.21865
2026-05-29,DEN,967,0.33644
2026-05-30,DEN,834,0.30889
2026-05-31,DEN,961,0.16021
2026-06-01,DEN,967,0.54517
2026-06-02,DEN,872,0.2235
2026-06-03,DEN,904,0.26474
2026-06-04,DEN,995,0.3498
2026-06-05,DEN,995,0.21976
2026-06-06,DEN,872,0.25694
2026-06-07,DEN,974,0.39835
2026-06-08,DEN,992,0.52134
2026-06-09,DEN,917,0.27681
2026-06-10,DEN,952,0.27455
2026-06-11,DEN,997,0.36864
2026-06-12,DEN,998,0.3055
2026-06-13,DEN,870,0.2321
2026-06-14,DEN,978,0.4171
2026-06-15,DEN,996,0.24145
2026-06-16,DEN,918,0.17012
2026-06-17,DEN,952,0.23648
2026-06-18,DEN,998,0.33065
2026-06-19,DEN,1000,0.32416
2026-06-20,DEN,873,0.33527
2026-06-21,DEN,978,0.4655
2026-06-22,DEN,997,0.31377
2026-06-23,DEN,918,0.29399
2026-06-24,DEN,953,0.45251
2026-06-25,DEN,1001,0.38794
2026-06-26,DEN,1001,0.26854
2026-06-27,DEN,874,0.41791
2026-06-28,DEN,977,0.35876
2026-06-29,DEN,996,0.21493
2026-06-30,DEN,919,0.37637
2026-07-01,DEN,958,0.21301
2026-07-02,DEN,1001,0.31621
2026-07-03,DEN,976,0.31381
2026-07-04,DEN,657,0.151
2026-07-05,DEN,972,0.234
2026-07-06,DEN,994,0.31697
2026-07-07,DEN,915,0.37694
2026-07-08,DEN,952,0.41977
2026-07-09,DEN,994,0.47551
2026-07-10,DEN,995,0.44264
2026-07-11,DEN,872,0.21569
2026-07-12,DEN,973,0.20166
2026-07-13,DEN,996,0.23964
2026-07-14,DEN,915,0.18222
2026-07-15,DEN,954,0.2093
2026-07-16,DEN,995,0.26626
2026-07-17,DEN,997,0.25403
2026-07-18,DEN,872,0.27521
2026-07-19,DEN,974,0.30793
2026-07-20,DEN,996,0.25711
2026-07-21,DEN,915,0.22322
2026-07-22,DEN,952,0.45504
2026-07-23,DEN,994,0.38095
2026-07-24,DEN,997,0.26348
2026-07-25,DEN,872,0.20949
2026-07-26,DEN,974,0.24717
2026-07-27,DEN,994,0.37344
2026-07-28,DEN,911,0.54243
2026-07-29,DEN,950,0.51183
2026-07-30,DEN,992,0.26646
2026-07-31,DEN,994,0.24141
2025-08-01,DFW,963,0.44233
2025-08-02,DFW,912,0.3441
2025-08-03,DFW,960,0.59117
2025-08-04,DFW,964,0.53674
2025-08-05,DFW,918,0.23253
2025-08-06,DFW,835,0.19471
2025-08-07,DFW,927,0.25761
2025-08-08,DFW,864,0.23721
2025-08-09,DFW,806,0.26841
2025-08-10,DFW,931,0.38619
2025-08-11,DFW,864,0.28671
2025-08-12,DFW,833,0.40194
2025-08-13,DFW,829,0.29584
2025-08-14,DFW,920,0.26754
2025-08-15,DFW,855,0.20258
2025-08-16,DFW,798,0.24273
2025-08-17,DFW,916,0.29813
2025-08-18,DFW,856,0.33097
2025-08-19,DFW,817,0.36285
2025-08-20,DFW,819,0.8
2025-08-21,DFW,923,0.37227
2025-08-22,DFW,863,0.3109
2025-08-23,DFW,794,0.21338
2025-08-24,DFW,922,0.29662
2025-08-25,DFW,863,0.24796
2025-08-26,DFW,816,0.15479
2025-08-27,DFW,820,0.12332
2025-08-28,DFW,923,0.44241
2025-08-29,DFW,928,0.42679
2025-08-30,DFW,799,0.73179
2025-08-31,DFW,853,0.46535
2025-09-01,DFW,927,0.5
2025-09-02,DFW,817,0.22878
2025-09-03,DFW,808,0.12313
2025-09-04,DFW,857,0.17765
2025-09-05,DFW,861,0.34229
2025-09-06,DFW,763,0.14456
2025-09-07,DFW,919,0.17795
2025-09-08,DFW,862,0.16492
2025-09-09,DFW,814,0.09828
2025-09-10,DFW,820,0.09535
2025-09-11,DFW,919,0.19411
2025-09-12,DFW,863,0.19419
2025-09-13,DFW,810,0.14091
2025-09-14,DFW,920,0.16196
2025-09-15,DFW,862,0.14501
2025-09-16,DFW,813,0.11467
2025-09-17,DFW,820,0.16933
2025-09-18,DFW,920,0.28509
2025-09-19,DFW,861,0.43271
2025-09-20,DFW,810,0.29491
2025-09-21,DFW,920,0.4471
2025-09-22,DFW,861,0.50179
2025-09-23,DFW,812,0.2037
2025-09-24,DFW,819,0.58291
2025-09-25,DFW,918,0.21943
2025-09-26,DFW,862,0.19226
2025-09-27,DFW,809,0.12283
2025-09-28,DFW,919,0.14052
2025-09-29,DFW,861,0.12311
2025-09-30,DFW,814,0.09988
2025-10-01,DFW,820,0.11477
2025-10-02,DFW,919,0.13072
2025-10-03,DFW,863,0.13109
2025-10-04,DFW,808,0.11881
2025-10-05,DFW,923,0.12568
2025-10-06,DFW,930,0.15608
2025-10-07,DFW,833,0.21325
2025-10-08,DFW,844,0.14929
2025-10-09,DFW,933,0.22639
2025-10-10,DFW,927,0.20734
2025-10-11,DFW,825,0.18204
2025-10-12,DFW,931,0.23409
2025-10-13,DFW,939,0.26175
2025-10-14,DFW,835,0.17569
2025-10-15,DFW,844,0.12723
2025-10-16,DFW,934,0.19936
2025-10-17,DFW,927,0.17387
2025-10-18,DFW,826,0.64723
2025-10-19,DFW,928,0.42042
2025-10-20,DFW,936,0.23529
2025-10-21,DFW,835,0.17866
2025-10-22,DFW,844,0.17458
2025-10-23,DFW,936,0.32511
2025-10-24,DFW,874,0.41783
2025-10-25,DFW,820,0.56088
2025-10-26,DFW,931,0.5827
2025-10-27,DFW,941,0.30736
2025-10-28,DFW,775,0.24806
2025-10-29,DFW,836,0.23445
2025-10-30,DFW,930,0.24561
2025-10-31,DFW,735,0.34025
2025-11-01,DFW,813,0.28659
2025-11-02,DFW,884,0.2483
2025-11-03,DFW,837,0.21651
2025-11-04,DFW,798,0.15327
2025-11-05,DFW,805,0.11706
2025-11-06,DFW,906,0.24806
2025-11-07,DFW,838,0.16501
2025-11-08,DFW,781,0.27016
2025-11-09,DFW,895,0.45839
2025-11-10,DFW,841,0.32035
2025-11-11,DFW,801,0.16623
2025-11-12,DFW,699,0.12775
2025-11-13,DFW,906,0.13943
2025-11-14,DFW,841,0.14896
2025-11-15,DFW,773,0.07339
2025-11-16,DFW,894,0.13917
2025-11-17,DFW,840,0.14303
2025-11-18,DFW,800,0.14035
2025-11-19,DFW,799,0.12106
2025-11-20,DFW,912,0.73358
2025-11-21,DFW,920,0.29377
2025-11-22,DFW,882,0.2032
2025-11-23,DFW,911,0.25638
2025-11-24,DFW,851,0.7967
2025-11-25,DFW,915,0.20788
2025-11-26,DFW,915,0.19298
2025-11-27,DFW,371,0.04865
2025-11-28,DFW,784,0.3674
2025-11-29,DFW,900,0.51809
2025-11-30,DFW,920,0.44347
2025-12-01,DFW,925,0.38479
2025-12-02,DFW,811,0.34944
2025-12-03,DFW,794,0.27468
2025-12-04,DFW,886,0.29718
2025-12-05,DFW,830,0.226
2025-12-06,DFW,770,0.3144
2025-12-07,DFW,884,0.44279
2025-12-08,DFW,828,0.30704
2025-12-09,DFW,792,0.23388
2025-12-10,DFW,796,0.19521
2025-12-11,DFW,886,0.21833
2025-12-12,DFW,832,0.22975
2025-12-13,DFW,774,0.22917
2025-12-14,DFW,883,0.31193
2025-12-15,DFW,829,0.22722
2025-12-16,DFW,791,0.12801
2025-12-17,DFW,798,0.24779
2025-12-18,DFW,870,0.3554
2025-12-19,DFW,888,0.40553
2025-12-20,DFW,858,0.33922
2025-12-21,DFW,883,0.31494
2025-12-22,DFW,886,0.23068
2025-12-23,DFW,860,0.24794
2025-12-24,DFW,602,0.2107
2025-12-25,DFW,728,0.16343
2025-12-26,DFW,893,0.21674
2025-12-27,DFW,858,0.28741
2025-12-28,DFW,888,0.40092
2025-12-29,DFW,894,0.35108
2025-12-30,DFW,887,0.30795
2025-12-31,DFW,666,0.21203
2026-01-01,DFW,822,0.1845
2026-01-02,DFW,895,0.27283
2026-01-03,DFW,860,0.27305
2026-01-04,DFW,891,0.40961
2026-01-05,DFW,805,0.24528
2026-01-06,DFW,735,0.12158
2026-01-07,DFW,735,0.12585
2026-01-08,DFW,805,0.1995
2026-01-09,DFW,810,0.22963
2026-01-10,DFW,713,0.21038
2026-01-11,DFW,789,0.17617
2026-01-12,DFW,800,0.155
2026-01-13,DFW,725,0.08138
2026-01-14,DFW,733,0.1797
2026-01-15,DFW,821,0.22154
2026-01-16,DFW,825,0.19221
2026-01-17,DFW,714,0.16925
2026-01-18,DFW,780,0.25485
2026-01-19,DFW,822,0.22073
2026-01-20,DFW,732,0.13115
2026-01-21,DFW,731,0.11248
2026-01-22,DFW,803,0.16563
2026-01-23,DFW,810,0.26969
2026-01-24,DFW,712,1.0
2026-01-25,DFW,787,0.95031
2026-01-26,DFW,803,0.83784
2026-01-27,DFW,732,0.62306
2026-01-28,DFW,731,0.56916
2026-01-29,DFW,803,0.32294
2026-01-30,DFW,807,0.26942
2026-01-31,DFW,698,0.28006
2026-02-01,DFW,779,0.313
2026-02-02,DFW,787,0.27471
2026-02-03,DFW,714,0.12096
2026-02-04,DFW,723,0.12188
2026-02-05,DFW,798,0.19549
2026-02-06,DFW,796,0.15889
2026-02-07,DFW,701,0.16499
2026-02-08,DFW,765,0.20997
2026-02-09,DFW,789,0.15102
2026-02-10,DFW,722,0.13889
2026-02-11,DFW,720,0.11437
2026-02-12,DFW,855,0.19555
2026-02-13,DFW,864,0.21653
2026-02-14,DFW,742,0.60945
2026-02-15,DFW,846,0.2494
2026-02-16,DFW,798,0.20051
2026-02-17,DFW,761,0.17219
2026-02-18,DFW,760,0.18926
2026-02-19,DFW,856,0.28184
2026-02-20,DFW,860,0.31536
2026-02-21,DFW,742,0.21467
2026-02-22,DFW,853,0.19753
2026-02-23,DFW,796,0.16242
2026-02-24,DFW,765,0.14191
2026-02-25,DFW,765,0.19711
2026-02-26,DFW,857,0.25788
2026-02-27,DFW,862,0.2065
2026-02-28,DFW,743,0.15903
2026-03-01,DFW,856,0.18471
2026-03-02,DFW,801,0.13534
2026-03-03,DFW,769,0.11664
2026-03-04,DFW,768,0.31433
2026-03-05,DFW,859,0.20571
2026-03-06,DFW,863,0.27491
2026-03-07,DFW,751,0.81661
2026-03-08,DFW,871,0.34923
2026-03-09,DFW,870,0.23264
2026-03-10,DFW,789,0.19672
2026-03-11,DFW,849,0.43832
2026-03-12,DFW,874,0.30858
2026-03-13,DFW,880,0.23837
2026-03-14,DFW,817,0.30779
2026-03-15,DFW,874,0.49801
2026-03-16,DFW,874,0.53273
2026-03-17,DFW,788,0.34974
2026-03-18,DFW,850,0.29063
2026-03-19,DFW,877,0.21191
2026-03-20,DFW,882,0.25057
2026-03-21,DFW,811,0.26832
2026-03-22,DFW,877,0.31214
2026-03-23,DFW,874,0.223
2026-03-24,DFW,784,0.15148
2026-03-25,DFW,845,0.14252
2026-03-26,DFW,872,0.19816
2026-03-27,DFW,870,0.20626
2026-03-28,DFW,822,0.17905
2026-03-29,DFW,863,0.17093
2026-03-30,DFW,856,0.15962
2026-03-31,DFW,772,0.17969
2026-04-01,DFW,833,0.23253
2026-04-02,DFW,862,0.37691
2026-04-03,DFW,858,0.22076
2026-04-04,DFW,808,0.66667
2026-04-05,DFW,860,0.17153
2026-04-06,DFW,849,0.13443
2026-04-07,DFW,796,0.12594
2026-04-08,DFW,852,0.12338
2026-04-09,DFW,879,0.12429
2026-04-10,DFW,878,0.144
2026-04-11,DFW,825,0.15937
2026-04-12,DFW,876,0.31106
2026-04-13,DFW,881,0.232
2026-04-14,DFW,792,0.13613
2026-04-15,DFW,847,0.17633
2026-04-16,DFW,896,0.16237
2026-04-17,DFW,896,0.21861
2026-04-18,DFW,818,0.55474
2026-04-19,DFW,894,0.283
2026-04-20,DFW,897,0.14286
2026-04-21,DFW,790,0.15649
2026-04-22,DFW,849,0.31604
2026-04-23,DFW,898,0.15608
2026-04-24,DFW,897,0.21899
2026-04-25,DFW,823,0.24181
2026-04-26,DFW,898,0.29431
2026-04-27,DFW,896,0.37585
2026-04-28,DFW,795,0.42553
2026-04-29,DFW,850,0.52883
2026-04-30,DFW,893,0.51457
2026-05-01,DFW,894,0.21308
2026-05-02,DFW,819,0.15906
2026-05-03,DFW,884,0.18048
2026-05-04,DFW,877,0.14908
2026-05-05,DFW,799,0.16165
2026-05-06,DFW,857,0.21587
2026-05-07,DFW,890,0.14786
2026-05-08,DFW,892,0.2351
2026-05-09,DFW,837,0.17668
2026-05-10,DFW,892,0.61192
2026-05-11,DFW,892,0.27694
2026-05-12,DFW,809,0.13631
2026-05-13,DFW,866,0.16282
2026-05-14,DFW,892,0.17825
2026-05-15,DFW,892,0.20988
2026-05-16,DFW,842,0.17738
2026-05-17,DFW,892,0.2904
2026-05-18,DFW,892,0.20406
2026-05-19,DFW,810,0.63793
2026-05-20,DFW,854,0.41827
2026-05-21,DFW,933,0.39719
2026-05-22,DFW,943,0.30671
2026-05-23,DFW,891,0.44094
2026-05-24,DFW,930,0.41169
2026-05-25,DFW,930,0.50641
2026-05-26,DFW,891,0.45362
2026-05-27,DFW,897,0.47256
2026-05-28,DFW,942,0.25027
2026-05-29,DFW,941,0.13206
2026-05-30,DFW,897,0.1566
2026-05-31,DFW,942,0.23723
2026-06-01,DFW,937,0.23258
2026-06-02,DFW,884,0.46051
2026-06-03,DFW,890,0.24535
2026-06-04,DFW,947,0.31712
2026-06-05,DFW,946,0.28647
2026-06-06,DFW,900,0.48333
2026-06-07,DFW,945,0.80718
2026-06-08,DFW,945,0.45358
2026-06-09,DFW,893,0.22722
2026-06-10,DFW,901,0.21082
2026-06-11,DFW,947,0.2955
2026-06-12,DFW,949,0.63158
2026-06-13,DFW,901,0.42026
2026-06-14,DFW,947,0.63775
2026-06-15,DFW,949,0.40085
2026-06-16,DFW,902,0.17667
2026-06-17,DFW,907,0.21175
2026-06-18,DFW,952,0.33475
2026-06-19,DFW,953,0.9061
2026-06-20,DFW,904,0.47646
2026-06-21,DFW,952,0.28541
2026-06-22,DFW,954,0.53152
2026-06-23,DFW,902,0.40691
2026-06-24,DFW,910,0.25138
2026-06-25,DFW,954,0.33579
2026-06-26,DFW,953,0.28676
2026-06-27,DFW,904,0.26275
2026-06-28,DFW,946,0.28208
2026-06-29,DFW,946,0.19745
2026-06-30,DFW,895,0.23172
2026-07-01,DFW,906,0.27132
2026-07-02,DFW,954,0.26443
2026-07-03,DFW,864,0.21462
2026-07-04,DFW,674,0.18468
2026-07-05,DFW,951,0.35745
2026-07-06,DFW,956,0.39552
2026-07-07,DFW,837,0.29736
2026-07-08,DFW,906,0.18354
2026-07-09,DFW,963,0.25026
2026-07-10,DFW,958,0.30159
2026-07-11,DFW,904,0.31924
2026-07-12,DFW,958,0.47374
2026-07-13,DFW,958,0.76692
2026-07-14,DFW,904,0.2651
2026-07-15,DFW,907,0.47216
2026-07-16,DFW,962,0.58836
2026-07-17,DFW,960,0.40928
2026-07-18,DFW,905,0.32683
2026-07-19,DFW,957,0.39767
2026-07-20,DFW,958,0.33333
2026-07-21,DFW,904,0.28341
2026-07-22,DFW,909,0.303
2026-07-23,DFW,961,0.32949
2026-07-24,DFW,957,0.25395
2026-07-25,DFW,903,0.28222
2026-07-26,DFW,957,0.27568
2026-07-27,DFW,956,0.3014
2026-07-28,DFW,904,0.37398
2026-07-29,DFW,909,0.31384
2026-07-30,DFW,961,0.27778
2026-07-31,DFW,960,0.33544
2025-08-01,LAS,561,0.37106
2025-08-02,LAS,418,0.22034
2025-08-03,LAS,559,0.28494
2025-08-04,LAS,551,0.29487
2025-08-05,LAS,426,0.10142
2025-08-06,LAS,430,0.11215
2025-08-07,LAS,544,0.21587
2025-08-08,LAS,542,0.27037
2025-08-09,LAS,395,0.13265
2025-08-10,LAS,560,0.33574
2025-08-11,LAS,529,0.22901
2025-08-12,LAS,419,0.15777
2025-08-13,LAS,414,0.15122
2025-08-14,LAS,536,0.21172
2025-08-15,LAS,539,0.23933
2025-08-16,LAS,385,0.1178
2025-08-17,LAS,554,0.21795
2025-08-18,LAS,525,0.19846
2025-08-19,LAS,398,0.09572
2025-08-20,LAS,405,0.16873
2025-08-21,LAS,534,0.21739
2025-08-22,LAS,538,0.27341
2025-08-23,LAS,377,0.10667
2025-08-24,LAS,551,0.37091
2025-08-25,LAS,519,0.25969
2025-08-26,LAS,390,0.10825
2025-08-27,LAS,402,0.08209
2025-08-28,LAS,527,0.17241
2025-08-29,LAS,537,0.12547
2025-08-30,LAS,368,0.07692
2025-08-31,LAS,487,0.11435
2025-09-01,LAS,525,0.17973
2025-09-02,LAS,392,0.24297
2025-09-03,LAS,395,0.10152
2025-09-04,LAS,524,0.27938
2025-09-05,LAS,537,0.3891
2025-09-06,LAS,378,0.1631
2025-09-07,LAS,546,0.28073
2025-09-08,LAS,533,0.16981
2025-09-09,LAS,401,0.12968
2025-09-10,LAS,413,0.09685
2025-09-11,LAS,539,0.26394
2025-09-12,LAS,544,0.14048
2025-09-13,LAS,384,0.11719
2025-09-14,LAS,552,0.20364
2025-09-15,LAS,539,0.15985
2025-09-16,LAS,403,0.11911
2025-09-17,LAS,418,0.10706
2025-09-18,LAS,542,0.44074
2025-09-19,LAS,547,0.50838
2025-09-20,LAS,384,0.1178
2025-09-21,LAS,555,0.1883
2025-09-22,LAS,539,0.17944
2025-09-23,LAS,402,0.08955
2025-09-24,LAS,415,0.09639
2025-09-25,LAS,544,0.33395
2025-09-26,LAS,551,0.51881
2025-09-27,LAS,386,0.13838
2025-09-28,LAS,558,0.17056
2025-09-29,LAS,549,0.11475
2025-09-30,LAS,404,0.03465
2025-10-01,LAS,419,0.07895
2025-10-02,LAS,566,0.14311
2025-10-03,LAS,566,0.33805
2025-10-04,LAS,411,0.05596
2025-10-05,LAS,561,0.19251
2025-10-06,LAS,558,0.19424
2025-10-07,LAS,440,0.0615
2025-10-08,LAS,449,0.12472
2025-10-09,LAS,562,0.41815
2025-10-10,LAS,563,0.5653
2025-10-11,LAS,415,0.18204
2025-10-12,LAS,563,0.29159
2025-10-13,LAS,559,0.3864
2025-10-14,LAS,440,0.28311
2025-10-15,LAS,450,0.12027
2025-10-16,LAS,559,0.16816
2025-10-17,LAS,562,0.20499
2025-10-18,LAS,413,0.11057
2025-10-19,LAS,562,0.19217
2025-10-20,LAS,557,0.21185
2025-10-21,LAS,439,0.11162
2025-10-22,LAS,450,0.32889
2025-10-23,LAS,556,0.18796
2025-10-24,LAS,561,0.25636
2025-10-25,LAS,412,0.2122
2025-10-26,LAS,571,0.42226
2025-10-27,LAS,556,0.24685
2025-10-28,LAS,429,0.31925
2025-10-29,LAS,436,0.11034
2025-10-30,LAS,547,0.18669
2025-10-31,LAS,465,0.17174
2025-11-01,LAS,401,0.125
2025-11-02,LAS,559,0.2036
2025-11-03,LAS,502,0.174
2025-11-04,LAS,421,0.10238
2025-11-05,LAS,429,0.17606
2025-11-06,LAS,540,0.24209
2025-11-07,LAS,541,0.27938
2025-11-08,LAS,414,0.20603
2025-11-09,LAS,553,0.37695
2025-11-10,LAS,536,0.54563
2025-11-11,LAS,426,0.08416
2025-11-12,LAS,430,0.07056
2025-11-13,LAS,546,0.1139
2025-11-14,LAS,544,0.11364
2025-11-15,LAS,416,0.10319
2025-11-16,LAS,551,0.25777
2025-11-17,LAS,502,0.30321
2025-11-18,LAS,431,0.57077
2025-11-19,LAS,433,0.19676
2025-11-20,LAS,502,0.17959
2025-11-21,LAS,531,0.22727
2025-11-22,LAS,417,0.08916
2025-11-23,LAS,533,0.1203
2025-11-24,LAS,522,0.20385
2025-11-25,LAS,501,0.11377
2025-11-26,LAS,502,0.13
2025-11-27,LAS,298,0.06711
2025-11-28,LAS,489,0.10678
2025-11-29,LAS,453,0.23235
2025-11-30,LAS,518,0.3035
2025-12-01,LAS,514,0.25636
2025-12-02,LAS,425,0.19575
2025-12-03,LAS,441,0.12301
2025-12-04,LAS,503,0.16032
2025-12-05,LAS,509,0.1811
2025-12-06,LAS,408,0.09314
2025-12-07,LAS,550,0.29616
2025-12-08,LAS,502,0.16232
2025-12-09,LAS,423,0.08038
2025-12-10,LAS,437,0.12615
2025-12-11,LAS,502,0.17131
2025-12-12,LAS,541,0.17037
2025-12-13,LAS,411,0.13171
2025-12-14,LAS,550,0.31927
2025-12-15,LAS,497,0.11089
2025-12-16,LAS,414,0.07543
2025-12-17,LAS,429,0.21226
2025-12-18,LAS,501,0.14487
2025-12-19,LAS,498,0.33126
2025-12-20,LAS,417,0.30266
2025-12-21,LAS,498,0.22245
2025-12-22,LAS,495,0.2
2025-12-23,LAS,484,0.26667
2025-12-24,LAS,393,0.24422
2025-12-25,LAS,400,0.1203
2025-12-26,LAS,494,0.26261
2025-12-27,LAS,429,0.23888
2025-12-28,LAS,491,0.28778
2025-12-29,LAS,497,0.24335
2025-12-30,LAS,490,0.24795
2025-12-31,LAS,404,0.16418
2026-01-01,LAS,424,0.58513
2026-01-02,LAS,496,0.29424
2026-01-03,LAS,440,0.43023
2026-01-04,LAS,505,0.29878
2026-01-05,LAS,549,0.31136
2026-01-06,LAS,413,0.07767
2026-01-07,LAS,396,0.04557
2026-01-08,LAS,489,0.29774
2026-01-09,LAS,498,0.13481
2026-01-10,LAS,410,0.11491
2026-01-11,LAS,502,0.09182
2026-01-12,LAS,455,0.07033
2026-01-13,LAS,374,0.06166
2026-01-14,LAS,381,0.10263
2026-01-15,LAS,487,0.06639
2026-01-16,LAS,494,0.11405
2026-01-17,LAS,373,0.13137
2026-01-18,LAS,455,0.10398
2026-01-19,LAS,492,0.13008
2026-01-20,LAS,376,0.05851
2026-01-21,LAS,383,0.05483
2026-01-22,LAS,457,0.06346
2026-01-23,LAS,461,0.12027
2026-01-24,LAS,372,0.17629
2026-01-25,LAS,493,0.23729
2026-01-26,LAS,456,0.22302
2026-01-27,LAS,376,0.21053
2026-01-28,LAS,383,0.16138
2026-01-29,LAS,463,0.14286
2026-01-30,LAS,466,0.15033
2026-01-31,LAS,376,0.1084
2026-02-01,LAS,499,0.1748
2026-02-02,LAS,459,0.11135
2026-02-03,LAS,385,0.08073
2026-02-04,LAS,388,0.1933
2026-02-05,LAS,494,0.15182
2026-02-06,LAS,499,0.12398
2026-02-07,LAS,378,0.07958
2026-02-08,LAS,459,0.11597
2026-02-09,LAS,492,0.2057
2026-02-10,LAS,389,0.05656
2026-02-11,LAS,393,0.09439
2026-02-12,LAS,521,0.12668
2026-02-13,LAS,528,0.17268
2026-02-14,LAS,404,0.13636
2026-02-15,LAS,506,0.16436
2026-02-16,LAS,520,0.41961
2026-02-17,LAS,435,0.34266
2026-02-18,LAS,409,0.29557
2026-02-19,LAS,509,0.37945
2026-02-20,LAS,524,0.1785
2026-02-21,LAS,402,0.10302
2026-02-22,LAS,523,0.18699
2026-02-23,LAS,507,0.12917
2026-02-24,LAS,404,0.14861
2026-02-25,LAS,409,0.15271
2026-02-26,LAS,523,0.13602
2026-02-27,LAS,526,0.09351
2026-02-28,LAS,401,0.085
2026-03-01,LAS,531,0.21212
2026-03-02,LAS,515,0.16342
2026-03-03,LAS,417,0.29808
2026-03-04,LAS,417,0.11058
2026-03-05,LAS,538,0.16573
2026-03-06,LAS,535,0.38772
2026-03-07,LAS,413,0.375
2026-03-08,LAS,522,0.25775
2026-03-09,LAS,532,0.19209
2026-03-10,LAS,440,0.16317
2026-03-11,LAS,452,0.20179
2026-03-12,LAS,534,0.25142
2026-03-13,LAS,535,0.24272
2026-03-14,LAS,429,0.23022
2026-03-15,LAS,524,0.37938
2026-03-16,LAS,534,0.42339
2026-03-17,LAS,445,0.24368
2026-03-18,LAS,455,0.21903
2026-03-19,LAS,532,0.1553
2026-03-20,LAS,532,0.18113
2026-03-21,LAS,427,0.13647
2026-03-22,LAS,524,0.28654
2026-03-23,LAS,529,0.1673
2026-03-24,LAS,442,0.08182
2026-03-25,LAS,450,0.06236
2026-03-26,LAS,531,0.2296
2026-03-27,LAS,533,0.17547
2026-03-28,LAS,420,0.15588
2026-03-29,LAS,520,0.21773
2026-03-30,LAS,525,0.15414
2026-03-31,LAS,436,0.19816
2026-04-01,LAS,444,0.12955
2026-04-02,LAS,528,0.19536
2026-04-03,LAS,528,0.22093
2026-04-04,LAS,415,0.16058
2026-04-05,LAS,526,0.12717
2026-04-06,LAS,526,0.16571
2026-04-07,LAS,434,0.12269
2026-04-08,LAS,447,0.11186
2026-04-09,LAS,536,0.22599
2026-04-10,LAS,536,0.25655
2026-04-11,LAS,398,0.13924
2026-04-12,LAS,552,0.34918
2026-04-13,LAS,533,0.18985
2026-04-14,LAS,431,0.12412
2026-04-15,LAS,439,0.1758
2026-04-16,LAS,539,0.36567
2026-04-17,LAS,544,0.51782
2026-04-18,LAS,385,0.15844
2026-04-19,LAS,560,0.2125
2026-04-20,LAS,541,0.22963
2026-04-21,LAS,435,0.14943
2026-04-22,LAS,437,0.13303
2026-04-23,LAS,535,0.21682
2026-04-24,LAS,539,0.24304
2026-04-25,LAS,387,0.10881
2026-04-26,LAS,559,0.2509
2026-04-27,LAS,532,0.28491
2026-04-28,LAS,432,0.12412
2026-04-29,LAS,438,0.14416
2026-04-30,LAS,536,0.32523
2026-05-01,LAS,533,0.28161
2026-05-02,LAS,375,0.12938
2026-05-03,LAS,534,0.41556
2026-05-04,LAS,512,0.29159
2026-05-05,LAS,420,0.13842
2026-05-06,LAS,430,0.17483
2026-05-07,LAS,513,0.20744
2026-05-08,LAS,516,0.21359
2026-05-09,LAS,370,0.08672
2026-05-10,LAS,527,0.22374
2026-05-11,LAS,512,0.24219
2026-05-12,LAS,419,0.14354
2026-05-13,LAS,431,0.13721
2026-05-14,LAS,523,0.24283
2026-05-15,LAS,520,0.25577
2026-05-16,LAS,373,0.15591
2026-05-17,LAS,529,0.45142
2026-05-18,LAS,524,0.62718
2026-05-19,LAS,428,0.31719
2026-05-20,LAS,436,0.32477
2026-05-21,LAS,508,0.40396
2026-05-22,LAS,514,0.34308
2026-05-23,LAS,375,0.14133
2026-05-24,LAS,471,0.20043
2026-05-25,LAS,513,0.34118
2026-05-26,LAS,430,0.22378
2026-05-27,LAS,433,0.19861
2026-05-28,LAS,507,0.28854
2026-05-29,LAS,510,0.27059
2026-05-30,LAS,376,0.13032
2026-05-31,LAS,523,0.18462
2026-06-01,LAS,502,0.25703
2026-06-02,LAS,422,0.15422
2026-06-03,LAS,424,0.21277
2026-06-04,LAS,500,0.26653
2026-06-05,LAS,502,0.2751
2026-06-06,LAS,379,0.1752
2026-06-07,LAS,495,0.33402
2026-06-08,LAS,501,0.29459
2026-06-09,LAS,419,0.19471
2026-06-10,LAS,422,0.24402
2026-06-11,LAS,496,0.3551
2026-06-12,LAS,498,0.41649
2026-06-13,LAS,376,0.25469
2026-06-14,LAS,490,0.43067
2026-06-15,LAS,494,0.33878
2026-06-16,LAS,415,0.16386
2026-06-17,LAS,418,0.2542
2026-06-18,LAS,496,0.46281
2026-06-19,LAS,499,0.45752
2026-06-20,LAS,378,0.33065
2026-06-21,LAS,491,0.34227
2026-06-22,LAS,496,0.3798
2026-06-23,LAS,416,0.25962
2026-06-24,LAS,418,0.30769
2026-06-25,LAS,495,0.32383
2026-06-26,LAS,496,0.30847
2026-06-27,LAS,378,0.25798
2026-06-28,LAS,486,0.26337
2026-06-29,LAS,491,0.15337
2026-06-30,LAS,411,0.19221
2026-07-01,LAS,419,0.19856
2026-07-02,LAS,493,0.25615
2026-07-03,LAS,487,0.22246
2026-07-04,LAS,313,0.14521
2026-07-05,LAS,493,0.24742
2026-07-06,LAS,498,0.30629
2026-07-07,LAS,422,0.22782
2026-07-08,LAS,429,0.19159
2026-07-09,LAS,500,0.30847
2026-07-10,LAS,503,0.28773
2026-07-11,LAS,387,0.15504
2026-07-12,LAS,501,0.46247
2026-07-13,LAS,501,0.40041
2026-07-14,LAS,425,0.18483
2026-07-15,LAS,432,0.28037
2026-07-16,LAS,503,0.47454
2026-07-17,LAS,503,0.49194
2026-07-18,LAS,387,0.27913
2026-07-19,LAS,503,0.38037
2026-07-20,LAS,502,0.38384
2026-07-21,LAS,423,0.24816
2026-07-22,LAS,432,0.24476
2026-07-23,LAS,503,0.29058
2026-07-24,LAS,503,0.4668
2026-07-25,LAS,387,0.31152
2026-07-26,LAS,504,0.264
2026-07-27,LAS,502,0.29857
2026-07-28,LAS,424,0.29676
2026-07-29,LAS,431,0.29647
2026-07-30,LAS,502,0.31781
2026-07-31,LAS,503,0.32665
2025-08-01,LAX,578,0.25899
2025-08-02,LAX,508,0.22754
2025-08-03,LAX,570,0.21886
2025-08-04,LAX,574,0.16431
2025-08-05,LAX,525,0.11238
2025-08-06,LAX,526,0.20309
2025-08-07,LAX,569,0.1865
2025-08-08,LAX,565,0.11922
2025-08-09,LAX,490,0.17178
2025-08-10,LAX,572,0.27018
2025-08-11,LAX,560,0.16458
2025-08-12,LAX,510,0.13163
2025-08-13,LAX,516,0.19569
2025-08-14,LAX,563,0.16876
2025-08-15,LAX,561,0.1828
2025-08-16,LAX,484,0.1625
2025-08-17,LAX,566,0.19643
2025-08-18,LAX,559,0.18841
2025-08-19,LAX,495,0.13415
2025-08-20,LAX,504,0.16733
2025-08-21,LAX,558,0.1595
2025-08-22,LAX,556,0.17986
2025-08-23,LAX,474,0.20675
2025-08-24,LAX,561,0.19499
2025-08-25,LAX,538,0.23178
2025-08-26,LAX,475,0.0766
2025-08-27,LAX,492,0.12016
2025-08-28,LAX,541,0.15501
2025-08-29,LAX,544,0.16022
2025-08-30,LAX,462,0.13816
2025-08-31,LAX,497,0.12627
2025-09-01,LAX,536,0.13832
2025-09-02,LAX,478,0.25786
2025-09-03,LAX,461,0.09565
2025-09-04,LAX,517,0.18235
2025-09-05,LAX,520,0.14313
2025-09-06,LAX,452,0.1036
2025-09-07,LAX,539,0.12268
2025-09-08,LAX,523,0.119
2025-09-09,LAX,454,0.08811
2025-09-10,LAX,468,0.08974
2025-09-11,LAX,548,0.16636
2025-09-12,LAX,542,0.15926
2025-09-13,LAX,455,0.10769
2025-09-14,LAX,558,0.15233
2025-09-15,LAX,543,0.10721
2025-09-16,LAX,467,0.09422
2025-09-17,LAX,483,0.14137
2025-09-18,LAX,551,0.20909
2025-09-19,LAX,545,0.18199
2025-09-20,LAX,457,0.12281
2025-09-21,LAX,558,0.18478
2025-09-22,LAX,544,0.14022
2025-09-23,LAX,465,0.08405
2025-09-24,LAX,482,0.12241
2025-09-25,LAX,547,0.20588
2025-09-26,LAX,544,0.2069
2025-09-27,LAX,457,0.14286
2025-09-28,LAX,557,0.15799
2025-09-29,LAX,541,0.12569
2025-09-30,LAX,470,0.05957
2025-10-01,LAX,486,0.08848
2025-10-02,LAX,555,0.13538
2025-10-03,LAX,552,0.18
2025-10-04,LAX,459,0.12418
2025-10-05,LAX,557,0.11712
2025-10-06,LAX,554,0.12996
2025-10-07,LAX,488,0.07172
2025-10-08,LAX,502,0.10379
2025-10-09,LAX,554,0.17935
2025-10-10,LAX,558,0.19031
2025-10-11,LAX,462,0.1342
2025-10-12,LAX,560,0.27419
2025-10-13,LAX,556,0.27174
2025-10-14,LAX,488,0.2284
2025-10-15,LAX,504,0.16667
2025-10-16,LAX,555,0.18198
2025-10-17,LAX,561,0.12701
2025-10-18,LAX,460,0.12996
2025-10-19,LAX,559,0.17889
2025-10-20,LAX,557,0.14029
2025-10-21,LAX,488,0.07787
2025-10-22,LAX,503,0.11531
2025-10-23,LAX,553,0.16
2025-10-24,LAX,556,0.21168
2025-10-25,LAX,454,0.20313
2025-10-26,LAX,564,0.29749
2025-10-27,LAX,555,0.22826
2025-10-28,LAX,468,0.12206
2025-10-29,LAX,479,0.11482
2025-10-30,LAX,530,0.2
2025-10-31,LAX,445,0.1908
2025-11-01,LAX,435,0.21478
2025-11-02,LAX,528,0.26426
2025-11-03,LAX,511,0.12941
2025-11-04,LAX,467,0.08779
2025-11-05,LAX,475,0.18393
2025-11-06,LAX,532,0.21212
2025-11-07,LAX,529,0.23506
2025-11-08,LAX,459,0.24485
2025-11-09,LAX,549,0.4004
2025-11-10,LAX,538,0.308
2025-11-11,LAX,479,0.0837
2025-11-12,LAX,486,0.10493
2025-11-13,LAX,545,0.10707
2025-11-14,LAX,537,0.21195
2025-11-15,LAX,453,0.2294
2025-11-16,LAX,547,0.16544
2025-11-17,LAX,525,0.18321
2025-11-18,LAX,479,0.15481
2025-11-19,LAX,484,0.13665
2025-11-20,LAX,543,0.2833
2025-11-21,LAX,572,0.2708
2025-11-22,LAX,522,0.20537
2025-11-23,LAX,562,0.27419
2025-11-24,LAX,552,0.19963
2025-11-25,LAX,554,0.16123
2025-11-26,LAX,557,0.16757
2025-11-27,LAX,349,0.08023
2025-11-28,LAX,520,0.16185
2025-11-29,LAX,550,0.22659
2025-11-30,LAX,583,0.32865
2025-12-01,LAX,568,0.2305
2025-12-02,LAX,494,0.14807
2025-12-03,LAX,480,0.1195
2025-12-04,LAX,519,0.14865
2025-12-05,LAX,517,0.18824
2025-12-06,LAX,450,0.14286
2025-12-07,LAX,538,0.20189
2025-12-08,LAX,510,0.17764
2025-12-09,LAX,470,0.14072
2025-12-10,LAX,477,0.16143
2025-12-11,LAX,521,0.1657
2025-12-12,LAX,533,0.20339
2025-12-13,LAX,452,0.17295
2025-12-14,LAX,540,0.28544
2025-12-15,LAX,511,0.20513
2025-12-16,LAX,472,0.14043
2025-12-17,LAX,487,0.18144
2025-12-18,LAX,554,0.22182
2025-12-19,LAX,565,0.38283
2025-12-20,LAX,539,0.35206
2025-12-21,LAX,563,0.2973
2025-12-22,LAX,561,0.22083
2025-12-23,LAX,557,0.287
2025-12-24,LAX,451,0.35426
2025-12-25,LAX,451,0.19005
2025-12-26,LAX,558,0.34644
2025-12-27,LAX,541,0.30344
2025-12-28,LAX,558,0.26103
2025-12-29,LAX,562,0.19928
2025-12-30,LAX,564,0.2298
2025-12-31,LAX,487,0.19008
2026-01-01,LAX,498,0.357
2026-01-02,LAX,573,0.35524
2026-01-03,LAX,539,0.40267
2026-01-04,LAX,559,0.36029
2026-01-05,LAX,550,0.25414
2026-01-06,LAX,447,0.13004
2026-01-07,LAX,446,0.09213
2026-01-08,LAX,483,0.16424
2026-01-09,LAX,481,0.14792
2026-01-10,LAX,438,0.23059
2026-01-11,LAX,493,0.16633
2026-01-12,LAX,474,0.11839
2026-01-13,LAX,429,0.12617
2026-01-14,LAX,439,0.22581
2026-01-15,LAX,491,0.13906
2026-01-16,LAX,490,0.12371
2026-01-17,LAX,429,0.16274
2026-01-18,LAX,455,0.17778
2026-01-19,LAX,502,0.14429
2026-01-20,LAX,437,0.06236
2026-01-21,LAX,450,0.07589
2026-01-22,LAX,492,0.07143
2026-01-23,LAX,490,0.13684
2026-01-24,LAX,432,0.1601
2026-01-25,LAX,508,0.22333
2026-01-26,LAX,489,0.2774
2026-01-27,LAX,437,0.2069
2026-01-28,LAX,448,0.12896
2026-01-29,LAX,493,0.13387
2026-01-30,LAX,489,0.18634
2026-01-31,LAX,434,0.16159
2026-02-01,LAX,509,0.2004
2026-02-02,LAX,491,0.14898
2026-02-03,LAX,445,0.12613
2026-02-04,LAX,445,0.24494
2026-02-05,LAX,506,0.24554
2026-02-06,LAX,502,0.14257
2026-02-07,LAX,438,0.16018
2026-02-08,LAX,470,0.16488
2026-02-09,LAX,505,0.0994
2026-02-10,LAX,446,0.10112
2026-02-11,LAX,457,0.12939
2026-02-12,LAX,528,0.15619
2026-02-13,LAX,531,0.19924
2026-02-14,LAX,461,0.19248
2026-02-15,LAX,492,0.1807
2026-02-16,LAX,528,0.41188
2026-02-17,LAX,471,0.23644
2026-02-18,LAX,470,0.25551
2026-02-19,LAX,516,0.3953
2026-02-20,LAX,529,0.19884
2026-02-21,LAX,459,0.20264
2026-02-22,LAX,527,0.22622
2026-02-23,LAX,519,0.09719
2026-02-24,LAX,454,0.16136
2026-02-25,LAX,468,0.21935
2026-02-26,LAX,528,0.18476
2026-02-27,LAX,531,0.12453
2026-02-28,LAX,461,0.10284
2026-03-01,LAX,529,0.14449
2026-03-02,LAX,518,0.14175
2026-03-03,LAX,450,0.12695
2026-03-04,LAX,466,0.09524
2026-03-05,LAX,530,0.12405
2026-03-06,LAX,534,0.30214
2026-03-07,LAX,470,0.52193
2026-03-08,LAX,532,0.3295
2026-03-09,LAX,545,0.23105
2026-03-10,LAX,485,0.16807
2026-03-11,LAX,498,0.18033
2026-03-12,LAX,543,0.20857
2026-03-13,LAX,544,0.27324
2026-03-14,LAX,480,0.23246
2026-03-15,LAX,533,0.35913
2026-03-16,LAX,545,0.50202
2026-03-17,LAX,485,0.28817
2026-03-18,LAX,507,0.23904
2026-03-19,LAX,556,0.17117
2026-03-20,LAX,558,0.20683
2026-03-21,LAX,492,0.20408
2026-03-22,LAX,546,0.22509
2026-03-23,LAX,558,0.1939
2026-03-24,LAX,493,0.1359
2026-03-25,LAX,508,0.13241
2026-03-26,LAX,556,0.23466
2026-03-27,LAX,557,0.18841
2026-03-28,LAX,491,0.17623
2026-03-29,LAX,540,0.19626
2026-03-30,LAX,553,0.20327
2026-03-31,LAX,486,0.19215
2026-04-01,LAX,499,0.2
2026-04-02,LAX,548,0.22346
2026-04-03,LAX,551,0.18199
2026-04-04,LAX,488,0.21803
2026-04-05,LAX,540,0.19181
2026-04-06,LAX,549,0.12088
2026-04-07,LAX,489,0.16803
2026-04-08,LAX,501,0.13772
2026-04-09,LAX,550,0.19817
2026-04-10,LAX,553,0.17033
2026-04-11,LAX,486,0.14137
2026-04-12,LAX,548,0.22921
2026-04-13,LAX,558,0.18231
2026-04-14,LAX,492,0.15195
2026-04-15,LAX,500,0.1483
2026-04-16,LAX,554,0.20615
2026-04-17,LAX,556,0.24132
2026-04-18,LAX,481,0.18919
2026-04-19,LAX,549,0.20803
2026-04-20,LAX,557,0.2387
2026-04-21,LAX,491,0.19796
2026-04-22,LAX,501,0.17435
2026-04-23,LAX,545,0.20221
2026-04-24,LAX,549,0.14572
2026-04-25,LAX,475,0.13924
2026-04-26,LAX,546,0.25277
2026-04-27,LAX,549,0.19414
2026-04-28,LAX,488,0.11801
2026-04-29,LAX,498,0.167
2026-04-30,LAX,541,0.19888
2026-05-01,LAX,545,0.23364
2026-05-02,LAX,462,0.13466
2026-05-03,LAX,532,0.21033
2026-05-04,LAX,539,0.22659
2026-05-05,LAX,485,0.1299
2026-05-06,LAX,499,0.14458
2026-05-07,LAX,546,0.1489
2026-05-08,LAX,546,0.15963
2026-05-09,LAX,470,0.1322
2026-05-10,LAX,537,0.19774
2026-05-11,LAX,545,0.24125
2026-05-12,LAX,492,0.15854
2026-05-13,LAX,504,0.16103
2026-05-14,LAX,546,0.24678
2026-05-15,LAX,546,0.21324
2026-05-16,LAX,478,0.2364
2026-05-17,LAX,537,0.26654
2026-05-18,LAX,547,0.30018
2026-05-19,LAX,494,0.23958
2026-05-20,LAX,499,0.27347
2026-05-21,LAX,570,0.29078
2026-05-22,LAX,568,0.26455
2026-05-23,LAX,496,0.17374
2026-05-24,LAX,513,0.15385
2026-05-25,LAX,568,0.21492
2026-05-26,LAX,529,0.21483
2026-05-27,LAX,527,0.14068
2026-05-28,LAX,568,0.20463
2026-05-29,LAX,568,0.17889
2026-05-30,LAX,502,0.106
2026-05-31,LAX,559,0.15827
2026-06-01,LAX,567,0.17699
2026-06-02,LAX,516,0.1611
2026-06-03,LAX,525,0.20881
2026-06-04,LAX,573,0.21853
2026-06-05,LAX,572,0.20211
2026-06-06,LAX,507,0.172
2026-06-07,LAX,562,0.24635
2026-06-08,LAX,576,0.24913
2026-06-09,LAX,530,0.18406
2026-06-10,LAX,542,0.24015
2026-06-11,LAX,586,0.29298
2026-06-12,LAX,585,0.30053
2026-06-13,LAX,515,0.27416
2026-06-14,LAX,570,0.32437
2026-06-15,LAX,584,0.26527
2026-06-16,LAX,538,0.14312
2026-06-17,LAX,544,0.20896
2026-06-18,LAX,587,0.31443
2026-06-19,LAX,582,0.26821
2026-06-20,LAX,510,0.18146
2026-06-21,LAX,572,0.20811
2026-06-22,LAX,581,0.25744
2026-06-23,LAX,539,0.2119
2026-06-24,LAX,546,0.22652
2026-06-25,LAX,587,0.2359
2026-06-26,LAX,586,0.26962
2026-06-27,LAX,518,0.23092
2026-06-28,LAX,563,0.24242
2026-06-29,LAX,568,0.19224
2026-06-30,LAX,533,0.15909
2026-07-01,LAX,539,0.23034
2026-07-02,LAX,580,0.25784
2026-07-03,LAX,565,0.25365
2026-07-04,LAX,446,0.18621
2026-07-05,LAX,572,0.25872
2026-07-06,LAX,587,0.29094
2026-07-07,LAX,550,0.26789
2026-07-08,LAX,554,0.20985
2026-07-09,LAX,591,0.26072
2026-07-10,LAX,589,0.29655
2026-07-11,LAX,516,0.25825
2026-07-12,LAX,579,0.2548
2026-07-13,LAX,585,0.29239
2026-07-14,LAX,548,0.2081
2026-07-15,LAX,554,0.19161
2026-07-16,LAX,589,0.27273
2026-07-17,LAX,588,0.30703
2026-07-18,LAX,518,0.34836
2026-07-19,LAX,579,0.30108
2026-07-20,LAX,585,0.30769
2026-07-21,LAX,548,0.25192
2026-07-22,LAX,555,0.28131
2026-07-23,LAX,589,0.25641
2026-07-24,LAX,588,0.20719
2026-07-25,LAX,518,0.23404
2026-07-26,LAX,579,0.25217
2026-07-27,LAX,585,0.30919
2026-07-28,LAX,548,0.32809
2026-07-29,LAX,555,0.25974
2026-07-30,LAX,588,0.22031
2026-07-31,LAX,587,0.2867
2025-08-01,MCO,455,0.40682
2025-08-02,MCO,484,0.42678
2025-08-03,MCO,460,0.41758
2025-08-04,MCO,451,0.43722
2025-08-05,MCO,369,0.29041
2025-08-06,MCO,369,0.25275
2025-08-07,MCO,430,0.2904
2025-08-08,MCO,433,0.43458
2025-08-09,MCO,436,0.35023
2025-08-10,MCO,440,0.51481
2025-08-11,MCO,425,0.27251
2025-08-12,MCO,354,0.20286
2025-08-13,MCO,364,0.22571
2025-08-14,MCO,428,0.32143
2025-08-15,MCO,431,0.32168
2025-08-16,MCO,427,0.23059
2025-08-17,MCO,437,0.45794
2025-08-18,MCO,426,0.44337
2025-08-19,MCO,345,0.18367
2025-08-20,MCO,353,0.2235
2025-08-21,MCO,419,0.41966
2025-08-22,MCO,421,0.6555
2025-08-23,MCO,414,0.66667
2025-08-24,MCO,433,0.14849
2025-08-25,MCO,418,0.10048
2025-08-26,MCO,340,0.0649
2025-08-27,MCO,351,0.12286
2025-08-28,MCO,416,0.33333
2025-08-29,MCO,423,0.25355
2025-08-30,MCO,408,0.20247
2025-08-31,MCO,386,0.16492
2025-09-01,MCO,412,0.18735
2025-09-02,MCO,349,0.07205
2025-09-03,MCO,323,0.06192
2025-09-04,MCO,386,0.12727
2025-09-05,MCO,398,0.08838
2025-09-06,MCO,365,0.32011
2025-09-07,MCO,407,0.30296
2025-09-08,MCO,398,0.30886
2025-09-09,MCO,314,0.18153
2025-09-10,MCO,323,0.06854
2025-09-11,MCO,398,0.20151
2025-09-12,MCO,406,0.13086
2025-09-13,MCO,370,0.13279
2025-09-14,MCO,416,0.13942
2025-09-15,MCO,401,0.085
2025-09-16,MCO,315,0.08254
2025-09-17,MCO,326,0.14506
2025-09-18,MCO,398,0.10076
2025-09-19,MCO,403,0.13
2025-09-20,MCO,368,0.09589
2025-09-21,MCO,415,0.11408
2025-09-22,MCO,400,0.13283
2025-09-23,MCO,317,0.15873
2025-09-24,MCO,328,0.21166
2025-09-25,MCO,400,0.33586
2025-09-26,MCO,405,0.22772
2025-09-27,MCO,376,0.06667
2025-09-28,MCO,418,0.19378
2025-09-29,MCO,402,0.11692
2025-09-30,MCO,319,0.04717
2025-10-01,MCO,332,0.03927
2025-10-02,MCO,441,0.16553
2025-10-03,MCO,447,0.18161
2025-10-04,MCO,415,0.15663
2025-10-05,MCO,446,0.25785
2025-10-06,MCO,450,0.47321
2025-10-07,MCO,375,0.09067
2025-10-08,MCO,386,0.10363
2025-10-09,MCO,457,0.37281
2025-10-10,MCO,457,0.27313
2025-10-11,MCO,448,0.21029
2025-10-12,MCO,459,0.23965
2025-10-13,MCO,459,0.28728
2025-10-14,MCO,376,0.15733
2025-10-15,MCO,385,0.0961
2025-10-16,MCO,457,0.19694
2025-10-17,MCO,459,0.13537
2025-10-18,MCO,450,0.20852
2025-10-19,MCO,464,0.41901
2025-10-20,MCO,460,0.24017
2025-10-21,MCO,376,0.0984
2025-10-22,MCO,385,0.12987
2025-10-23,MCO,459,0.17904
2025-10-24,MCO,459,0.24396
2025-10-25,MCO,449,0.21429
2025-10-26,MCO,468,0.56087
2025-10-27,MCO,468,0.66376
2025-10-28,MCO,366,0.21038
2025-10-29,MCO,375,0.144
2025-10-30,MCO,440,0.3208
2025-10-31,MCO,377,0.26902
2025-11-01,MCO,430,0.19484
2025-11-02,MCO,449,0.25336
2025-11-03,MCO,439,0.18721
2025-11-04,MCO,380,0.16138
2025-11-05,MCO,387,0.11111
2025-11-06,MCO,447,0.25561
2025-11-07,MCO,454,0.30455
2025-11-08,MCO,439,0.49626
2025-11-09,MCO,466,0.72397
2025-11-10,MCO,460,0.44444
2025-11-11,MCO,391,0.14706
2025-11-12,MCO,393,0.06366
2025-11-13,MCO,453,0.17593
2025-11-14,MCO,461,0.12222
2025-11-15,MCO,446,0.11364
2025-11-16,MCO,463,0.15033
2025-11-17,MCO,444,0.15576
2025-11-18,MCO,381,0.07349
2025-11-19,MCO,395,0.05316
2025-11-20,MCO,445,0.1055
2025-11-21,MCO,479,0.19874
2025-11-22,MCO,483,0.14761
2025-11-23,MCO,480,0.13235
2025-11-24,MCO,463,0.16486
2025-11-25,MCO,481,0.14614
2025-11-26,MCO,479,0.16842
2025-11-27,MCO,291,0.06529
2025-11-28,MCO,452,0.14634
2025-11-29,MCO,495,0.31866
2025-11-30,MCO,480,0.42026
2025-12-01,MCO,487,0.30309
2025-12-02,MCO,397,0.27273
2025-12-03,MCO,396,0.12152
2025-12-04,MCO,448,0.22819
2025-12-05,MCO,451,0.23266
2025-12-06,MCO,447,0.23266
2025-12-07,MCO,471,0.46799
2025-12-08,MCO,451,0.30631
2025-12-09,MCO,379,0.14248
2025-12-10,MCO,387,0.13437
2025-12-11,MCO,453,0.22517
2025-12-12,MCO,463,0.18575
2025-12-13,MCO,447,0.14157
2025-12-14,MCO,472,0.41593
2025-12-15,MCO,451,0.25225
2025-12-16,MCO,375,0.128
2025-12-17,MCO,385,0.15666
2025-12-18,MCO,478,0.23222
2025-12-19,MCO,504,0.33469
2025-12-20,MCO,507,0.26815
2025-12-21,MCO,518,0.19841
2025-12-22,MCO,521,0.20849
2025-12-23,MCO,513,0.32094
2025-12-24,MCO,425,0.12381
2025-12-25,MCO,428,0.12911
2025-12-26,MCO,523,0.48441
2025-12-27,MCO,514,0.69796
2025-12-28,MCO,520,0.5
2025-12-29,MCO,520,0.37876
2025-12-30,MCO,517,0.45313
2025-12-31,MCO,439,0.26037
2026-01-01,MCO,455,0.32731
2026-01-02,MCO,514,0.32016
2026-01-03,MCO,511,0.50106
2026-01-04,MCO,514,0.52381
2026-01-05,MCO,485,0.5595
2026-01-06,MCO,391,0.19231
2026-01-07,MCO,398,0.24685
2026-01-08,MCO,447,0.13453
2026-01-09,MCO,449,0.14699
2026-01-10,MCO,459,0.16122
2026-01-11,MCO,469,0.2227
2026-01-12,MCO,441,0.09977
2026-01-13,MCO,375,0.048
2026-01-14,MCO,389,0.13577
2026-01-15,MCO,470,0.15812
2026-01-16,MCO,473,0.16525
2026-01-17,MCO,454,0.15419
2026-01-18,MCO,448,0.47166
2026-01-19,MCO,473,0.23567
2026-01-20,MCO,380,0.09211
2026-01-21,MCO,392,0.08184
2026-01-22,MCO,445,0.13034
2026-01-23,MCO,451,0.1745
2026-01-24,MCO,461,0.18863
2026-01-25,MCO,467,0.36471
2026-01-26,MCO,438,0.44077
2026-01-27,MCO,384,0.32845
2026-01-28,MCO,395,0.27344
2026-01-29,MCO,444,0.24036
2026-01-30,MCO,451,0.20814
2026-01-31,MCO,463,0.23744
2026-02-01,MCO,472,0.48366
2026-02-02,MCO,449,0.287
2026-02-03,MCO,393,0.1145
2026-02-04,MCO,403,0.0794
2026-02-05,MCO,465,0.27155
2026-02-06,MCO,468,0.21258
2026-02-07,MCO,469,0.26724
2026-02-08,MCO,449,0.21918
2026-02-09,MCO,461,0.26144
2026-02-10,MCO,410,0.10488
2026-02-11,MCO,426,0.12676
2026-02-12,MCO,511,0.222
2026-02-13,MCO,518,0.27734
2026-02-14,MCO,533,0.19423
2026-02-15,MCO,507,0.43697
2026-02-16,MCO,514,0.434
2026-02-17,MCO,463,0.3
2026-02-18,MCO,444,0.22902
2026-02-19,MCO,503,0.28088
2026-02-20,MCO,517,0.27148
2026-02-21,MCO,533,0.31801
2026-02-22,MCO,517,0.46501
2026-02-23,MCO,500,0.16062
2026-02-24,MCO,433,0.28571
2026-02-25,MCO,437,0.25116
2026-02-26,MCO,512,0.24805
2026-02-27,MCO,512,0.40157
2026-02-28,MCO,520,0.26204
2026-03-01,MCO,515,0.28571
2026-03-02,MCO,491,0.19048
2026-03-03,MCO,431,0.12354
2026-03-04,MCO,440,0.13225
2026-03-05,MCO,496,0.24335
2026-03-06,MCO,509,0.30847
2026-03-07,MCO,534,0.43186
2026-03-08,MCO,518,0.55621
2026-03-09,MCO,510,0.2123
2026-03-10,MCO,469,0.15132
2026-03-11,MCO,476,0.24464
2026-03-12,MCO,512,0.39882
2026-03-13,MCO,511,0.28717
2026-03-14,MCO,541,0.39695
2026-03-15,MCO,515,0.37798
2026-03-16,MCO,510,0.77224
2026-03-17,MCO,467,0.57277
2026-03-18,MCO,474,0.30983
2026-03-19,MCO,511,0.24603
2026-03-20,MCO,511,0.38142
2026-03-21,MCO,541,0.38318
2026-03-22,MCO,516,0.28994
2026-03-23,MCO,510,0.22892
2026-03-24,MCO,467,0.18143
2026-03-25,MCO,473,0.21935
2026-03-26,MCO,511,0.26693
2026-03-27,MCO,513,0.26036
2026-03-28,MCO,539,0.34137
2026-03-29,MCO,512,0.19608
2026-03-30,MCO,507,0.16436
2026-03-31,MCO,467,0.15983
2026-04-01,MCO,475,0.20726
2026-04-02,MCO,517,0.30143
2026-04-03,MCO,512,0.248
2026-04-04,MCO,549,0.21875
2026-04-05,MCO,518,0.35812
2026-04-06,MCO,515,0.47843
2026-04-07,MCO,457,0.27851
2026-04-08,MCO,470,0.20343
2026-04-09,MCO,519,0.16634
2026-04-10,MCO,519,0.20656
2026-04-11,MCO,523,0.22649
2026-04-12,MCO,520,0.30754
2026-04-13,MCO,514,0.20313
2026-04-14,MCO,439,0.15262
2026-04-15,MCO,429,0.11422
2026-04-16,MCO,497,0.13306
2026-04-17,MCO,496,0.18826
2026-04-18,MCO,471,0.13704
2026-04-19,MCO,501,0.21158
2026-04-20,MCO,496,0.24597
2026-04-21,MCO,422,0.07857
2026-04-22,MCO,437,0.11899
2026-04-23,MCO,499,0.17435
2026-04-24,MCO,494,0.13211
2026-04-25,MCO,485,0.24742
2026-04-26,MCO,500,0.306
2026-04-27,MCO,495,0.29448
2026-04-28,MCO,417,0.1966
2026-04-29,MCO,429,0.20609
2026-04-30,MCO,489,0.31084
2026-05-01,MCO,484,0.22316
2026-05-02,MCO,430,0.55335
2026-05-03,MCO,445,0.20814
2026-05-04,MCO,437,0.23326
2026-05-05,MCO,380,0.12401
2026-05-06,MCO,397,0.18987
2026-05-07,MCO,432,0.21028
2026-05-08,MCO,430,0.20093
2026-05-09,MCO,421,0.12411
2026-05-10,MCO,432,0.23113
2026-05-11,MCO,429,0.28505
2026-05-12,MCO,370,0.26087
2026-05-13,MCO,384,0.1276
2026-05-14,MCO,427,0.14554
2026-05-15,MCO,425,0.10451
2026-05-16,MCO,419,0.13604
2026-05-17,MCO,431,0.22951
2026-05-18,MCO,426,0.17577
2026-05-19,MCO,373,0.26111
2026-05-20,MCO,392,0.26042
2026-05-21,MCO,420,0.23389
2026-05-22,MCO,426,0.22406
2026-05-23,MCO,429,0.24648
2026-05-24,MCO,394,0.19588
2026-05-25,MCO,427,0.17882
2026-05-26,MCO,397,0.14106
2026-05-27,MCO,392,0.26854
2026-05-28,MCO,424,0.18913
2026-05-29,MCO,427,0.2783
2026-05-30,MCO,428,0.17453
2026-05-31,MCO,430,0.24942
2026-06-01,MCO,424,0.20853
2026-06-02,MCO,384,0.13193
2026-06-03,MCO,380,0.12665
2026-06-04,MCO,419,0.12201
2026-06-05,MCO,425,0.11111
2026-06-06,MCO,434,0.17136
2026-06-07,MCO,427,0.24471
2026-06-08,MCO,424,0.1844
2026-06-09,MCO,390,0.10797
2026-06-10,MCO,392,0.22165
2026-06-11,MCO,422,0.24257
2026-06-12,MCO,428,0.32143
2026-06-13,MCO,442,0.25806
2026-06-14,MCO,427,0.343
2026-06-15,MCO,428,0.25653
2026-06-16,MCO,397,0.34848
2026-06-17,MCO,400,0.20854
2026-06-18,MCO,424,0.31731
2026-06-19,MCO,427,0.46699
2026-06-20,MCO,442,0.39498
2026-06-21,MCO,428,0.37471
2026-06-22,MCO,427,0.30456
2026-06-23,MCO,401,0.20854
2026-06-24,MCO,402,0.37905
2026-06-25,MCO,424,0.25829
2026-06-26,MCO,431,0.2
2026-06-27,MCO,442,0.43541
2026-06-28,MCO,426,0.32235
2026-06-29,MCO,424,0.25532
2026-06-30,MCO,400,0.46214
2026-07-01,MCO,402,0.17456
2026-07-02,MCO,424,0.1844
2026-07-03,MCO,423,0.24213
2026-07-04,MCO,351,0.32845
2026-07-05,MCO,445,0.358
2026-07-06,MCO,432,0.47922
2026-07-07,MCO,413,0.32593
2026-07-08,MCO,409,0.19315
2026-07-09,MCO,431,0.27578
2026-07-10,MCO,428,0.32614
2026-07-11,MCO,446,0.27045
2026-07-12,MCO,441,0.48364
2026-07-13,MCO,429,0.41966
2026-07-14,MCO,409,0.35162
2026-07-15,MCO,408,0.17284
2026-07-16,MCO,430,0.30211
2026-07-17,MCO,431,0.4763
2026-07-18,MCO,445,0.31378
2026-07-19,MCO,440,0.41546
2026-07-20,MCO,430,0.47733
2026-07-21,MCO,409,0.30854
2026-07-22,MCO,408,0.25187
2026-07-23,MCO,429,0.2304
2026-07-24,MCO,431,0.22844
2026-07-25,MCO,448,0.1875
2026-07-26,MCO,441,0.29613
2026-07-27,MCO,429,0.39663
2026-07-28,MCO,410,0.23056
2026-07-29,MCO,406,0.3191
2026-07-30,MCO,427,0.54217
2026-07-31,MCO,431,0.28169
2025-08-01,ORD,1037,0.29561
2025-08-02,ORD,944,0.2266
2025-08-03,ORD,1020,0.24209
2025-08-04,ORD,1035,0.29738
2025-08-05,ORD,963,0.18665
2025-08-06,ORD,912,0.24492
2025-08-07,ORD,1034,0.28585
2025-08-08,ORD,1022,0.20825
2025-08-09,ORD,927,0.28556
2025-08-10,ORD,1015,0.4995
2025-08-11,ORD,1027,0.28291
2025-08-12,ORD,889,0.49624
2025-08-13,ORD,908,0.25195
2025-08-14,ORD,1034,0.25267
2025-08-15,ORD,1021,0.32611
2025-08-16,ORD,927,0.3905
2025-08-17,ORD,1017,0.54114
2025-08-18,ORD,1021,0.603
2025-08-19,ORD,895,0.28437
2025-08-20,ORD,913,0.20856
2025-08-21,ORD,1034,0.2233
2025-08-22,ORD,1030,0.20898
2025-08-23,ORD,826,0.15254
2025-08-24,ORD,1030,0.20175
2025-08-25,ORD,1024,0.1894
2025-08-26,ORD,877,0.09529
2025-08-27,ORD,913,0.10186
2025-08-28,ORD,1028,0.14511
2025-08-29,ORD,1026,0.19707
2025-08-30,ORD,825,0.15225
2025-08-31,ORD,916,0.12158
2025-09-01,ORD,1018,0.17061
2025-09-02,ORD,898,0.12598
2025-09-03,ORD,841,0.175
2025-09-04,ORD,881,0.18786
2025-09-05,ORD,986,0.27467
2025-09-06,ORD,784,0.14341
2025-09-07,ORD,1029,0.18677
2025-09-08,ORD,1035,0.15392
2025-09-09,ORD,912,0.10636
2025-09-10,ORD,933,0.11815
2025-09-11,ORD,1038,0.19439
2025-09-12,ORD,988,0.214
2025-09-13,ORD,867,0.64277
2025-09-14,ORD,1030,0.20603
2025-09-15,ORD,1035,0.25919
2025-09-16,ORD,912,0.16154
2025-09-17,ORD,933,0.19957
2025-09-18,ORD,1037,0.21588
2025-09-19,ORD,988,0.22063
2025-09-20,ORD,865,0.37007
2025-09-21,ORD,1030,0.35029
2025-09-22,ORD,1036,0.28669
2025-09-23,ORD,912,0.21734
2025-09-24,ORD,933,0.20518
2025-09-25,ORD,1045,0.21986
2025-09-26,ORD,998,0.19188
2025-09-27,ORD,887,0.10544
2025-09-28,ORD,1047,0.17608
2025-09-29,ORD,1045,0.10153
2025-09-30,ORD,924,0.09859
2025-10-01,ORD,945,0.13968
2025-10-02,ORD,1047,0.17765
2025-10-03,ORD,996,0.19196
2025-10-04,ORD,886,0.12754
2025-10-05,ORD,1047,0.19198
2025-10-06,ORD,1061,0.43803
2025-10-07,ORD,991,0.28325
2025-10-08,ORD,1003,0.17964
2025-10-09,ORD,1056,0.25996
2025-10-10,ORD,1061,0.34972
2025-10-11,ORD,950,0.19937
2025-10-12,ORD,1053,0.27359
2025-10-13,ORD,1059,0.27333
2025-10-14,ORD,991,0.21277
2025-10-15,ORD,1003,0.31069
2025-10-16,ORD,1055,0.20853
2025-10-17,ORD,1058,0.19489
2025-10-18,ORD,949,0.55496
2025-10-19,ORD,1052,0.37977
2025-10-20,ORD,1058,0.32102
2025-10-21,ORD,991,0.20871
2025-10-22,ORD,1003,0.22954
2025-10-23,ORD,1054,0.23429
2025-10-24,ORD,1057,0.18243
2025-10-25,ORD,906,0.20487
2025-10-26,ORD,1025,0.36986
2025-10-27,ORD,1039,0.22222
2025-10-28,ORD,903,0.16071
2025-10-29,ORD,918,0.17923
2025-10-30,ORD,1027,0.30838
2025-10-31,ORD,852,0.24822
2025-11-01,ORD,883,0.19064
2025-11-02,ORD,1001,0.23624
2025-11-03,ORD,1014,0.17013
2025-11-04,ORD,896,0.15653
2025-11-05,ORD,909,0.14537
2025-11-06,ORD,1015,0.2997
2025-11-07,ORD,1015,0.28012
2025-11-08,ORD,893,0.39151
2025-11-09,ORD,1010,0.72716
2025-11-10,ORD,1019,0.64521
2025-11-11,ORD,900,0.21868
2025-11-12,ORD,907,0.14401
2025-11-13,ORD,1018,0.11602
2025-11-14,ORD,1017,0.12161
2025-11-15,ORD,891,0.07877
2025-11-16,ORD,1011,0.15905
2025-11-17,ORD,1018,0.13851
2025-11-18,ORD,895,0.17937
2025-11-19,ORD,907,0.14602
2025-11-20,ORD,1018,0.22777
2025-11-21,ORD,1016,0.20357
2025-11-22,ORD,930,0.125
2025-11-23,ORD,1015,0.11846
2025-11-24,ORD,999,0.17203
2025-11-25,ORD,1014,0.23635
2025-11-26,ORD,1021,0.71828
2025-11-27,ORD,511,0.08858
2025-11-28,ORD,893,0.1894
2025-11-29,ORD,968,0.95918
2025-11-30,ORD,1099,0.93456
2025-12-01,ORD,1042,0.64892
2025-12-02,ORD,903,0.71559
2025-12-03,ORD,861,0.71496
2025-12-04,ORD,955,0.37841
2025-12-05,ORD,963,0.33508
2025-12-06,ORD,825,0.24387
2025-12-07,ORD,956,0.94836
2025-12-08,ORD,956,0.31013
2025-12-09,ORD,843,0.21838
2025-12-10,ORD,856,0.51991
2025-12-11,ORD,959,0.31971
2025-12-12,ORD,965,0.31672
2025-12-13,ORD,826,0.31017
2025-12-14,ORD,958,0.43982
2025-12-15,ORD,957,0.24339
2025-12-16,ORD,845,0.09846
2025-12-17,ORD,848,0.1383
2025-12-18,ORD,933,0.3913
2025-12-19,ORD,955,0.38568
2025-12-20,ORD,891,0.2815
2025-12-21,ORD,934,0.20566
2025-12-22,ORD,934,0.18319
2025-12-23,ORD,912,0.13671
2025-12-24,ORD,635,0.13312
2025-12-25,ORD,646,0.12403
2025-12-26,ORD,943,0.38864
2025-12-27,ORD,879,0.39669
2025-12-28,ORD,941,0.70137
2025-12-29,ORD,944,0.73184
2025-12-30,ORD,935,0.56291
2025-12-31,ORD,790,0.50963
2026-01-01,ORD,883,0.34902
2026-01-02,ORD,941,0.20642
2026-01-03,ORD,880,0.33372
2026-01-04,ORD,970,0.19355
2026-01-05,ORD,956,0.17318
2026-01-06,ORD,767,0.12827
2026-01-07,ORD,768,0.08747
2026-01-08,ORD,833,0.284
2026-01-09,ORD,832,0.15283
2026-01-10,ORD,704,0.29345
2026-01-11,ORD,835,0.16106
2026-01-12,ORD,831,0.10361
2026-01-13,ORD,757,0.04371
2026-01-14,ORD,766,0.72981
2026-01-15,ORD,836,0.18607
2026-01-16,ORD,837,0.68389
2026-01-17,ORD,643,0.33489
2026-01-18,ORD,748,0.46892
2026-01-19,ORD,839,0.4494
2026-01-20,ORD,758,0.32537
2026-01-21,ORD,764,0.31266
2026-01-22,ORD,836,0.22048
2026-01-23,ORD,837,0.33831
2026-01-24,ORD,708,0.51765
2026-01-25,ORD,837,0.88427
2026-01-26,ORD,829,0.53239
2026-01-27,ORD,756,0.34379
2026-01-28,ORD,765,0.24129
2026-01-29,ORD,836,0.17964
2026-01-30,ORD,837,0.78843
2026-01-31,ORD,742,0.51724
2026-02-01,ORD,869,0.27635
2026-02-02,ORD,863,0.71981
2026-02-03,ORD,808,0.1067
2026-02-04,ORD,760,0.22134
2026-02-05,ORD,871,0.44253
2026-02-06,ORD,872,0.24626
2026-02-07,ORD,748,0.15282
2026-02-08,ORD,863,0.17845
2026-02-09,ORD,866,0.15278
2026-02-10,ORD,811,0.07891
2026-02-11,ORD,812,0.12084
2026-02-12,ORD,991,0.16751
2026-02-13,ORD,1003,0.17217
2026-02-14,ORD,858,0.15212
2026-02-15,ORD,985,0.25311
2026-02-16,ORD,1001,0.25226
2026-02-17,ORD,945,0.18424
2026-02-18,ORD,964,0.20616
2026-02-19,ORD,999,0.27172
2026-02-20,ORD,1006,0.62751
2026-02-21,ORD,858,0.41784
2026-02-22,ORD,995,0.50435
2026-02-23,ORD,1001,0.29372
2026-02-24,ORD,947,0.25163
2026-02-25,ORD,968,0.20124
2026-02-26,ORD,1005,0.19119
2026-02-27,ORD,1009,0.26468
2026-02-28,ORD,860,0.18626
2026-03-01,ORD,992,0.19919
2026-03-02,ORD,995,0.19173
2026-03-03,ORD,948,0.1619
2026-03-04,ORD,966,0.27492
2026-03-05,ORD,1031,0.36309
2026-03-06,ORD,1043,0.83906
2026-03-07,ORD,929,0.49884
2026-03-08,ORD,1027,0.27734
2026-03-09,ORD,1036,0.17802
2026-03-10,ORD,997,0.25
2026-03-11,ORD,1018,0.57442
2026-03-12,ORD,1043,0.33626
2026-03-13,ORD,1042,0.79819
2026-03-14,ORD,929,0.40653
2026-03-15,ORD,1030,0.58925
2026-03-16,ORD,1038,0.86172
2026-03-17,ORD,1000,0.40862
2026-03-18,ORD,1021,0.50148
2026-03-19,ORD,1044,0.17162
2026-03-20,ORD,1044,0.21986
2026-03-21,ORD,930,0.18418
2026-03-22,ORD,1034,0.34766
2026-03-23,ORD,1041,0.23206
2026-03-24,ORD,1002,0.1665
2026-03-25,ORD,1023,0.11451
2026-03-26,ORD,1048,0.38866
2026-03-27,ORD,1049,0.29691
2026-03-28,ORD,928,0.15102
2026-03-29,ORD,1056,0.16268
2026-03-30,ORD,1063,0.20398
2026-03-31,ORD,1026,0.66251
2026-04-01,ORD,1058,0.33493
2026-04-02,ORD,1101,0.76977
2026-04-03,ORD,1108,0.49538
2026-04-04,ORD,944,0.42516
2026-04-05,ORD,1097,0.19817
2026-04-06,ORD,1104,0.18273
2026-04-07,ORD,1063,0.15363
2026-04-08,ORD,1098,0.19526
2026-04-09,ORD,1152,0.20699
2026-04-10,ORD,1158,0.23356
2026-04-11,ORD,1045,0.14121
2026-04-12,ORD,1151,0.20333
2026-04-13,ORD,1159,0.43881
2026-04-14,ORD,1073,0.64718
2026-04-15,ORD,1090,0.48015
2026-04-16,ORD,1161,0.5636
2026-04-17,ORD,1159,0.418
2026-04-18,ORD,1042,0.22459
2026-04-19,ORD,1156,0.21453
2026-04-20,ORD,1157,0.21837
2026-04-21,ORD,1065,0.27778
2026-04-22,ORD,1094,0.12523
2026-04-23,ORD,1158,0.2632
2026-04-24,ORD,1159,0.29508
2026-04-25,ORD,1047,0.14601
2026-04-26,ORD,1152,0.28234
2026-04-27,ORD,1156,0.5883
2026-04-28,ORD,1069,0.22008
2026-04-29,ORD,1093,0.18899
2026-04-30,ORD,1137,0.23519
2026-05-01,ORD,1144,0.26316
2026-05-02,ORD,1038,0.1528
2026-05-03,ORD,1127,0.16118
2026-05-04,ORD,1129,0.35813
2026-05-05,ORD,1058,0.18898
2026-05-06,ORD,1103,0.23524
2026-05-07,ORD,1116,0.39677
2026-05-08,ORD,1116,0.24888
2026-05-09,ORD,1024,0.12231
2026-05-10,ORD,1112,0.18248
2026-05-11,ORD,1114,0.16757
2026-05-12,ORD,1047,0.19732
2026-05-13,ORD,1089,0.19373
2026-05-14,ORD,1118,0.21307
2026-05-15,ORD,1116,0.2363
2026-05-16,ORD,1026,0.18671
2026-05-17,ORD,1114,0.2337
2026-05-18,ORD,1114,0.6961
2026-05-19,ORD,1050,0.33959
2026-05-20,ORD,1076,0.2315
2026-05-21,ORD,1084,0.25743
2026-05-22,ORD,1103,0.24909
2026-05-23,ORD,1027,0.19062
2026-05-24,ORD,1086,0.65883
2026-05-25,ORD,1102,0.21969
2026-05-26,ORD,1083,0.13636
2026-05-27,ORD,1090,0.17019
2026-05-28,ORD,1103,0.13146
2026-05-29,ORD,1105,0.13455
2026-05-30,ORD,1029,0.14786
2026-05-31,ORD,1090,0.16129
2026-06-01,ORD,1070,0.14058
2026-06-02,ORD,1044,0.12897
2026-06-03,ORD,1054,0.12845
2026-06-04,ORD,1053,0.17731
2026-06-05,ORD,1056,0.33651
2026-06-06,ORD,981,0.2623
2026-06-07,ORD,1056,0.52885
2026-06-08,ORD,1057,0.52088
2026-06-09,ORD,1037,0.25681
2026-06-10,ORD,1046,0.39356
2026-06-11,ORD,1061,0.44694
2026-06-12,ORD,1063,0.39049
2026-06-13,ORD,981,0.30312
2026-06-14,ORD,1059,0.32685
2026-06-15,ORD,1062,0.18519
2026-06-16,ORD,1040,0.29961
2026-06-17,ORD,1047,0.62381
2026-06-18,ORD,1062,0.4245
2026-06-19,ORD,1063,0.25239
2026-06-20,ORD,980,0.1893
2026-06-21,ORD,1058,0.30323
2026-06-22,ORD,1061,0.25619
2026-06-23,ORD,1039,0.16764
2026-06-24,ORD,1041,0.40637
2026-06-25,ORD,1065,0.33144
2026-06-26,ORD,1067,0.20301
2026-06-27,ORD,1009,0.14782
2026-06-28,ORD,1059,0.22053
2026-06-29,ORD,1061,0.18863
2026-06-30,ORD,1042,0.20463
2026-07-01,ORD,1059,0.23485
2026-07-02,ORD,1071,0.25768
2026-07-03,ORD,1067,0.5618
2026-07-04,ORD,945,0.50909
2026-07-05,ORD,1072,0.36039
2026-07-06,ORD,1078,0.24624
2026-07-07,ORD,1063,0.19962
2026-07-08,ORD,1070,0.25306
2026-07-09,ORD,1081,0.33929
2026-07-10,ORD,1083,0.25397
2026-07-11,ORD,1015,0.18379
2026-07-12,ORD,1079,0.15163
2026-07-13,ORD,1081,0.20764
2026-07-14,ORD,1065,0.24148
2026-07-15,ORD,1070,0.16933
2026-07-16,ORD,1081,0.38185
2026-07-17,ORD,1082,0.58224
2026-07-18,ORD,1014,0.50164
2026-07-19,ORD,1080,0.2838
2026-07-20,ORD,1081,0.29599
2026-07-21,ORD,1066,0.32168
2026-07-22,ORD,1071,0.20226
2026-07-23,ORD,1081,0.17658
2026-07-24,ORD,1082,0.18443
2026-07-25,ORD,1014,0.15202
2026-07-26,ORD,1080,0.19034
2026-07-27,ORD,1081,0.57423
2026-07-28,ORD,1065,0.39642
2026-07-29,ORD,1070,0.26781
2026-07-30,ORD,1081,0.23426
2026-07-31,ORD,1082,0.23262
2025-08-01,PHX,536,0.28843
2025-08-02,PHX,466,0.25591
2025-08-03,PHX,514,0.26275
2025-08-04,PHX,531,0.24386
2025-08-05,PHX,461,0.11063
2025-08-06,PHX,424,0.12201
2025-08-07,PHX,510,0.20158
2025-08-08,PHX,474,0.11653
2025-08-09,PHX,404,0.17164
2025-08-10,PHX,506,0.3161
2025-08-11,PHX,476,0.14526
2025-08-12,PHX,426,0.14421
2025-08-13,PHX,426,0.17967
2025-08-14,PHX,510,0.14793
2025-08-15,PHX,475,0.14557
2025-08-16,PHX,403,0.16377
2025-08-17,PHX,506,0.184
2025-08-18,PHX,474,0.14989
2025-08-19,PHX,420,0.11751
2025-08-20,PHX,422,0.17619
2025-08-21,PHX,518,0.35397
2025-08-22,PHX,478,0.19247
2025-08-23,PHX,398,0.10606
2025-08-24,PHX,507,0.23366
2025-08-25,PHX,487,0.34576
2025-08-26,PHX,401,0.07789
2025-08-27,PHX,421,0.10714
2025-08-28,PHX,514,0.14625
2025-08-29,PHX,513,0.27397
2025-08-30,PHX,385,0.13333
2025-08-31,PHX,394,0.13776
2025-09-01,PHX,517,0.29903
2025-09-02,PHX,416,0.12289
2025-09-03,PHX,412,0.09223
2025-09-04,PHX,476,0.13531
2025-09-05,PHX,473,0.12924
2025-09-06,PHX,369,0.12568
2025-09-07,PHX,493,0.12982
2025-09-08,PHX,499,0.08835
2025-09-09,PHX,411,0.07805
2025-09-10,PHX,421,0.11164
2025-09-11,PHX,521,0.20656
2025-09-12,PHX,482,0.16632
2025-09-13,PHX,375,0.1123
2025-09-14,PHX,502,0.1
2025-09-15,PHX,506,0.12103
2025-09-16,PHX,414,0.08937
2025-09-17,PHX,424,0.13033
2025-09-18,PHX,525,0.30902
2025-09-19,PHX,484,0.26415
2025-09-20,PHX,377,0.112
2025-09-21,PHX,500,0.23742
2025-09-22,PHX,502,0.17964
2025-09-23,PHX,411,0.13625
2025-09-24,PHX,423,0.14252
2025-09-25,PHX,527,0.27186
2025-09-26,PHX,490,0.52316
2025-09-27,PHX,383,0.33065
2025-09-28,PHX,509,0.13163
2025-09-29,PHX,511,0.14677
2025-09-30,PHX,419,0.05012
2025-10-01,PHX,429,0.08645
2025-10-02,PHX,555,0.10469
2025-10-03,PHX,521,0.13269
2025-10-04,PHX,424,0.05674
2025-10-05,PHX,538,0.15613
2025-10-06,PHX,577,0.19686
2025-10-07,PHX,488,0.08811
2025-10-08,PHX,504,0.10317
2025-10-09,PHX,593,0.24452
2025-10-10,PHX,595,0.33727
2025-10-11,PHX,471,0.21915
2025-10-12,PHX,587,0.67235
2025-10-13,PHX,586,0.58219
2025-10-14,PHX,489,0.17623
2025-10-15,PHX,507,0.14398
2025-10-16,PHX,596,0.19463
2025-10-17,PHX,597,0.134
2025-10-18,PHX,473,0.1688
2025-10-19,PHX,590,0.2619
2025-10-20,PHX,590,0.18336
2025-10-21,PHX,491,0.13265
2025-10-22,PHX,507,0.15248
2025-10-23,PHX,595,0.19966
2025-10-24,PHX,594,0.23077
2025-10-25,PHX,474,0.18259
2025-10-26,PHX,594,0.33051
2025-10-27,PHX,592,0.24027
2025-10-28,PHX,491,0.17623
2025-10-29,PHX,509,0.13018
2025-10-30,PHX,596,0.16667
2025-10-31,PHX,467,0.19783
2025-11-01,PHX,456,0.27253
2025-11-02,PHX,621,0.19449
2025-11-03,PHX,582,0.13941
2025-11-04,PHX,495,0.26923
2025-11-05,PHX,517,0.31643
2025-11-06,PHX,621,0.25525
2025-11-07,PHX,571,0.32597
2025-11-08,PHX,478,0.23789
2025-11-09,PHX,621,0.37037
2025-11-10,PHX,605,0.54529
2025-11-11,PHX,499,0.11727
2025-11-12,PHX,517,0.07085
2025-11-13,PHX,623,0.11973
2025-11-14,PHX,571,0.11232
2025-11-15,PHX,478,0.10021
2025-11-16,PHX,623,0.14654
2025-11-17,PHX,583,0.10208
2025-11-18,PHX,498,0.23541
2025-11-19,PHX,519,0.35135
2025-11-20,PHX,603,0.27119
2025-11-21,PHX,626,0.22222
2025-11-22,PHX,547,0.13578
2025-11-23,PHX,631,0.33068
2025-11-24,PHX,573,0.20979
2025-11-25,PHX,641,0.16588
2025-11-26,PHX,634,0.17508
2025-11-27,PHX,335,0.04776
2025-11-28,PHX,562,0.11607
2025-11-29,PHX,616,0.25381
2025-11-30,PHX,641,0.33544
2025-12-01,PHX,661,0.30046
2025-12-02,PHX,563,0.16934
2025-12-03,PHX,512,0.22745
2025-12-04,PHX,587,0.20307
2025-12-05,PHX,546,0.25184
2025-12-06,PHX,472,0.1
2025-12-07,PHX,615,0.26023
2025-12-08,PHX,580,0.19895
2025-12-09,PHX,493,0.11179
2025-12-10,PHX,509,0.13949
2025-12-11,PHX,588,0.17376
2025-12-12,PHX,571,0.18519
2025-12-13,PHX,470,0.16205
2025-12-14,PHX,615,0.30669
2025-12-15,PHX,579,0.14879
2025-12-16,PHX,493,0.08519
2025-12-17,PHX,511,0.18416
2025-12-18,PHX,615,0.17241
2025-12-19,PHX,640,0.3568
2025-12-20,PHX,623,0.31553
2025-12-21,PHX,630,0.2512
2025-12-22,PHX,631,0.17544
2025-12-23,PHX,618,0.19287
2025-12-24,PHX,458,0.17073
2025-12-25,PHX,457,0.12996
2025-12-26,PHX,634,0.25243
2025-12-27,PHX,605,0.2802
2025-12-28,PHX,636,0.32588
2025-12-29,PHX,635,0.32171
2025-12-30,PHX,628,0.208
2025-12-31,PHX,514,0.16667
2026-01-01,PHX,579,0.31393
2026-01-02,PHX,630,0.28045
2026-01-03,PHX,597,0.25894
2026-01-04,PHX,629,0.25522
2026-01-05,PHX,613,0.17298
2026-01-06,PHX,482,0.06432
2026-01-07,PHX,479,0.14196
2026-01-08,PHX,554,0.39746
2026-01-09,PHX,553,0.20072
2026-01-10,PHX,461,0.15184
2026-01-11,PHX,591,0.17007
2026-01-12,PHX,504,0.08929
2026-01-13,PHX,473,0.09534
2026-01-14,PHX,475,0.19239
2026-01-15,PHX,596,0.09661
2026-01-16,PHX,592,0.18506
2026-01-17,PHX,453,0.16107
2026-01-18,PHX,542,0.14153
2026-01-19,PHX,597,0.1113
2026-01-20,PHX,476,0.1097
2026-01-21,PHX,476,0.07173
2026-01-22,PHX,560,0.07527
2026-01-23,PHX,556,0.17724
2026-01-24,PHX,460,0.12469
2026-01-25,PHX,596,0.286
2026-01-26,PHX,508,0.28505
2026-01-27,PHX,478,0.30622
2026-01-28,PHX,476,0.22757
2026-01-29,PHX,562,0.15686
2026-01-30,PHX,558,0.23285
2026-01-31,PHX,457,0.12528
2026-02-01,PHX,593,0.23288
2026-02-02,PHX,503,0.09742
2026-02-03,PHX,474,0.08034
2026-02-04,PHX,469,0.20726
2026-02-05,PHX,590,0.22317
2026-02-06,PHX,586,0.15529
2026-02-07,PHX,454,0.09692
2026-02-08,PHX,552,0.15426
2026-02-09,PHX,539,0.11503
2026-02-10,PHX,483,0.09524
2026-02-11,PHX,480,0.08613
2026-02-12,PHX,625,0.13162
2026-02-13,PHX,630,0.21656
2026-02-14,PHX,510,0.12055
2026-02-15,PHX,615,0.16256
2026-02-16,PHX,627,0.23501
2026-02-17,PHX,536,0.28705
2026-02-18,PHX,554,0.25735
2026-02-19,PHX,622,0.19512
2026-02-20,PHX,631,0.19617
2026-02-21,PHX,510,0.15187
2026-02-22,PHX,627,0.20771
2026-02-23,PHX,620,0.13973
2026-02-24,PHX,503,0.13333
2026-02-25,PHX,554,0.14519
2026-02-26,PHX,627,0.17147
2026-02-27,PHX,631,0.16349
2026-02-28,PHX,511,0.12133
2026-03-01,PHX,630,0.18979
2026-03-02,PHX,617,0.08766
2026-03-03,PHX,501,0.07784
2026-03-04,PHX,552,0.1044
2026-03-05,PHX,640,0.17111
2026-03-06,PHX,644,0.35387
2026-03-07,PHX,552,0.3155
2026-03-08,PHX,637,0.25827
2026-03-09,PHX,645,0.18818
2026-03-10,PHX,612,0.22185
2026-03-11,PHX,616,0.2377
2026-03-12,PHX,648,0.28992
2026-03-13,PHX,649,0.27619
2026-03-14,PHX,610,0.26377
2026-03-15,PHX,641,0.36535
2026-03-16,PHX,649,0.5298
2026-03-17,PHX,613,0.31343
2026-03-18,PHX,617,0.3279
2026-03-19,PHX,647,0.23758
2026-03-20,PHX,649,0.23256
2026-03-21,PHX,611,0.14943
2026-03-22,PHX,642,0.26332
2026-03-23,PHX,650,0.18644
2026-03-24,PHX,613,0.16313
2026-03-25,PHX,616,0.12825
2026-03-26,PHX,646,0.1633
2026-03-27,PHX,647,0.17555
2026-03-28,PHX,610,0.22039
2026-03-29,PHX,630,0.23726
2026-03-30,PHX,641,0.21787
2026-03-31,PHX,602,0.22667
2026-04-01,PHX,597,0.16162
2026-04-02,PHX,635,0.21935
2026-04-03,PHX,633,0.18124
2026-04-04,PHX,594,0.17845
2026-04-05,PHX,625,0.12179
2026-04-06,PHX,630,0.14603
2026-04-07,PHX,517,0.147
2026-04-08,PHX,573,0.12937
2026-04-09,PHX,624,0.19225
2026-04-10,PHX,624,0.13644
2026-04-11,PHX,532,0.14124
2026-04-12,PHX,616,0.23701
2026-04-13,PHX,622,0.23339
2026-04-14,PHX,519,0.09884
2026-04-15,PHX,573,0.14011
2026-04-16,PHX,617,0.23895
2026-04-17,PHX,619,0.28478
2026-04-18,PHX,535,0.17009
2026-04-19,PHX,610,0.31199
2026-04-20,PHX,618,0.19771
2026-04-21,PHX,518,0.14286
2026-04-22,PHX,569,0.1775
2026-04-23,PHX,615,0.22764
2026-04-24,PHX,616,0.17208
2026-04-25,PHX,532,0.11488
2026-04-26,PHX,609,0.28904
2026-04-27,PHX,613,0.25371
2026-04-28,PHX,515,0.18898
2026-04-29,PHX,569,0.18453
2026-04-30,PHX,610,0.29605
2026-05-01,PHX,611,0.20197
2026-05-02,PHX,529,0.13308
2026-05-03,PHX,602,0.25209
2026-05-04,PHX,607,0.21927
2026-05-05,PHX,510,0.14961
2026-05-06,PHX,565,0.16341
2026-05-07,PHX,597,0.23658
2026-05-08,PHX,603,0.19601
2026-05-09,PHX,520,0.1368
2026-05-10,PHX,594,0.26746
2026-05-11,PHX,604,0.24
2026-05-12,PHX,509,0.15582
2026-05-13,PHX,564,0.18505
2026-05-14,PHX,600,0.30769
2026-05-15,PHX,602,0.22962
2026-05-16,PHX,521,0.1657
2026-05-17,PHX,595,0.2661
2026-05-18,PHX,603,0.32383
2026-05-19,PHX,510,0.322
2026-05-20,PHX,564,0.33631
2026-05-21,PHX,568,0.32389
2026-05-22,PHX,575,0.32343
2026-05-23,PHX,439,0.25968
2026-05-24,PHX,519,0.18164
2026-05-25,PHX,575,0.32099
2026-05-26,PHX,529,0.27462
2026-05-27,PHX,526,0.23574
2026-05-28,PHX,570,0.20106
2026-05-29,PHX,572,0.18278
2026-05-30,PHX,491,0.13469
2026-05-31,PHX,563,0.1625
2026-06-01,PHX,571,0.18421
2026-06-02,PHX,515,0.23483
2026-06-03,PHX,526,0.20498
2026-06-04,PHX,542,0.33519
2026-06-05,PHX,543,0.22963
2026-06-06,PHX,473,0.18376
2026-06-07,PHX,530,0.30368
2026-06-08,PHX,544,0.25461
2026-06-09,PHX,507,0.23913
2026-06-10,PHX,512,0.2279
2026-06-11,PHX,540,0.26604
2026-06-12,PHX,541,0.39885
2026-06-13,PHX,477,0.30085
2026-06-14,PHX,526,0.4453
2026-06-15,PHX,541,0.36852
2026-06-16,PHX,504,0.25249
2026-06-17,PHX,512,0.29389
2026-06-18,PHX,541,0.34637
2026-06-19,PHX,541,0.35161
2026-06-20,PHX,476,0.34746
2026-06-21,PHX,527,0.36138
2026-06-22,PHX,543,0.25926
2026-06-23,PHX,508,0.23866
2026-06-24,PHX,513,0.29412
2026-06-25,PHX,542,0.3197
2026-06-26,PHX,544,0.26838
2026-06-27,PHX,475,0.20211
2026-06-28,PHX,525,0.21224
2026-06-29,PHX,537,0.16854
2026-06-30,PHX,509,0.18526
2026-07-01,PHX,513,0.21654
2026-07-02,PHX,540,0.2397
2026-07-03,PHX,535,0.24808
2026-07-04,PHX,320,0.15287
2026-07-05,PHX,526,0.24756
2026-07-06,PHX,541,0.28814
2026-07-07,PHX,514,0.26953
2026-07-08,PHX,511,0.19646
2026-07-09,PHX,539,0.29135
2026-07-10,PHX,541,0.25746
2026-07-11,PHX,481,0.20502
2026-07-12,PHX,528,0.40494
2026-07-13,PHX,544,0.4357
2026-07-14,PHX,517,0.28433
2026-07-15,PHX,520,0.37791
2026-07-16,PHX,542,0.44259
2026-07-17,PHX,543,0.39219
2026-07-18,PHX,482,0.31906
2026-07-19,PHX,528,0.26204
2026-07-20,PHX,543,0.36754
2026-07-21,PHX,517,0.28657
2026-07-22,PHX,520,0.24561
2026-07-23,PHX,541,0.27138
2026-07-24,PHX,543,0.30056
2026-07-25,PHX,482,0.35282
2026-07-26,PHX,529,0.25856
2026-07-27,PHX,542,0.30843
2026-07-28,PHX,515,0.512
2026-07-29,PHX,518,0.2888
2026-07-30,PHX,540,0.26629
2026-07-31,PHX,541,0.25788
2025-08-01,SEA,556,0.41379
2025-08-02,SEA,506,0.43461
2025-08-03,SEA,547,0.39665
2025-08-04,SEA,558,0.30127
2025-08-05,SEA,527,0.20623
2025-08-06,SEA,522,0.38477
2025-08-07,SEA,550,0.3578
2025-08-08,SEA,549,0.25919
2025-08-09,SEA,496,0.30754
2025-08-10,SEA,548,0.34807
2025-08-11,SEA,547,0.26433
2025-08-12,SEA,521,0.27168
2025-08-13,SEA,519,0.23333
2025-08-14,SEA,544,0.3586
2025-08-15,SEA,539,0.49812
2025-08-16,SEA,493,0.36961
2025-08-17,SEA,538,0.29323
2025-08-18,SEA,542,0.25891
2025-08-19,SEA,501,0.2
2025-08-20,SEA,474,0.13136
2025-08-21,SEA,526,0.19694
2025-08-22,SEA,522,0.17433
2025-08-23,SEA,451,0.15743
2025-08-24,SEA,520,0.22351
2025-08-25,SEA,510,0.16832
2025-08-26,SEA,458,0.12061
2025-08-27,SEA,470,0.14255
2025-08-28,SEA,511,0.14683
2025-08-29,SEA,509,0.17289
2025-08-30,SEA,432,0.15366
2025-08-31,SEA,484,0.13361
2025-09-01,SEA,506,0.13718
2025-09-02,SEA,456,0.17105
2025-09-03,SEA,459,0.12664
2025-09-04,SEA,496,0.15556
2025-09-05,SEA,494,0.17276
2025-09-06,SEA,435,0.15972
2025-09-07,SEA,500,0.1523
2025-09-08,SEA,503,0.11976
2025-09-09,SEA,454,0.21239
2025-09-10,SEA,465,0.14471
2025-09-11,SEA,516,0.30545
2025-09-12,SEA,513,0.20629
2025-09-13,SEA,444,0.11111
2025-09-14,SEA,510,0.19094
2025-09-15,SEA,512,0.1409
2025-09-16,SEA,462,0.13636
2025-09-17,SEA,470,0.11472
2025-09-18,SEA,515,0.24658
2025-09-19,SEA,511,0.17063
2025-09-20,SEA,446,0.09234
2025-09-21,SEA,510,0.25591
2025-09-22,SEA,512,0.182
2025-09-23,SEA,459,0.10503
2025-09-24,SEA,469,0.12154
2025-09-25,SEA,509,0.21302
2025-09-26,SEA,509,0.21255
2025-09-27,SEA,443,0.13318
2025-09-28,SEA,506,0.18614
2025-09-29,SEA,509,0.2126
2025-09-30,SEA,459,0.18996
2025-10-01,SEA,466,0.13578
2025-10-02,SEA,503,0.164
2025-10-03,SEA,496,0.29697
2025-10-04,SEA,409,0.14005
2025-10-05,SEA,465,0.1645
2025-10-06,SEA,473,0.12076
2025-10-07,SEA,430,0.1093
2025-10-08,SEA,434,0.1129
2025-10-09,SEA,470,0.19362
2025-10-10,SEA,467,0.2129
2025-10-11,SEA,405,0.17164
2025-10-12,SEA,467,0.28322
2025-10-13,SEA,473,0.23932
2025-10-14,SEA,430,0.13115
2025-10-15,SEA,434,0.10599
2025-10-16,SEA,469,0.13006
2025-10-17,SEA,470,0.10213
2025-10-18,SEA,403,0.1275
2025-10-19,SEA,469,0.17634
2025-10-20,SEA,472,0.13462
2025-10-21,SEA,431,0.09049
2025-10-22,SEA,433,0.14583
2025-10-23,SEA,471,0.23399
2025-10-24,SEA,472,0.41355
2025-10-25,SEA,408,0.20844
2025-10-26,SEA,450,0.21253
2025-10-27,SEA,455,0.12695
2025-10-28,SEA,406,0.12159
2025-10-29,SEA,408,0.15062
2025-10-30,SEA,443,0.18014
2025-10-31,SEA,377,0.14362
2025-11-01,SEA,364,0.17403
2025-11-02,SEA,432,0.18837
2025-11-03,SEA,437,0.13761
2025-11-04,SEA,401,0.1425
2025-11-05,SEA,403,0.20896
2025-11-06,SEA,436,0.1977
2025-11-07,SEA,434,0.18203
2025-11-08,SEA,372,0.16807
2025-11-09,SEA,438,0.21182
2025-11-10,SEA,446,0.22542
2025-11-11,SEA,405,0.05774
2025-11-12,SEA,405,0.09845
2025-11-13,SEA,443,0.16827
2025-11-14,SEA,440,0.18913
2025-11-15,SEA,371,0.0854
2025-11-16,SEA,435,0.25404
2025-11-17,SEA,444,0.51927
2025-11-18,SEA,405,0.13366
2025-11-19,SEA,407,0.07371
2025-11-20,SEA,436,0.20794
2025-11-21,SEA,457,0.21622
2025-11-22,SEA,425,0.1138
2025-11-23,SEA,453,0.15862
2025-11-24,SEA,453,0.23333
2025-11-25,SEA,456,0.18792
2025-11-26,SEA,452,0.19734
2025-11-27,SEA,246,0.06504
2025-11-28,SEA,413,0.08293
2025-11-29,SEA,445,0.19818
2025-11-30,SEA,462,0.23956
2025-12-01,SEA,450,0.21477
2025-12-02,SEA,398,0.13889
2025-12-03,SEA,396,0.11392
2025-12-04,SEA,433,0.2634
2025-12-05,SEA,436,0.3007
2025-12-06,SEA,378,0.13867
2025-12-07,SEA,428,0.20665
2025-12-08,SEA,433,0.20706
2025-12-09,SEA,393,0.10433
2025-12-10,SEA,395,0.27157
2025-12-11,SEA,431,0.1958
2025-12-12,SEA,437,0.30805
2025-12-13,SEA,377,0.21658
2025-12-14,SEA,430,0.25
2025-12-15,SEA,433,0.29343
2025-12-16,SEA,393,0.19182
2025-12-17,SEA,395,0.14796
2025-12-18,SEA,454,0.37444
2025-12-19,SEA,456,0.40268
2025-12-20,SEA,425,0.36562
2025-12-21,SEA,442,0.38161
2025-12-22,SEA,450,0.25835
2025-12-23,SEA,447,0.30269
2025-12-24,SEA,373,0.33423
2025-12-25,SEA,379,0.18037
2025-12-26,SEA,442,0.30303
2025-12-27,SEA,416,0.28501
2025-12-28,SEA,433,0.36493
2025-12-29,SEA,450,0.2585
2025-12-30,SEA,448,0.18427
2025-12-31,SEA,372,0.44475
2026-01-01,SEA,384,0.21842
2026-01-02,SEA,449,0.25336
2026-01-03,SEA,427,0.37346
2026-01-04,SEA,445,0.37442
2026-01-05,SEA,443,0.29452
2026-01-06,SEA,409,0.27047
2026-01-07,SEA,362,0.18994
2026-01-08,SEA,397,0.23929
2026-01-09,SEA,391,0.14286
2026-01-10,SEA,329,0.14329
2026-01-11,SEA,393,0.12371
2026-01-12,SEA,393,0.1509
2026-01-13,SEA,353,0.05444
2026-01-14,SEA,359,0.1345
2026-01-15,SEA,398,0.39075
2026-01-16,SEA,396,0.17179
2026-01-17,SEA,326,0.11801
2026-01-18,SEA,376,0.09642
2026-01-19,SEA,405,0.22589
2026-01-20,SEA,355,0.15581
2026-01-21,SEA,363,0.09392
2026-01-22,SEA,404,0.08685
2026-01-23,SEA,395,0.09302
2026-01-24,SEA,327,0.06169
2026-01-25,SEA,401,0.18391
2026-01-26,SEA,400,0.19733
2026-01-27,SEA,356,0.16715
2026-01-28,SEA,363,0.12429
2026-01-29,SEA,403,0.134
2026-01-30,SEA,397,0.19182
2026-01-31,SEA,328,0.09375
2026-02-01,SEA,401,0.17588
2026-02-02,SEA,401,0.19647
2026-02-03,SEA,358,0.11017
2026-02-04,SEA,363,0.0663
2026-02-05,SEA,404,0.15578
2026-02-06,SEA,408,0.14778
2026-02-07,SEA,335,0.18318
2026-02-08,SEA,385,0.11257
2026-02-09,SEA,408,0.18428
2026-02-10,SEA,366,0.10137
2026-02-11,SEA,368,0.10627
2026-02-12,SEA,420,0.13909
2026-02-13,SEA,417,0.20624
2026-02-14,SEA,366,0.18333
2026-02-15,SEA,397,0.19948
2026-02-16,SEA,418,0.24279
2026-02-17,SEA,385,0.22917
2026-02-18,SEA,389,0.1906
2026-02-19,SEA,420,0.14354
2026-02-20,SEA,417,0.12895
2026-02-21,SEA,366,0.17452
2026-02-22,SEA,415,0.26329
2026-02-23,SEA,417,0.14713
2026-02-24,SEA,384,0.11842
2026-02-25,SEA,388,0.1292
2026-02-26,SEA,421,0.14489
2026-02-27,SEA,417,0.08696
2026-02-28,SEA,366,0.07945
2026-03-01,SEA,415,0.16223
2026-03-02,SEA,419,0.14183
2026-03-03,SEA,385,0.1013
2026-03-04,SEA,390,0.07474
2026-03-05,SEA,428,0.12646
2026-03-06,SEA,425,0.26667
2026-03-07,SEA,368,0.20225
2026-03-08,SEA,425,0.18246
2026-03-09,SEA,432,0.11888
2026-03-10,SEA,406,0.09975
2026-03-11,SEA,412,0.26716
2026-03-12,SEA,434,0.20833
2026-03-13,SEA,429,0.88933
2026-03-14,SEA,376,0.34181
2026-03-15,SEA,424,0.30597
2026-03-16,SEA,429,0.25806
2026-03-17,SEA,404,0.18546
2026-03-18,SEA,411,0.16137
2026-03-19,SEA,436,0.18851
2026-03-20,SEA,435,0.2194
2026-03-21,SEA,372,0.21253
2026-03-22,SEA,425,0.17967
2026-03-23,SEA,433,0.17321
2026-03-24,SEA,405,0.19154
2026-03-25,SEA,409,0.12255
2026-03-26,SEA,435,0.125
2026-03-27,SEA,433,0.12993
2026-03-28,SEA,372,0.13172
2026-03-29,SEA,424,0.27163
2026-03-30,SEA,435,0.24654
2026-03-31,SEA,404,0.13682
2026-04-01,SEA,408,0.21814
2026-04-02,SEA,436,0.19444
2026-04-03,SEA,434,0.15313
2026-04-04,SEA,376,0.112
2026-04-05,SEA,426,0.12941
2026-04-06,SEA,437,0.13303
2026-04-07,SEA,408,0.08333
2026-04-08,SEA,413,0.09443
2026-04-09,SEA,444,0.16553
2026-04-10,SEA,441,0.23516
2026-04-11,SEA,384,0.10938
2026-04-12,SEA,435,0.16129
2026-04-13,SEA,447,0.1573
2026-04-14,SEA,416,0.12591
2026-04-15,SEA,420,0.16945
2026-04-16,SEA,448,0.2287
2026-04-17,SEA,447,0.17568
2026-04-18,SEA,387,0.09351
2026-04-19,SEA,442,0.1448
2026-04-20,SEA,446,0.13708
2026-04-21,SEA,415,0.11325
2026-04-22,SEA,428,0.12412
2026-04-23,SEA,454,0.19604
2026-04-24,SEA,455,0.13187
2026-04-25,SEA,400,0.06767
2026-04-26,SEA,449,0.1535
2026-04-27,SEA,452,0.14732
2026-04-28,SEA,424,0.09198
2026-04-29,SEA,432,0.1093
2026-04-30,SEA,460,0.14161
2026-05-01,SEA,457,0.14537
2026-05-02,SEA,406,0.09926
2026-05-03,SEA,453,0.19647
2026-05-04,SEA,457,0.14286
2026-05-05,SEA,426,0.06604
2026-05-06,SEA,430,0.11944
2026-05-07,SEA,465,0.16304
2026-05-08,SEA,465,0.1056
2026-05-09,SEA,420,0.09569
2026-05-10,SEA,462,0.13043
2026-05-11,SEA,464,0.12959
2026-05-12,SEA,439,0.13501
2026-05-13,SEA,476,0.19409
2026-05-14,SEA,490,0.25773
2026-05-15,SEA,492,0.24174
2026-05-16,SEA,454,0.2049
2026-05-17,SEA,491,0.25615
2026-05-18,SEA,489,0.18852
2026-05-19,SEA,470,0.19037
2026-05-20,SEA,479,0.22718
2026-05-21,SEA,498,0.21212
2026-05-22,SEA,504,0.18924
2026-05-23,SEA,459,0.16157
2026-05-24,SEA,481,0.13163
2026-05-25,SEA,499,0.19348
2026-05-26,SEA,482,0.21667
2026-05-27,SEA,487,0.1567
2026-05-28,SEA,501,0.26358
2026-05-29,SEA,504,0.31349
2026-05-30,SEA,464,0.18182
2026-05-31,SEA,500,0.14429
2026-06-01,SEA,501,0.16367
2026-06-02,SEA,479,0.10148
2026-06-03,SEA,487,0.14168
2026-06-04,SEA,513,0.15205
2026-06-05,SEA,517,0.18835
2026-06-06,SEA,480,0.15933
2026-06-07,SEA,514,0.21584
2026-06-08,SEA,516,0.24172
2026-06-09,SEA,497,0.25202
2026-06-10,SEA,512,0.22266
2026-06-11,SEA,532,0.28352
2026-06-12,SEA,531,0.23314
2026-06-13,SEA,494,0.20732
2026-06-14,SEA,528,0.30857
2026-06-15,SEA,530,0.25905
2026-06-16,SEA,512,0.14286
2026-06-17,SEA,511,0.21654
2026-06-18,SEA,533,0.3428
2026-06-19,SEA,532,0.30916
2026-06-20,SEA,497,0.16227
2026-06-21,SEA,525,0.31418
2026-06-22,SEA,527,0.27027
2026-06-23,SEA,511,0.2874
2026-06-24,SEA,511,0.17647
2026-06-25,SEA,527,0.24144
2026-06-26,SEA,528,0.20114
2026-06-27,SEA,492,0.19756
2026-06-28,SEA,524,0.18199
2026-06-29,SEA,527,0.16031
2026-06-30,SEA,514,0.19336
2026-07-01,SEA,513,0.18359
2026-07-02,SEA,527,0.25144
2026-07-03,SEA,523,0.20736
2026-07-04,SEA,419,0.13527
2026-07-05,SEA,526,0.36293
2026-07-06,SEA,537,0.26266
2026-07-07,SEA,524,0.23654
2026-07-08,SEA,519,0.2089
2026-07-09,SEA,535,0.24
2026-07-10,SEA,531,0.21797
2026-07-11,SEA,498,0.18384
2026-07-12,SEA,532,0.31429
2026-07-13,SEA,535,0.30132
2026-07-14,SEA,522,0.29344
2026-07-15,SEA,519,0.24419
2026-07-16,SEA,538,0.75797
2026-07-17,SEA,536,0.32453
2026-07-18,SEA,498,0.25364
2026-07-19,SEA,540,0.27977
2026-07-20,SEA,538,0.27307
2026-07-21,SEA,522,0.28656
2026-07-22,SEA,519,0.31518
2026-07-23,SEA,538,0.31903
2026-07-24,SEA,536,0.28224
2026-07-25,SEA,497,0.23992
2026-07-26,SEA,539,0.25047
2026-07-27,SEA,538,0.27083
2026-07-28,SEA,522,0.27038
2026-07-29,SEA,519,0.24612
2026-07-30,SEA,538,0.36535
2026-07-31,SEA,536,0.30989
