year_month,carrier,carrier_name,scheduled_flights,completed_flights,on_time_pct,avg_arr_delay_min,cancellation_rate_pct,diversion_rate_pct,carrier_delay_min,weather_delay_min,nas_delay_min,security_delay_min,late_aircraft_delay_min
2025-10,B6,JetBlue Airways,18401,18144,74.55,8.82,1.049,0.348,79945.0,4359.0,124236.0,182.0,120061.0
2025-10,OH,PSA Airlines Inc.,20423,20297,80.96,4.02,0.455,0.162,84273.0,8728.0,44713.0,340.0,139781.0
2025-10,UA,United Air Lines Inc.,71415,71122,80.4,3.79,0.267,0.143,208211.0,13043.0,325440.0,1.0,250915.0
2025-12,G4,Allegiant Air,11516,11372,69.02,18.22,0.799,0.452,74437.0,34939.0,52296.0,853.0,124693.0
2025-12,B6,JetBlue Airways,20560,19947,63.85,21.92,2.782,0.199,166259.0,15109.0,118027.0,1325.0,248367.0
2025-12,AA,American Airlines Inc.,79859,79315,73.61,13.09,0.492,0.189,560450.0,63844.0,212207.0,2532.0,790462.0
2026-01,AA,American Airlines Inc.,76772,69740,76.03,13.81,8.928,0.232,614161.0,167358.0,187029.0,3243.0,604627.0
2026-02,NK,Spirit Air Lines,11512,10579,68.32,15.44,8.0,0.104,89323.0,2631.0,67934.0,422.0,83056.0
2026-03,F9,Frontier Airlines Inc.,20119,19428,70.23,17.49,3.201,0.234,132860.0,17548.0,110356.0,0.0,252240.0
2026-03,MQ,Envoy Air,26721,25792,80.1,5.44,3.05,0.427,73321.0,52755.0,95824.0,571.0,163738.0
2026-04,F9,Frontier Airlines Inc.,18540,18268,74.23,11.26,1.321,0.146,95531.0,6300.0,64753.0,0.0,205692.0
2026-04,AA,American Airlines Inc.,84538,83534,77.74,7.61,0.891,0.297,490402.0,58251.0,197643.0,1723.0,671617.0
2026-05,OH,PSA Airlines Inc.,20854,20383,76.69,8.72,1.928,0.331,112082.0,33790.0,64906.0,708.0,170402.0
2026-07,OO,SkyWest Airlines Inc.,77072,75556,76.1,12.6,1.548,0.419,686594.0,194204.0,294580.0,1357.0,372465.0
2026-07,WN,Southwest Airlines Co.,124994,122864,69.18,13.29,1.135,0.569,606008.0,70251.0,347032.0,6708.0,1097517.0
2025-10,MQ,Envoy Air,27348,27169,81.58,3.43,0.497,0.157,52610.0,21519.0,73920.0,432.0,131578.0
2025-11,AS,Alaska Airlines Inc.,19752,19422,81.19,0.35,1.306,0.365,46078.0,6150.0,65228.0,468.0,63689.0
2026-01,F9,Frontier Airlines Inc.,15382,14817,72.03,13.57,3.556,0.117,106742.0,9499.0,62204.0,0.0,163518.0
2026-04,NK,Spirit Air Lines,10469,10096,65.35,19.12,3.362,0.201,79118.0,3246.0,88077.0,419.0,70900.0
2026-06,UA,United Air Lines Inc.,72791,72045,74.7,11.68,0.621,0.404,317808.0,59457.0,490164.0,80.0,507176.0
2026-07,MQ,Envoy Air,29780,29270,81.22,4.34,1.481,0.232,104823.0,53512.0,85793.0,488.0,180784.0
2026-07,OH,PSA Airlines Inc.,21472,19973,63.52,31.73,6.599,0.382,231847.0,83887.0,100600.0,707.0,364652.0
2026-07,B6,JetBlue Airways,23312,20882,62.23,27.61,9.776,0.648,213813.0,23456.0,153170.0,897.0,320036.0
2025-08,OH,PSA Airlines Inc.,20427,19849,76.04,13.68,2.595,0.235,129756.0,31555.0,49476.0,1377.0,220213.0
2025-08,B6,JetBlue Airways,20204,19973,75.26,10.6,0.648,0.495,110282.0,13358.0,83198.0,628.0,182975.0
2025-09,YX,Republic Airline,28284,27845,83.27,1.07,1.389,0.163,68416.0,18367.0,122160.0,400.0,109532.0
2025-09,F9,Frontier Airlines Inc.,14896,14820,79.62,5.67,0.342,0.168,70731.0,10254.0,41601.0,0.0,114598.0
2025-09,AA,American Airlines Inc.,77306,76122,79.06,8.35,1.207,0.325,495380.0,81842.0,193450.0,1667.0,577881.0
2025-10,WN,Southwest Airlines Co.,121588,121092,77.37,6.5,0.253,0.155,380211.0,21289.0,231735.0,2910.0,713078.0
2025-12,MQ,Envoy Air,25437,24931,76.54,8.0,1.745,0.244,70151.0,39619.0,89234.0,375.0,179874.0
2025-12,HA,Hawaiian Airlines Inc.,6705,6647,72.0,14.65,0.686,0.179,62654.0,4544.0,2037.0,270.0,40613.0
2026-01,NK,Spirit Air Lines,11915,11047,71.87,10.4,7.193,0.092,72937.0,3639.0,62377.0,498.0,70963.0
2026-01,YX,Republic Airline,29572,27112,79.57,2.51,8.183,0.135,118262.0,21259.0,95150.0,184.0,137407.0
2026-01,UA,United Air Lines Inc.,63781,62176,82.04,2.02,2.375,0.141,226050.0,41005.0,219194.0,0.0,262567.0
2026-05,AS,Alaska Airlines Inc.,29184,28916,83.18,-0.58,0.733,0.185,77827.0,9709.0,57722.0,795.0,85185.0
2026-06,MQ,Envoy Air,29207,28100,78.74,6.95,3.4,0.39,96637.0,70207.0,91752.0,824.0,204063.0
2026-06,AS,Alaska Airlines Inc.,29891,29653,80.65,2.97,0.656,0.141,91813.0,7277.0,77764.0,1209.0,102739.0
2025-11,G4,Allegiant Air,9652,9540,76.98,9.93,0.808,0.352,39690.0,21018.0,39829.0,272.0,71427.0
2025-11,MQ,Envoy Air,24683,23420,82.16,2.7,4.914,0.203,48474.0,36673.0,86786.0,342.0,114259.0
2026-02,WN,Southwest Airlines Co.,100782,99578,81.73,1.38,1.009,0.186,277526.0,16073.0,166382.0,3255.0,414789.0
2026-04,YX,Republic Airline,31013,30616,81.78,0.6,1.074,0.206,78090.0,15532.0,115220.0,118.0,163104.0
2026-07,F9,Frontier Airlines Inc.,20482,19714,64.95,23.17,3.398,0.352,130969.0,23362.0,115825.0,0.0,327282.0
2026-07,G4,Allegiant Air,13314,13184,69.23,23.41,0.548,0.428,124347.0,44025.0,60880.0,1323.0,154897.0
2025-08,HA,Hawaiian Airlines Inc.,6946,6924,85.67,4.79,0.245,0.072,37600.0,109.0,524.0,301.0,12084.0
2025-08,MQ,Envoy Air,26564,26066,78.82,7.02,1.498,0.376,54208.0,51615.0,77484.0,506.0,166598.0
2025-08,NK,Spirit Air Lines,17155,16999,77.56,7.97,0.542,0.367,65263.0,15901.0,121159.0,931.0,79394.0
2025-10,OO,SkyWest Airlines Inc.,71927,71631,82.77,3.72,0.203,0.209,501368.0,86833.0,134444.0,863.0,159320.0
2025-11,OO,SkyWest Airlines Inc.,68346,65221,82.03,5.44,4.337,0.236,430790.0,148776.0,253402.0,352.0,152218.0
2025-11,WN,Southwest Airlines Co.,113935,111817,79.84,4.53,1.729,0.13,313766.0,16540.0,284959.0,3690.0,657321.0
2025-11,YX,Republic Airline,29356,27742,76.53,7.77,5.341,0.157,95861.0,15260.0,181998.0,202.0,185081.0
2025-12,NK,Spirit Air Lines,11800,11344,66.32,19.38,3.729,0.136,91619.0,4771.0,106157.0,1306.0,93646.0
2026-01,AS,Alaska Airlines Inc.,26436,25799,78.96,4.34,2.016,0.393,113001.0,17412.0,48375.0,1172.0,122750.0
2026-01,B6,JetBlue Airways,18109,16875,68.36,16.09,6.632,0.182,114242.0,15969.0,94549.0,874.0,179126.0
2026-02,UA,United Air Lines Inc.,59806,58740,84.2,-0.13,1.609,0.174,173819.0,24416.0,194101.0,139.0,207221.0
2026-03,DL,Delta Air Lines Inc.,86890,83519,79.9,5.63,3.559,0.321,555928.0,64140.0,295954.0,616.0,341691.0
2026-03,G4,Allegiant Air,12522,12269,72.3,19.12,1.589,0.431,83108.0,39112.0,80316.0,1201.0,122969.0
2026-04,DL,Delta Air Lines Inc.,87115,86220,84.98,-0.11,0.838,0.189,388482.0,20147.0,168455.0,512.0,242783.0
2026-05,DL,Delta Air Lines Inc.,91955,90575,82.23,2.75,1.244,0.257,474260.0,33675.0,238054.0,1227.0,291697.0
2026-05,F9,Frontier Airlines Inc.,18423,18289,76.66,8.23,0.516,0.212,77033.0,7718.0,71444.0,0.0,172306.0
2026-05,G4,Allegiant Air,10570,10533,72.94,17.44,0.151,0.199,89524.0,21641.0,44603.0,782.0,94141.0
2026-05,NK,Spirit Air Lines,354,304,68.42,16.91,14.124,0.0,993.0,35.0,2736.0,50.0,2786.0
2026-06,YX,Republic Airline,30928,29730,81.38,3.33,3.573,0.301,100154.0,37126.0,148222.0,621.0,162126.0
2026-07,UA,United Air Lines Inc.,74440,72446,73.43,14.8,1.955,0.724,413144.0,90437.0,518722.0,53.0,580668.0
2025-09,OH,PSA Airlines Inc.,19218,19023,83.74,1.58,0.786,0.229,81686.0,13583.0,35744.0,366.0,122703.0
2025-10,AA,American Airlines Inc.,85483,84760,76.78,10.12,0.65,0.195,519047.0,46644.0,234298.0,1913.0,744072.0
2025-11,B6,JetBlue Airways,19818,19177,75.09,11.01,2.962,0.272,106529.0,1757.0,98329.0,402.0,165634.0
2025-11,DL,Delta Air Lines Inc.,84475,82872,82.41,3.06,1.703,0.194,445090.0,30651.0,283899.0,1156.0,320539.0
2025-12,WN,Southwest Airlines Co.,118074,117213,75.39,7.78,0.553,0.176,432083.0,19226.0,250474.0,6462.0,816606.0
2025-12,F9,Frontier Airlines Inc.,16724,16231,68.62,19.01,2.774,0.173,129257.0,7279.0,70423.0,0.0,233948.0
2026-01,G4,Allegiant Air,8963,8716,75.95,10.17,2.432,0.324,56617.0,24009.0,30932.0,601.0,70577.0
2026-03,WN,Southwest Airlines Co.,122295,120102,74.36,8.43,1.563,0.231,506978.0,35850.0,309297.0,10233.0,888337.0
2026-04,OO,SkyWest Airlines Inc.,73115,71589,79.81,8.08,1.83,0.257,556889.0,150147.0,211537.0,930.0,308266.0
2025-08,UA,United Air Lines Inc.,68946,67885,76.48,10.05,1.144,0.395,344206.0,60269.0,326522.0,136.0,444799.0
2025-08,DL,Delta Air Lines Inc.,90313,89322,82.97,2.79,0.761,0.337,513058.0,57830.0,194528.0,511.0,322743.0
2025-10,YX,Republic Airline,30376,29792,76.22,7.57,1.784,0.138,80815.0,11159.0,181058.0,231.0,173654.0
2026-03,YX,Republic Airline,31734,29791,72.96,11.85,5.808,0.315,154257.0,24552.0,183929.0,1357.0,233618.0
2026-04,WN,Southwest Airlines Co.,117813,117330,77.62,4.75,0.262,0.148,362549.0,21308.0,222640.0,2672.0,602148.0
2026-06,F9,Frontier Airlines Inc.,19104,18662,71.32,15.29,2.0,0.314,105388.0,18394.0,91840.0,0.0,233696.0
2025-09,G4,Allegiant Air,6925,6914,82.98,3.52,0.014,0.144,30961.0,11838.0,14404.0,275.0,33872.0
2025-09,HA,Hawaiian Airlines Inc.,6428,6412,88.41,2.43,0.171,0.078,27378.0,664.0,322.0,191.0,11414.0
2025-11,HA,Hawaiian Airlines Inc.,6426,6294,81.57,7.11,1.945,0.109,37896.0,1641.0,471.0,284.0,17137.0
2025-12,YX,Republic Airline,30203,29197,69.32,15.76,3.152,0.179,143384.0,41266.0,182369.0,519.0,312140.0
2026-03,NK,Spirit Air Lines,12952,11575,54.19,32.36,10.384,0.247,133621.0,4964.0,149308.0,1152.0,138176.0
2026-03,OO,SkyWest Airlines Inc.,73390,70547,77.8,12.81,3.578,0.296,782461.0,197613.0,244410.0,661.0,346910.0
2025-08,WN,Southwest Airlines Co.,114519,113679,78.56,6.46,0.38,0.354,346959.0,56245.0,267459.0,2946.0,674995.0
2025-08,YX,Republic Airline,29958,29384,83.37,1.11,1.742,0.174,99901.0,26967.0,102435.0,113.0,117965.0
2025-08,AA,American Airlines Inc.,83024,80997,69.46,20.45,1.931,0.511,675438.0,140605.0,280011.0,2722.0,1074559.0
2025-08,F9,Frontier Airlines Inc.,16697,16396,70.55,15.47,1.611,0.192,107928.0,12456.0,73909.0,0.0,195434.0
2025-08,G4,Allegiant Air,10499,10461,75.98,15.79,0.067,0.295,92914.0,35863.0,31047.0,668.0,90932.0
2025-09,DL,Delta Air Lines Inc.,84875,84630,87.62,-1.86,0.1,0.189,335946.0,18945.0,152467.0,665.0,199290.0
2025-09,WN,Southwest Airlines Co.,110361,109889,82.95,2.59,0.24,0.188,258031.0,27109.0,205670.0,2339.0,460534.0
2025-10,DL,Delta Air Lines Inc.,90097,89610,84.03,2.06,0.365,0.175,428231.0,16887.0,211795.0,846.0,299039.0
2026-02,OO,SkyWest Airlines Inc.,62073,61144,78.21,10.1,1.178,0.319,662234.0,171682.0,168357.0,3228.0,236162.0
2026-04,G4,Allegiant Air,10318,10288,75.81,10.39,0.136,0.155,60426.0,12086.0,36302.0,144.0,72711.0
2026-04,MQ,Envoy Air,27127,26502,81.3,3.35,2.053,0.251,64024.0,43627.0,81796.0,276.0,164709.0
2026-04,B6,JetBlue Airways,20650,20572,75.87,7.02,0.102,0.276,73298.0,2411.0,85712.0,636.0,138877.0
2025-09,MQ,Envoy Air,25170,24914,84.08,1.59,0.763,0.254,46113.0,28361.0,62816.0,31.0,108637.0
2025-10,AS,Alaska Airlines Inc.,20637,20157,80.09,2.93,2.059,0.267,78075.0,5664.0,62126.0,616.0,78086.0
2025-10,F9,Frontier Airlines Inc.,16935,16838,77.73,9.34,0.466,0.106,83993.0,7772.0,59322.0,0.0,162645.0
2025-10,G4,Allegiant Air,10470,10438,77.89,8.99,0.048,0.258,57875.0,13155.0,28522.0,207.0,75823.0
2025-10,HA,Hawaiian Airlines Inc.,6616,6562,81.67,8.84,0.68,0.136,50137.0,639.0,926.0,231.0,21082.0
2026-01,MQ,Envoy Air,24155,22926,79.8,4.98,4.885,0.203,61616.0,52589.0,70913.0,277.0,136573.0
2026-02,DL,Delta Air Lines Inc.,74200,72527,83.28,0.27,2.09,0.164,399466.0,34498.0,149772.0,828.0,210864.0
2026-02,G4,Allegiant Air,9087,9000,77.99,9.03,0.682,0.275,54922.0,25095.0,32178.0,148.0,59924.0
2026-02,MQ,Envoy Air,22728,22513,83.36,-0.02,0.788,0.158,55815.0,16308.0,51828.0,255.0,99489.0
2026-02,B6,JetBlue Airways,17871,16457,67.7,16.4,7.705,0.207,108792.0,10273.0,83057.0,321.0,185567.0
2026-05,YX,Republic Airline,32203,31676,84.41,-1.39,1.382,0.255,87990.0,20237.0,99630.0,379.0,120873.0
2025-09,NK,Spirit Air Lines,15058,14884,84.16,0.95,0.863,0.292,58244.0,6925.0,65566.0,211.0,55447.0
2025-11,NK,Spirit Air Lines,11793,11513,78.59,7.29,2.289,0.085,46469.0,2171.0,94852.0,539.0,46472.0
2025-11,AA,American Airlines Inc.,78826,77000,76.53,9.99,2.119,0.198,496137.0,51074.0,275124.0,2284.0,628350.0
2025-12,UA,United Air Lines Inc.,65865,65453,77.25,7.86,0.395,0.231,265817.0,40458.0,322747.0,0.0,400591.0
2025-12,OO,SkyWest Airlines Inc.,68814,67204,72.92,21.02,1.928,0.411,871661.0,333444.0,324146.0,1082.0,441531.0
2026-02,AS,Alaska Airlines Inc.,24013,23678,82.87,-0.38,1.183,0.212,83307.0,11376.0,34355.0,638.0,68479.0
2026-06,DL,Delta Air Lines Inc.,90247,88966,82.28,3.61,1.118,0.301,511540.0,48583.0,255453.0,926.0,327686.0
2026-06,B6,JetBlue Airways,20804,20399,75.06,10.28,1.519,0.428,97870.0,11552.0,109936.0,429.0,184979.0
2026-07,YX,Republic Airline,32082,28919,75.49,11.72,9.329,0.53,157168.0,56253.0,196545.0,190.0,222746.0
2026-07,AA,American Airlines Inc.,89200,86614,66.92,24.05,2.294,0.605,825996.0,146041.0,339854.0,3701.0,1403448.0
2025-09,AS,Alaska Airlines Inc.,20747,20567,83.62,-1.0,0.636,0.231,49301.0,5796.0,48281.0,1338.0,57884.0
2025-09,B6,JetBlue Airways,16215,16079,79.18,3.86,0.58,0.259,57462.0,7403.0,93611.0,461.0,73393.0
2025-12,DL,Delta Air Lines Inc.,85139,82618,74.47,11.27,2.75,0.211,686199.0,74001.0,311718.0,887.0,517160.0
2026-01,OO,SkyWest Airlines Inc.,66168,63708,76.91,13.17,3.313,0.405,710690.0,293909.0,188769.0,722.0,280900.0
2026-03,OH,PSA Airlines Inc.,20938,19279,71.26,21.0,7.441,0.482,180688.0,47084.0,65767.0,2244.0,286833.0
2026-03,AS,Alaska Airlines Inc.,27793,27160,78.13,4.82,1.867,0.41,118715.0,34024.0,66681.0,1198.0,126188.0
2026-06,OO,SkyWest Airlines Inc.,73673,72322,77.61,10.0,1.405,0.429,542453.0,181121.0,263868.0,624.0,333027.0
2025-11,UA,United Air Lines Inc.,66691,65615,79.31,7.64,1.489,0.124,235908.0,28429.0,416368.0,0.0,375898.0
2025-12,AS,Alaska Airlines Inc.,21102,20695,71.96,7.89,1.455,0.474,84029.0,11989.0,86322.0,1337.0,126436.0
2026-01,DL,Delta Air Lines Inc.,79198,75939,80.25,3.93,3.941,0.174,495843.0,61319.0,191834.0,1170.0,291718.0
2026-02,OH,PSA Airlines Inc.,17664,16780,72.99,15.23,4.812,0.192,126988.0,31376.0,45767.0,238.0,205468.0
2026-04,AS,Alaska Airlines Inc.,27222,27061,84.17,-1.23,0.426,0.165,85008.0,5247.0,41983.0,619.0,70729.0
2026-05,MQ,Envoy Air,28806,28212,83.13,1.78,1.791,0.271,69776.0,55518.0,69537.0,219.0,148916.0
2026-05,OO,SkyWest Airlines Inc.,75994,75144,80.14,7.72,0.851,0.267,535133.0,137931.0,235319.0,760.0,317891.0
2026-05,WN,Southwest Airlines Co.,120646,119852,72.36,9.51,0.393,0.265,514486.0,39256.0,281515.0,4239.0,885363.0
2026-06,WN,Southwest Airlines Co.,120933,119743,65.98,15.23,0.615,0.369,631040.0,60652.0,328471.0,5174.0,1213117.0
2026-06,AA,American Airlines Inc.,86464,83677,69.92,20.1,2.638,0.585,707818.0,168646.0,312005.0,2318.0,1128604.0
2025-08,OO,SkyWest Airlines Inc.,74150,73108,79.18,9.49,1.018,0.387,589077.0,175368.0,207339.0,1395.0,259054.0
2025-09,UA,United Air Lines Inc.,67550,67231,83.02,2.26,0.261,0.212,183562.0,26178.0,239013.0,0.0,267731.0
2025-10,NK,Spirit Air Lines,14128,13958,80.46,4.77,1.104,0.099,58315.0,2224.0,82842.0,535.0,44459.0
2025-12,OH,PSA Airlines Inc.,20505,19757,64.39,28.23,3.458,0.19,189986.0,40102.0,66542.0,796.0,390368.0
2026-02,F9,Frontier Airlines Inc.,15056,14826,78.42,6.59,1.421,0.106,76348.0,5085.0,47297.0,0.0,126113.0
2026-03,UA,United Air Lines Inc.,70757,69418,79.13,7.68,1.492,0.4,296193.0,54167.0,414231.0,118.0,436463.0
2026-04,OH,PSA Airlines Inc.,20547,20225,76.89,10.94,1.256,0.311,131818.0,23844.0,47041.0,445.0,232326.0
2026-04,UA,United Air Lines Inc.,69451,68905,82.56,1.77,0.54,0.246,191484.0,32597.0,310338.0,317.0,266264.0
2026-05,UA,United Air Lines Inc.,74200,73698,80.01,4.26,0.385,0.291,237329.0,37748.0,331868.0,272.0,367325.0
2026-07,DL,Delta Air Lines Inc.,94140,91298,74.1,12.71,2.402,0.617,738179.0,87771.0,433616.0,1118.0,574314.0
2025-08,AS,Alaska Airlines Inc.,22976,22690,72.82,8.2,1.075,0.17,87769.0,7911.0,72272.0,1699.0,135126.0
2025-09,OO,SkyWest Airlines Inc.,69406,68999,84.71,1.45,0.392,0.195,372078.0,88572.0,131450.0,1075.0,134860.0
2025-11,OH,PSA Airlines Inc.,19746,18971,75.08,13.2,3.646,0.279,108675.0,20260.0,69764.0,1183.0,229654.0
2026-01,OH,PSA Airlines Inc.,19550,17247,75.73,14.03,11.596,0.184,108154.0,55104.0,50528.0,237.0,205094.0
2026-01,WN,Southwest Airlines Co.,103998,101120,84.76,-1.22,2.625,0.142,232863.0,13837.0,163954.0,2501.0,316199.0
2026-02,YX,Republic Airline,27458,25511,79.88,1.84,6.901,0.189,68536.0,17670.0,88553.0,185.0,134326.0
2026-02,AA,American Airlines Inc.,72786,71063,78.87,6.58,2.145,0.223,449497.0,44289.0,142567.0,1461.0,523935.0
2026-03,AA,American Airlines Inc.,84647,82550,74.68,12.71,2.039,0.438,638315.0,86857.0,241250.0,4682.0,863766.0
2026-05,AA,American Airlines Inc.,88740,87049,76.53,10.66,1.492,0.414,556350.0,119637.0,231956.0,2010.0,779682.0
2026-06,G4,Allegiant Air,12663,12551,68.79,25.17,0.545,0.34,132972.0,38874.0,57776.0,624.0,152789.0
2025-11,F9,Frontier Airlines Inc.,17047,16691,75.9,10.91,1.994,0.094,80182.0,4499.0,83898.0,0.0,180663.0
2026-03,B6,JetBlue Airways,21340,20825,70.0,14.64,2.024,0.389,121867.0,10763.0,105684.0,2259.0,223893.0
2026-05,B6,JetBlue Airways,19806,19715,81.38,2.23,0.212,0.247,61330.0,5996.0,65360.0,279.0,99901.0
2026-06,OH,PSA Airlines Inc.,20871,19346,72.39,19.03,6.885,0.422,161219.0,64709.0,81145.0,720.0,234074.0
2026-07,AS,Alaska Airlines Inc.,31682,31318,76.8,6.64,0.811,0.338,119263.0,15409.0,92833.0,1088.0,146719.0
