dep_hour,day_of_week,scheduled_flights,arr_delay_rate_pct,avg_arr_delay_min,cancellation_rate_pct
0,1,1700,20.46,5.32,2.471
0,2,1467,18.56,4.11,1.909
0,3,1208,12.0,-4.71,1.159
0,4,1327,12.02,-5.43,0.754
0,5,1629,17.25,2.03,1.719
0,6,1634,19.49,4.28,1.408
0,7,1410,15.8,1.18,2.624
1,1,510,19.14,4.47,4.51
1,2,491,20.42,4.14,2.24
1,3,461,15.45,3.21,1.735
1,4,476,15.14,-0.39,1.05
1,5,510,19.0,3.38,1.765
1,6,506,20.37,4.8,2.569
1,7,489,20.0,5.38,4.499
2,1,190,25.14,6.37,5.263
2,2,172,21.89,2.54,1.744
2,3,171,15.38,-5.07,1.17
2,4,177,11.86,-0.56,0.0
2,5,190,23.16,6.19,0.0
2,6,181,22.78,6.8,0.552
2,7,191,22.46,-0.11,2.094
3,1,104,23.0,5.8,3.846
3,2,88,29.55,27.97,0.0
3,3,72,16.67,-3.75,0.0
3,4,94,14.13,-6.29,2.128
3,5,105,19.8,15.88,3.81
3,6,104,15.15,-3.02,4.808
3,7,103,20.59,7.58,0.971
4,1,25,20.83,6.33,4.0
4,2,24,16.67,-1.21,0.0
4,3,23,26.09,7.26,0.0
4,4,19,26.32,13.79,0.0
4,5,26,12.0,4.2,3.846
4,6,27,7.69,-0.69,3.704
4,7,26,16.67,0.58,7.692
5,1,30037,9.51,-1.31,2.617
5,2,23160,7.82,-4.11,1.511
5,3,22792,7.32,-5.72,0.948
5,4,29271,6.96,-5.32,0.618
5,5,30739,7.49,-4.29,1.2
5,6,26653,9.51,-1.92,1.737
5,7,28975,9.44,-2.27,2.181
6,1,72900,11.07,-0.51,3.215
6,2,66229,9.18,-3.57,2.063
6,3,65756,8.37,-4.81,1.2
6,4,71911,8.7,-3.53,0.754
6,5,74359,9.43,-2.59,1.252
6,6,63451,10.95,-1.4,1.872
6,7,68759,11.31,-0.75,2.624
7,1,77400,13.98,0.99,2.563
7,2,70465,11.54,-2.49,1.622
7,3,70972,10.58,-3.54,0.914
7,4,76683,11.41,-2.09,0.578
7,5,78747,12.45,-0.56,1.027
7,6,71503,13.63,0.26,1.68
7,7,76403,14.07,1.13,2.385
8,1,71198,16.06,2.47,2.339
8,2,68702,13.39,-1.61,1.278
8,3,69212,12.33,-2.22,0.735
8,4,69869,13.67,-0.71,0.564
8,5,72093,14.56,0.71,1.074
8,6,66147,15.12,1.16,1.816
8,7,69783,15.91,2.3,2.387
9,1,59080,17.82,3.88,2.109
9,2,54023,14.29,-0.33,1.303
9,3,54340,13.51,-1.26,0.74
9,4,59107,15.62,1.13,0.612
9,5,60156,16.89,2.75,1.037
9,6,53397,17.3,2.89,1.627
9,7,58448,18.02,3.83,2.252
10,1,65600,19.45,5.66,2.262
10,2,62989,15.6,0.79,1.356
10,3,63304,15.0,-0.04,0.689
10,4,64704,17.72,3.16,0.648
10,5,66709,18.68,4.45,1.037
10,6,58705,18.72,4.33,1.962
10,7,64993,19.76,6.0,2.722
11,1,63686,21.61,7.64,2.208
11,2,59750,16.7,2.12,1.317
11,3,60492,16.71,1.52,0.66
11,4,63591,19.68,4.97,0.689
11,5,64651,20.84,6.41,1.03
11,6,57483,20.25,5.78,1.858
11,7,63878,22.12,8.04,2.376
12,1,62701,23.54,10.15,2.092
12,2,58728,18.1,3.33,1.359
12,3,58902,18.44,3.24,0.647
12,4,61661,21.54,6.86,0.806
12,5,63787,23.73,9.49,1.102
12,6,55586,21.65,7.27,1.997
12,7,61588,24.85,10.76,2.648
13,1,62137,25.19,11.33,2.02
13,2,58125,18.98,4.7,1.351
13,3,58800,19.34,4.28,0.677
13,4,61895,23.64,8.44,0.777
13,5,63270,25.4,11.26,1.095
13,6,55359,22.42,8.22,1.973
13,7,61793,26.98,13.1,2.398
14,1,58980,28.11,14.78,2.209
14,2,54998,21.75,6.91,1.475
14,3,55440,22.61,7.6,0.81
14,4,58451,26.51,11.27,0.968
14,5,60031,28.77,14.83,1.269
14,6,52613,24.46,10.17,2.309
14,7,58910,29.78,15.86,2.655
15,1,60567,29.5,16.11,2.444
15,2,55745,22.72,7.9,1.679
15,3,56286,23.6,8.42,0.899
15,4,59482,28.57,12.84,1.115
15,5,61458,29.89,15.31,1.516
15,6,53243,26.07,12.11,2.327
15,7,60431,32.39,17.84,2.911
16,1,60893,31.39,17.79,2.404
16,2,54777,24.71,9.85,1.574
16,3,54907,25.6,10.37,0.962
16,4,59701,31.16,15.31,1.216
16,5,61871,32.1,17.3,1.802
16,6,52697,27.66,13.06,2.448
16,7,60700,34.65,20.09,2.923
17,1,66669,31.52,18.13,2.899
17,2,61610,25.71,10.75,1.893
17,3,61579,26.64,12.0,1.213
17,4,65361,32.73,17.39,1.524
17,5,67831,32.86,18.47,2.096
17,6,58362,28.12,13.65,2.584
17,7,66100,35.93,22.21,3.442
18,1,62866,32.82,19.74,2.862
18,2,56422,26.21,10.69,1.925
18,3,57685,27.4,12.11,1.148
18,4,62058,34.14,17.99,1.644
18,5,63460,33.91,19.09,2.236
18,6,49382,29.46,14.82,2.809
18,7,63559,37.89,23.8,3.461
19,1,59641,33.12,19.08,2.979
19,2,49613,25.72,9.94,2.104
19,3,50169,27.34,11.63,1.417
19,4,58744,34.17,17.69,1.665
19,5,60996,33.6,18.73,2.303
19,6,44069,30.13,14.27,2.88
19,7,59861,39.29,24.8,3.816
20,1,47898,33.26,18.54,2.885
20,2,38009,25.3,9.28,2.076
20,3,38609,26.99,11.29,1.267
20,4,48506,34.21,17.88,1.62
20,5,49090,33.99,18.34,2.239
20,6,35369,29.71,13.35,2.663
20,7,51366,38.86,24.22,3.578
21,1,37432,30.3,16.82,2.784
21,2,29565,22.28,7.76,2.182
21,3,29315,24.33,9.55,1.327
21,4,35946,30.94,15.62,1.75
21,5,38760,30.9,17.38,2.577
21,6,28767,26.66,12.29,3.17
21,7,38509,36.23,22.13,4.181
22,1,24459,29.8,15.46,2.792
22,2,17128,19.96,5.84,2.236
22,3,17424,20.3,6.01,1.481
22,4,24709,28.84,12.78,1.979
22,5,25556,29.2,15.29,2.696
22,6,18297,25.79,10.91,3.394
22,7,28320,36.3,20.94,3.729
23,1,8582,20.33,6.02,1.515
23,2,7370,14.08,-2.42,1.072
23,3,7692,16.84,0.65,1.014
23,4,9019,20.65,4.67,1.386
23,5,9241,21.83,7.32,1.45
23,6,7830,18.19,3.09,2.146
23,7,9339,24.74,10.13,2.784
