flight_date,airport_code,forecast,target
2026-08-01,ATL,810.2974706170428,scheduled_departures
2026-08-02,ATL,947.893712410612,scheduled_departures
2026-08-03,ATL,951.9583710832261,scheduled_departures
2026-08-04,ATL,904.4100001131939,scheduled_departures
2026-08-05,ATL,907.7650847057781,scheduled_departures
2026-08-06,ATL,952.9199982835389,scheduled_departures
2026-08-07,ATL,952.1525376535534,scheduled_departures
2026-08-01,CLT,474.08962908712834,scheduled_departures
2026-08-02,CLT,524.64136519051,scheduled_departures
2026-08-03,CLT,526.5375103716625,scheduled_departures
2026-08-04,CLT,494.76872864667655,scheduled_departures
2026-08-05,CLT,503.2039704506533,scheduled_departures
2026-08-06,CLT,526.490446962282,scheduled_departures
2026-08-07,CLT,526.5003363234271,scheduled_departures
2026-08-01,DEN,876.737821392058,scheduled_departures
2026-08-02,DEN,971.97056177934,scheduled_departures
2026-08-03,DEN,996.4050114532047,scheduled_departures
2026-08-04,DEN,910.8332525225848,scheduled_departures
2026-08-05,DEN,951.4503722506748,scheduled_departures
2026-08-06,DEN,993.8256608986933,scheduled_departures
2026-08-07,DEN,994.7808029274163,scheduled_departures
2026-08-01,DFW,846.7482727810382,scheduled_departures
2026-08-02,DFW,957.9204021882674,scheduled_departures
2026-08-03,DFW,957.1192891210952,scheduled_departures
2026-08-04,DFW,903.0319467015972,scheduled_departures
2026-08-05,DFW,908.5601098750595,scheduled_departures
2026-08-06,DFW,954.7492169817436,scheduled_departures
2026-08-07,DFW,960.5498279277288,scheduled_departures
2026-08-01,LAS,390.8745060265801,scheduled_departures
2026-08-02,LAS,506.1632095927968,scheduled_departures
2026-08-03,LAS,503.1064900017089,scheduled_departures
2026-08-04,LAS,425.131020636284,scheduled_departures
2026-08-05,LAS,432.08308320330485,scheduled_departures
2026-08-06,LAS,502.7178373479324,scheduled_departures
2026-08-07,LAS,503.4849188803753,scheduled_departures
2026-08-01,LAX,513.2162549490617,scheduled_departures
2026-08-02,LAX,577.6745130302904,scheduled_departures
2026-08-03,LAX,582.5995373529586,scheduled_departures
2026-08-04,LAX,545.2259122129553,scheduled_departures
2026-08-05,LAX,550.8885210685364,scheduled_departures
2026-08-06,LAX,585.5235948020625,scheduled_departures
2026-08-07,LAX,584.5334841632075,scheduled_departures
2026-08-01,MCO,442.34525533382816,scheduled_departures
2026-08-02,MCO,444.89229583585006,scheduled_departures
2026-08-03,MCO,432.4457011039046,scheduled_departures
2026-08-04,MCO,412.01383419209196,scheduled_departures
2026-08-05,MCO,411.3655730594413,scheduled_departures
2026-08-06,MCO,430.3515024667646,scheduled_departures
2026-08-07,MCO,434.8294835575468,scheduled_departures
2026-08-01,ORD,1026.0688121891462,scheduled_departures
2026-08-02,ORD,1101.3303860183184,scheduled_departures
2026-08-03,ORD,1101.6011171335597,scheduled_departures
2026-08-04,ORD,1084.8124464024766,scheduled_departures
2026-08-05,ORD,1090.1675309950608,scheduled_departures
2026-08-06,ORD,1101.1794677900905,scheduled_departures
2026-08-07,ORD,1101.33756718596,scheduled_departures
2026-08-01,PHX,471.53740272570235,scheduled_departures
2026-08-02,PHX,528.3604309076138,scheduled_departures
2026-08-03,PHX,539.7892100854411,scheduled_departures
2026-08-04,PHX,511.79444770505063,scheduled_departures
2026-08-05,PHX,515.1495322976349,scheduled_departures
2026-08-06,PHX,537.9016362679699,scheduled_departures
2026-08-07,PHX,538.7049008094461,scheduled_departures
2026-08-01,SEA,498.891792940705,scheduled_departures
2026-08-02,SEA,541.9473404354225,scheduled_departures
2026-08-03,SEA,539.535609205159,scheduled_departures
2026-08-04,SEA,522.3090678985784,scheduled_departures
2026-08-05,SEA,519.6641524911627,scheduled_departures
2026-08-06,SEA,539.4885457957785,scheduled_departures
2026-08-07,SEA,537.8063115683395,scheduled_departures
2026-08-01,ATL,0.3189253010305309,arr_delay_rate
2026-08-02,ATL,0.22298573644986955,arr_delay_rate
2026-08-03,ATL,0.33574600376564867,arr_delay_rate
2026-08-04,ATL,0.284397233092443,arr_delay_rate
2026-08-05,ATL,0.23414402430044706,arr_delay_rate
2026-08-06,ATL,0.2909685370506225,arr_delay_rate
2026-08-07,ATL,0.3139614048122544,arr_delay_rate
2026-08-01,CLT,0.3420575048373661,arr_delay_rate
2026-08-02,CLT,0.2987034443461225,arr_delay_rate
2026-08-03,CLT,0.3347256106172773,arr_delay_rate
2026-08-04,CLT,0.2668801205550938,arr_delay_rate
2026-08-05,CLT,0.21304035088843215,arr_delay_rate
2026-08-06,CLT,0.2588271604631601,arr_delay_rate
2026-08-07,CLT,0.22626404883677648,arr_delay_rate
2026-08-01,DEN,0.26931038323266354,arr_delay_rate
2026-08-02,DEN,0.22910871653344317,arr_delay_rate
2026-08-03,DEN,0.25438081412462743,arr_delay_rate
2026-08-04,DEN,0.21924360490927336,arr_delay_rate
2026-08-05,DEN,0.21289199279631987,arr_delay_rate
2026-08-06,DEN,0.2528959256338017,arr_delay_rate
2026-08-07,DEN,0.26111241445646965,arr_delay_rate
2026-08-01,DFW,0.3016876935827962,arr_delay_rate
2026-08-02,DFW,0.23404551314943195,arr_delay_rate
2026-08-03,DFW,0.32615592353690404,arr_delay_rate
2026-08-04,DFW,0.28995723031471066,arr_delay_rate
2026-08-05,DFW,0.2890770169008051,arr_delay_rate
2026-08-06,DFW,0.3046908704399539,arr_delay_rate
2026-08-07,DFW,0.33500570667665963,arr_delay_rate
2026-08-01,LAS,0.30117570711811126,arr_delay_rate
2026-08-02,LAS,0.25722141856761815,arr_delay_rate
2026-08-03,LAS,0.25436737088543604,arr_delay_rate
2026-08-04,LAS,0.2344690691996477,arr_delay_rate
2026-08-05,LAS,0.23187127150572245,arr_delay_rate
2026-08-06,LAS,0.24568363596458148,arr_delay_rate
2026-08-07,LAS,0.2626505519917583,arr_delay_rate
2026-08-01,LAX,0.23437545071874102,arr_delay_rate
2026-08-02,LAX,0.21951071995830992,arr_delay_rate
2026-08-03,LAX,0.2359593504094405,arr_delay_rate
2026-08-04,LAX,0.2511753795735667,arr_delay_rate
2026-08-05,LAX,0.22670837282450879,arr_delay_rate
2026-08-06,LAX,0.20780846239877074,arr_delay_rate
2026-08-07,LAX,0.2344336665947102,arr_delay_rate
2026-08-01,MCO,0.29198316111093536,arr_delay_rate
2026-08-02,MCO,0.28232231338196123,arr_delay_rate
2026-08-03,MCO,0.31917256139851247,arr_delay_rate
2026-08-04,MCO,0.24066124911395614,arr_delay_rate
2026-08-05,MCO,0.26506239075274146,arr_delay_rate
2026-08-06,MCO,0.25699514862523554,arr_delay_rate
2026-08-07,MCO,0.2634572707967774,arr_delay_rate
2026-08-01,ORD,0.29907078491797223,arr_delay_rate
2026-08-02,ORD,0.2284399951864097,arr_delay_rate
2026-08-03,ORD,0.2917741230356477,arr_delay_rate
2026-08-04,ORD,0.25856968106028055,arr_delay_rate
2026-08-05,ORD,0.24823169013501242,arr_delay_rate
2026-08-06,ORD,0.23399702741983833,arr_delay_rate
2026-08-07,ORD,0.24491759270016003,arr_delay_rate
2026-08-01,PHX,0.2912552864578992,arr_delay_rate
2026-08-02,PHX,0.22558819049574017,arr_delay_rate
2026-08-03,PHX,0.24718200312184282,arr_delay_rate
2026-08-04,PHX,0.2341235086435836,arr_delay_rate
2026-08-05,PHX,0.22087592444892254,arr_delay_rate
2026-08-06,PHX,0.23706554649785938,arr_delay_rate
2026-08-07,PHX,0.2286402506331673,arr_delay_rate
2026-08-01,SEA,0.3128152188717255,arr_delay_rate
2026-08-02,SEA,0.2284149585571791,arr_delay_rate
2026-08-03,SEA,0.24245554825130922,arr_delay_rate
2026-08-04,SEA,0.21220348717726464,arr_delay_rate
2026-08-05,SEA,0.2237139312499517,arr_delay_rate
2026-08-06,SEA,0.24207962366673247,arr_delay_rate
2026-08-07,SEA,0.24297306309134087,arr_delay_rate
