airport_code,scheduled_departures,destinations,carriers,arr_delay_rate,dep_delay_rate,cancellation_rate,avg_dep_delay_min,avg_taxi_out_min,avg_distance_mi,evening_share,weather_cause_share,nas_cause_share,late_aircraft_cause_share,dep_delay_std_min,airport_name,state,latitude,longitude,log_departures,segment_id,segment,pc1,pc2
ABQ,24621,31,10,0.16563963519842248,0.18112527148301438,0.008854230128751878,9.764168339958202,14.626808179322214,666.4209820884611,0.1703017749075992,0.043539262745748535,0.20212115243061676,0.41713233185080745,55.573184295601614,Albuquerque International Sunport,NM,35.039976,-106.608925,4.391305688142909,1,"Mid-size - ATC/NAS-constrained, low weather exposure",0.2800473225414667,-1.9874474887649594
CLE,40516,39,12,0.20225914294397732,0.18865731969180244,0.02297857636489288,12.424453707212328,16.882916108823604,715.0268042254912,0.22647842827524928,0.043022171331480334,0.2730816704065206,0.382308490237904,66.37539465481423,Cleveland Hopkins International Airport,OH,41.411701,-81.8498,4.607626562461257,1,"Mid-size - ATC/NAS-constrained, low weather exposure",0.7276001496702229,0.4190211665657508
EWR,122705,91,11,0.2207161233182911,0.20150930062340677,0.0313108675278106,13.215912437007312,24.664221294925294,1130.446240984475,0.30094943156350595,0.05906203367731284,0.27934091252045284,0.3841029393924749,55.94204846492179,Newark Liberty International Airport,NJ,40.6894,-74.170545,5.0888622597780815,3,"Major hub - evening-heavy bank, long taxi-out / congested",2.8742862752110367,2.8135747228384
GJT,4840,5,3,0.17792180639765837,0.1559958289885297,0.009297520661157025,9.103441084462983,20.70698644421272,376.4154958677686,0.1555785123966942,0.08491125544256556,0.19156384255977782,0.2555004267260708,70.65987723289514,Grand Junction Regional Airport,CO,39.126663,-108.529387,3.6848453616444123,5,"Regional - few knock-on delays, morning-heavy bank",-2.200255685241732,-0.23244740973912423
IND,48559,53,12,0.19333726166926218,0.1902672516952533,0.019069585452748204,11.262087208447925,16.020089848014106,728.6819745052411,0.23970839597191046,0.05894734059116252,0.2848751813967698,0.37023741679249383,61.43324666869316,Indianapolis International Airport,IN,39.7173,-86.294403,4.686269734513789,1,"Mid-size - ATC/NAS-constrained, low weather exposure",1.0447088488256218,0.12718515950230153
MCO,160601,91,11,0.25536388003201177,0.26406704292799726,0.017011102047932453,16.526613838055603,19.590241399623743,973.2424580170733,0.308802560382563,0.06107628653496786,0.23326279203886452,0.42462915201032214,55.16737360153836,Orlando International Airport,FL,28.429399490356445,-81.30899810791016,5.205748245134006,3,"Major hub - evening-heavy bank, long taxi-out / congested",3.0401610469633082,1.5075995942502955
MRY,4686,9,5,0.19160899653979238,0.1716257007330746,0.010243277848911651,11.236093143596378,18.86804657179819,538.1664532650448,0.13209560392658984,0.06890115667718191,0.2333596214511041,0.26232912723449003,84.00466020890906,Monterey Regional Airport,CA,36.586777,-121.844183,3.670802284260944,5,"Regional - few knock-on delays, morning-heavy bank",-2.114758161918563,0.0714611348444699
PDX,63282,74,12,0.17182037323797514,0.1664358153826559,0.007442874751114061,8.013405295250832,16.455889843998726,1094.2687652096963,0.27511772699977877,0.025558014328188456,0.2401625056404107,0.3602460764376093,46.9141429086347,Portland International Airport,OR,45.588699,-122.598,4.801280196394139,1,"Mid-size - ATC/NAS-constrained, low weather exposure",2.651981065401852,-1.068032210298478
PSC,6190,12,5,0.1269118125610153,0.1159090909090909,0.004846526655896607,6.599025974025974,17.8599025974026,607.1962843295638,0.16219709208400646,0.14044129938151223,0.15033153173232294,0.17502925279991086,60.02683763338658,Tri Cities Airport,WA,46.264702,-119.119003,3.791690649020118,5,"Regional - few knock-on delays, morning-heavy bank",-2.2921454047258965,-1.5914571927802248
SDF,23144,46,10,0.18238240900829011,0.18203111189676507,0.02229519529899758,11.450371221495493,16.143172779496243,561.1847563083304,0.19784825440718976,0.049142433397736524,0.22933425255126427,0.3580836623496253,74.55352508184565,Louisville Muhammad Ali International Airport,KY,38.1706,-85.735076,4.364438420639926,1,"Mid-size - ATC/NAS-constrained, low weather exposure",-0.2264396865607827,-0.052017587318871635
SHV,6212,9,4,0.21747765640516387,0.21076973901552692,0.025434642627173213,19.436736042286093,17.297158903204494,413.1582421120412,0.1728911783644559,0.13790555664211052,0.0876777422836488,0.17393571940804486,87.83491686210279,Shreveport Regional Airport,LA,32.444747,-93.826741,3.7932314470565207,0,"Regional - volatile delays, delay-prone",-3.3006950238002366,0.8686828339497998
SJC,43338,44,10,0.17390798445463218,0.18524540661076397,0.006622363745442799,7.254233351141669,14.163418882824294,727.2309059024412,0.24502745858138356,0.02544005027697953,0.20102682621498477,0.47521882143056254,34.63991991148901,Mineta San Jose International Airport,CA,37.362452,-121.929188,4.636868865243935,4,"Mid-size - stable delays, quick turn",1.9674906548999078,-2.461740109837574
SMF,56306,45,11,0.17847218487244304,0.19404746999588618,0.007050758356125457,8.756568709867821,14.088944930335712,803.1890562284659,0.2580719639114837,0.03229322891850122,0.18137974565587764,0.4590747894091853,42.21100475184589,Sacramento International Airport,CA,38.6954,-121.591003,4.75055467598901,4,"Mid-size - stable delays, quick turn",1.966571974211853,-2.2094148771556403
AMA,5005,7,4,0.16180965966985938,0.1580979475716318,0.016783216783216783,9.629750050802683,14.864255232676285,363.4083916083916,0.21718281718281718,0.10330541295145457,0.1802816055720676,0.4082680356660362,59.91456892976146,Rick Husband Amarillo International Airport,TX,35.217857,-101.706444,3.6994040818153375,2,"Regional - short-haul mix, few NAS delays",-1.5052753753794235,-1.6539918339944488
ASE,8072,10,1,0.28855325914149443,0.2940247433535141,0.0587215064420218,27.515662016320086,22.50618583837852,616.8837958374628,0.10827552031714568,0.3129121600957956,0.21230525368171227,0.23228707664077947,90.12469214241992,Aspen-Pitkin County Airport (Sardy Field),CO,39.223202,-106.869003,3.906981153228854,0,"Regional - volatile delays, delay-prone",-4.527598651401073,5.483684090533515
BDL,22344,24,11,0.21157473432396376,0.19107666911225238,0.023988542785535267,12.137105649303008,15.91232977211243,817.8311403508771,0.1898048693161475,0.03850871429900718,0.25495210730670215,0.4054877103147637,69.90774471300283,Bradley International Airport,CT,41.938555,-72.688016,4.349160922692949,1,"Mid-size - ATC/NAS-constrained, low weather exposure",0.23736160710489515,0.14270331480382337
BOI,23701,25,10,0.16395882953385504,0.15689684424838818,0.0052740390700814314,7.72115710892433,17.26777231082457,653.2526053753006,0.16965528880637948,0.05814537259285047,0.2444949337633069,0.33851622478333365,51.328245605090196,Boise Air Terminal/Gowen Field,ID,43.5644,-116.223,4.374766670285203,5,"Regional - few knock-on delays, morning-heavy bank",0.08061991055460167,-1.3735964079495677
BWI,94427,73,12,0.2209763316805479,0.27058988400672673,0.01761148823959249,14.453376309775344,15.080514412608068,835.0715791034344,0.33077403708685016,0.045529645610912196,0.21088271961317756,0.39588146152825154,44.8965280926727,Baltimore/Washington International Thurgood Marshall Airport,MD,39.1754,-76.668297,4.975096192120322,3,"Major hub - evening-heavy bank, long taxi-out / congested",2.6544989595608364,-0.18264227237207897
CAK,4926,14,4,0.25921246578227,0.2235294117647059,0.033698741372310194,19.437605042016806,20.07857142857143,459.86784409257,0.2949654892407633,0.05356046535122827,0.1572075817745207,0.3946936904031023,86.78701769363295,Akron Canton Regional Airport,OH,40.916099548339844,-81.44219970703125,3.6924944075030846,0,"Regional - volatile delays, delay-prone",-1.039295151176431,1.889718099328139
CMH,44711,40,11,0.19224784916712429,0.18791517337411828,0.020218738118136476,11.071130184673683,16.350094725069045,655.6181700252735,0.22350204647625863,0.03453699860920585,0.2929427493370759,0.3617300338669463,57.34935570429196,John Glenn Columbus International Airport,OH,39.998001,-82.891899,4.650414383346564,1,"Mid-size - ATC/NAS-constrained, low weather exposure",0.926949105670899,0.002929406821344346
EYW,8348,21,8,0.23008521674694332,0.23694828218608632,0.02024436990896023,16.83726616945837,14.87137791906101,780.9272879731673,0.2242453282223287,0.06397684590880996,0.14734583749346267,0.4778681120144535,84.2828800183105,Key West International Airport,FL,24.556119,-81.759579,3.9215824403934163,2,"Regional - short-haul mix, few NAS delays",-0.48182654261529695,-0.34106565744842715
FAT,13119,13,8,0.18388764565167065,0.1690270935960591,0.00968061590060218,9.907173645320198,17.004078805602585,556.1778336763473,0.15328912264654318,0.060343199866718496,0.20622535680568668,0.31360581995890485,61.45523747307221,Fresno Yosemite International Airport,CA,36.775767,-119.718018,4.11790073206452,5,"Regional - few knock-on delays, morning-heavy bank",-0.9188975543721875,-0.9750637630717275
GPT,3006,3,3,0.14447107155083874,0.14846416382252559,0.025282767797737856,9.473378839590444,14.815699658703071,450.91117764471056,0.2624750499001996,0.06870517176292941,0.13304548886372217,0.45696489241223104,71.76192673626088,Gulfport Biloxi International Airport,MS,30.405582,-89.069836,3.4779889762508893,2,"Regional - short-haul mix, few NAS delays",-1.4384784332759863,-1.8151569308517572
GRR,19275,37,10,0.23665093589267724,0.2032142101924297,0.01862516212710765,15.165574117149504,19.035736942271093,569.9809597924773,0.1817898832684825,0.10870983250821867,0.22370612923764602,0.29738951909458283,76.6473333857061,Gerald R. Ford International Airport,MI,42.880798,-85.522797,4.284994386722994,0,"Regional - volatile delays, delay-prone",-1.000515133266546,1.4143852075585388
HNL,58088,33,6,0.1714076935121875,0.15714757345658634,0.00924459440848368,7.878021233340863,16.70014245014245,1402.2954827158794,0.3184478721939127,0.025169492007024043,0.1006362935474644,0.3194121625077429,43.522792436783774,Daniel K. Inouye International Airport,HI,21.318387,-157.92567,4.76408642374914,4,"Mid-size - stable delays, quick turn",2.4659948223019255,-1.7653402034273484
IAH,119020,118,11,0.21345395381325974,0.21000900487622542,0.010972945723407831,13.935725572149448,20.626773245442653,954.466089732818,0.3400436901361116,0.06068134528323272,0.23728772782970753,0.3679314784044275,61.07970253077495,George Bush Intercontinental Airport,TX,29.9844,-95.3414,5.075619945928776,3,"Major hub - evening-heavy bank, long taxi-out / congested",3.109821113163577,1.2265363020044369
LEX,9242,19,8,0.20215125304945664,0.19561849966806816,0.02207314434105172,13.036401858818323,17.571697278158883,465.9848517636875,0.25427396667388014,0.09829283428446273,0.13968825669542362,0.36286093230960176,70.61984769557215,Blue Grass Airport,KY,38.035066,-84.606738,3.9657659641826863,2,"Regional - short-haul mix, few NAS delays",-1.1252266487955658,-0.0312675799044099
PIT,42857,47,13,0.18546347979581126,0.1767030037606512,0.019670065566885223,10.287285190650735,16.235606331072237,675.7840726135754,0.24094080313601046,0.04679456071347367,0.2969430313807602,0.3610382426502778,56.50430091077991,Pittsburgh International Airport,PA,40.491501,-80.232903,4.63202176705472,1,"Mid-size - ATC/NAS-constrained, low weather exposure",1.0393928044286067,-0.0349851949064462
PWM,10925,21,10,0.19384963682671447,0.17904135338345864,0.02608695652173913,12.927631578947368,16.499906015037595,615.8903432494279,0.16778032036613272,0.03228122894042003,0.27835655180794766,0.3143718859440768,79.80903061811605,Portland International Jetport,ME,43.646198,-70.309303,4.038421445642459,1,"Mid-size - ATC/NAS-constrained, low weather exposure",-0.9140529710468261,0.4829624067371701
SAN,100196,73,11,0.22600807679038903,0.25613244256678225,0.012525450117769172,13.760473413448418,21.416147059715218,1077.994031697872,0.2873567807098088,0.03917162544782791,0.2142186139721576,0.4757508462327541,49.79558603646137,San Diego International Airport,CA,32.733601,-117.190002,5.000850384080102,3,"Major hub - evening-heavy bank, long taxi-out / congested",3.068705036840461,0.5656497650495833
SBP,5010,9,5,0.2344352058406003,0.20266720549605982,0.012175648702594811,16.280864821175996,19.644574661547786,504.75808383233533,0.17624750499001995,0.08609979293300381,0.24892888155195284,0.24660057062702176,88.51027188503606,San Luis County Regional Airport,CA,35.236801147499996,-120.641998291,3.699837725867246,0,"Regional - volatile delays, delay-prone",-2.0347525717498303,1.2755739302655735
SFO,147566,84,10,0.23409602812723176,0.2412060645470413,0.00996842090996571,14.743653102433349,22.455365453052284,1244.6318731957226,0.2942818806500142,0.03158651046550385,0.22113626705505127,0.45388689379211483,57.26574546804317,San Francisco International Airport,CA,37.619806,-122.374821,5.168986305228632,3,"Major hub - evening-heavy bank, long taxi-out / congested",3.535752212467679,1.0721022610010016
STS,5714,12,5,0.19596644654649295,0.18176962791525725,0.016975848792439623,8.763040769093822,17.44944820220719,528.0357017850893,0.184109205460273,0.0885276526927742,0.1766928299572,0.47241701403895214,43.20629720425605,Charles M. Schulz Sonoma County Airport,CA,38.50899887,-122.8130035,3.756940236046724,2,"Regional - short-haul mix, few NAS delays",-0.6323757014683167,-1.2634799906409853
TPA,76797,60,11,0.2165614388794567,0.22314967921158807,0.0156516530593643,13.622766055956081,16.303543791420296,945.5649179004388,0.2612992695027149,0.03785566250788906,0.22169126251160653,0.4745560370428886,57.04942895851969,Tampa International Airport,FL,27.9755,-82.533203,4.8853442550719635,1,"Mid-size - ATC/NAS-constrained, low weather exposure",2.248437014520705,-0.27034654190624474
ABE,3375,14,5,0.2006079027355623,0.191412156032658,0.020148148148148148,17.047777441790142,14.922286059872997,758.1724444444444,0.14785185185185185,0.12132591992993537,0.14668453668440398,0.3154898552263167,98.61948856208946,Lehigh Valley International Airport,PA,40.651773,-75.442797,3.5282737771670436,0,"Regional - volatile delays, delay-prone",-2.6929159013633317,-0.06956020038968289
BUF,20726,34,10,0.22320985202105473,0.22345012141335052,0.026391971436842614,15.222805887308589,16.063580950493087,611.9841262182765,0.2326546366882177,0.03960031773903591,0.22354334768733364,0.4302130802569784,65.9256829449486,Buffalo Niagara International Airport,NY,42.940498,-78.732201,4.316515493818436,1,"Mid-size - ATC/NAS-constrained, low weather exposure",0.36131569144661413,0.26858050513130494
MSN,14127,21,8,0.20930232558139536,0.17965730951512943,0.02916401217526722,14.181407218374043,17.37649460484106,531.0551426346711,0.17314362568131947,0.08602069411511101,0.19140619386362004,0.33290579866350506,88.01293649976199,Dane County Regional Truax Field,WI,43.1399,-89.337502,4.150049945162385,0,"Regional - volatile delays, delay-prone",-1.6428415089645094,0.9498907879476189
MYR,13191,52,11,0.20303738317757009,0.21316443891824682,0.024486392237131376,14.038622940627913,13.681016395990364,479.7490713365173,0.28292017284512166,0.06406007073174899,0.1882421281030565,0.48310724231603763,77.5524560949978,Myrtle Beach International Airport,SC,33.679699,-78.928299,4.120277720339368,2,"Regional - short-haul mix, few NAS delays",0.10078436499875384,-0.40405017464634146
PVD,15595,23,10,0.20677562363528088,0.1946826758147513,0.028021801859570376,12.503232616440163,15.321678321678322,725.4845783905098,0.19243347226675217,0.037302414095759955,0.24832867138603384,0.3748041571992224,71.17362193096288,Rhode Island T. F. Green International Airport,RI,41.725038,-71.425668,4.192985379093162,1,"Mid-size - ATC/NAS-constrained, low weather exposure",-0.21387094873376059,0.18655024048360197
SGU,4709,6,1,0.14001710132535272,0.12273984258668369,0.0016988744956466342,6.224633056796426,20.273771537970646,438.759609258866,0.1182841367593969,0.0728711790393013,0.11653930131004367,0.23045169213973798,56.35328302749559,St George Regional Airport,UT,37.036389,-113.510306,3.6729286904427223,5,"Regional - few knock-on delays, morning-heavy bank",-2.1744116764890227,-1.8902729012518413
SLC,117896,95,11,0.15258654686990963,0.15318596023319828,0.007752595507905273,6.894684652339676,18.024562842931132,834.9908733120717,0.33122412974146703,0.056804092834057726,0.20789974088933466,0.2647404017608381,44.95398301151015,Salt Lake City International Airport,UT,40.78886,-111.979866,5.071499070511569,3,"Major hub - evening-heavy bank, long taxi-out / congested",2.5170370885159663,-0.6211847939691619
SNA,45231,39,9,0.1851868477163057,0.2019978546527219,0.010678516946342111,11.291096808795924,16.09128899615625,794.4577391611948,0.23419778470518007,0.042865108068181244,0.24820560158880692,0.388639491420072,60.680708947715814,John Wayne Orange County International Airport,CA,33.675063,-117.869281,4.655436189551822,1,"Mid-size - ATC/NAS-constrained, low weather exposure",1.1235786970672623,-0.7697052461311856
SRQ,17427,59,11,0.19532485792957993,0.19551637573705413,0.017099902450220923,11.640843014770272,15.425477260785803,823.6799219601768,0.21581454065530498,0.05499565881590082,0.22723625932805064,0.44337227576959853,65.53174980672803,Sarasota Bradenton International Airport,FL,27.394631,-82.554359,4.241222631195892,1,"Mid-size - ATC/NAS-constrained, low weather exposure",0.752095032636191,-0.553831201563297
STT,5548,15,7,0.2092018779342723,0.23486103441928952,0.02072819033886085,16.23394073256028,16.179642922878703,1367.8891492429705,0.11247296322999278,0.014789126948861111,0.1368404783524275,0.47741542860454783,98.10454890050816,Cyril E. King Airport,VI,18.337091,-64.977251,3.7441364524012473,1,"Mid-size - ATC/NAS-constrained, low weather exposure",-0.5221819336976149,-0.6008136401683206
ATW,7698,23,6,0.22208851450728706,0.1989591673338671,0.026500389711613406,16.009207365892713,19.14011208967174,562.5294881787478,0.14977916341906988,0.14406298289225355,0.23809145712069482,0.18740342154928633,75.66151731768839,Appleton International Airport,WI,44.258515,-88.519,3.886377906758572,0,"Regional - volatile delays, delay-prone",-2.398312249275033,1.8424116497920322
CHS,24565,29,13,0.20362312777173458,0.20293480073370018,0.02348870343985345,13.785976321494081,16.480720330151318,592.8759210258498,0.25446773865255445,0.026742432468300215,0.24890754883154173,0.4559412211806435,71.85934007497534,Charleston International Airport,SC,32.896159,-80.038151,4.39031676847084,1,"Mid-size - ATC/NAS-constrained, low weather exposure",0.5846662588843414,0.04438318861105776
COS,13185,18,7,0.1902600400061548,0.19961641733793634,0.011376564277588168,12.447334100498658,20.518987341772153,465.2223739097459,0.14607508532423208,0.0829767665053785,0.19822449714080057,0.31675130963330267,67.14980115545482,City of Colorado Springs Municipal Airport,CO,38.805801,-104.700996,4.120080134129453,5,"Regional - few knock-on delays, morning-heavy bank",-1.318845784179278,-0.02234876668955419
GEG,18474,22,9,0.15342989887947528,0.1574700109051254,0.007253437263180686,7.3861504907306434,16.937462515675264,706.0723719822453,0.1268810219768323,0.09745290018627191,0.1961977699256469,0.3315432550368652,53.36286497787438,Spokane International Airport,WA,47.6199,-117.533997,4.266560939286841,5,"Regional - few knock-on delays, morning-heavy bank",-0.7725549093762207,-1.614207258024147
HRL,3925,7,5,0.16589026915113872,0.18120805369127516,0.012993630573248408,9.577955601445534,12.220903225806452,408.81070063694267,0.23821656050955414,0.05780308104487609,0.23357892386693457,0.44902880107166776,43.76112586179729,Valley International Airport,TX,26.228500366210938,-97.65440368652344,3.5938396610812715,2,"Regional - short-haul mix, few NAS delays",-0.43658547069786774,-2.5748782995662527
JNU,4716,7,2,0.17219554779572238,0.15269655620532813,0.02099236641221374,4.267922893653888,13.413024664647338,513.3420271416454,0.26675148430873624,0.08046109731924639,0.15339760983776918,0.47223986297942766,43.91564600842402,Juneau International Airport,AK,58.354935,-134.574416,3.6735737964230517,2,"Regional - short-haul mix, few NAS delays",-0.42726729935438135,-2.2050651695265318
LAS,172930,129,12,0.2232743393886933,0.25602678441231197,0.00859885502804603,13.469596308977328,17.886959615519213,1007.4811253108194,0.2773087376395073,0.020612462833996033,0.18657225729397714,0.44231593679982195,48.33642295908594,Harry Reid International Airport,NV,36.083361,-115.151817,5.237870341476738,3,"Major hub - evening-heavy bank, long taxi-out / congested",3.790507782800255,-0.030699857134736917
LGB,15115,22,5,0.14712536598349746,0.17331828142638953,0.0037049288785974198,6.115943953781792,12.487649402390439,730.6391663910023,0.17717499173006948,0.029427464485578994,0.16319414550150668,0.5613086526043909,31.41777746318642,Long Beach International Airport,CA,33.816523,-118.149891,4.179408151513836,4,"Mid-size - stable delays, quick turn",1.0661459601753225,-4.080314474499542
OAK,31405,32,6,0.2090069284064665,0.24050470761544868,0.0056997293424613914,11.053929417792865,12.508213519485095,680.8504059863079,0.26123228785225283,0.012226238250098892,0.1512562920286376,0.4756094246813599,33.98522788540738,Oakland San Francisco Bay Airport,CA,37.720085,-122.221184,4.496998797740092,4,"Mid-size - stable delays, quick turn",1.8245104795069156,-2.645609697076665
SFB,10115,69,1,0.2983331669827328,0.2715693103791422,0.006524962926347009,20.181908647626628,17.232437810945274,846.1721206129511,0.23539298072170045,0.2261820319388655,0.11605760752424807,0.2733379053590673,79.86228036276233,Orlando Sanford International Airport,FL,28.774277,-81.234626,4.004965887106824,0,"Regional - volatile delays, delay-prone",-1.228447271042256,1.7297295924159721
SGF,8569,16,5,0.21122899034449874,0.2000951701165834,0.019022056249270627,13.763026409707352,16.979062574351655,543.8661454078656,0.2280312755280663,0.14315734000856362,0.20335298573828267,0.4020157438819538,71.62884037302014,Springfield Branson National Airport,MO,37.245047,-93.388596,3.9329301428307897,2,"Regional - short-haul mix, few NAS delays",-1.3086037909512842,0.19397289113698948
TVC,5593,19,9,0.27352338364076767,0.25394468164098755,0.03683175397818702,21.34880267310191,18.692964544273252,422.32665832290365,0.2513856606472376,0.13273418345882115,0.207765736751244,0.3291479885682784,86.30253352561814,Cherry Capital Airport,MI,44.741402,-85.582199,3.747644819328248,0,"Regional - volatile delays, delay-prone",-1.967312371649665,2.720064290395295
BNA,109435,105,13,0.24305626586574672,0.2792546284272623,0.014830721432814,15.367686342893185,16.485270929563878,719.9071595010737,0.27893269977612284,0.029554045464455368,0.1901971682209414,0.46577637481921386,52.81712080947112,Nashville International Airport,TN,36.1245,-86.6782,5.039156242252364,3,"Major hub - evening-heavy bank, long taxi-out / congested",2.8139161867828153,0.20532225925449263
BTR,4675,7,5,0.18922499448001767,0.18683978873239437,0.028021390374331552,16.185519366197184,15.81338028169014,473.34823529411767,0.17240641711229945,0.1040920716112532,0.10205669224211424,0.39218883205456095,86.0036838498308,Baton Rouge Metropolitan Airport,LA,30.533199,-91.149597,3.6697816152085365,2,"Regional - short-haul mix, few NAS delays",-2.494492942407863,-0.4346671907484052
ICT,11511,18,9,0.20090715048025615,0.1938314278117522,0.019807140995569454,12.733138349729682,15.760524683151644,570.1239683780732,0.1916427764746764,0.08092172109355669,0.22274926427620045,0.36014403866300954,71.59301243236801,Wichita Dwight D. Eisenhower National Airport,KS,37.650314,-97.428583,4.061113053917979,1,"Mid-size - ATC/NAS-constrained, low weather exposure",-0.9716479459521297,-0.1717319252656885
OMA,25258,36,11,0.18995738522151645,0.18946440025657474,0.012431704806397973,11.392799871712636,15.328736369467608,722.3012510887639,0.2141499722860084,0.05919109697585115,0.21770642026062037,0.3689877627210497,62.67482651845688,Eppley Airfield,NE,41.3032,-95.894096,4.402398958913232,1,"Mid-size - ATC/NAS-constrained, low weather exposure",0.32562606957872503,-0.8421232933955484
TUL,18315,23,10,0.17691321553982498,0.17204181494661921,0.018072618072618073,10.802046263345195,15.370308590492076,609.0165438165438,0.1883155883155883,0.09184875689307963,0.19781679935256807,0.3958933242993996,65.5626897673854,Tulsa International Airport,OK,36.197084,-95.886225,4.262806923000563,2,"Regional - short-haul mix, few NAS delays",-0.6507038253912636,-0.898153353771294
ALB,12920,21,10,0.20607358071677767,0.1946266297905966,0.020510835913312694,13.856894508099565,15.639617572692794,740.7433436532508,0.221671826625387,0.06471736282539145,0.22799458163638145,0.3401226261239985,82.17693320628166,Albany International Airport,NY,42.748299,-73.801697,4.1112625136590655,1,"Mid-size - ATC/NAS-constrained, low weather exposure",-0.6079528698233493,0.20903933407850778
BZN,11804,28,9,0.1954210255530784,0.19707842132239878,0.008302270416807861,12.646506065265676,17.81547924141466,851.6884107082345,0.09539139274822095,0.07650924263845425,0.2716504371124631,0.3403493722630829,70.52219892933084,Bozeman Yellowstone International Airport,MT,45.778853,-111.153711,4.072029200827922,5,"Regional - few knock-on delays, morning-heavy bank",-0.7716773573813269,-0.2450389275788729
CAE,5495,11,7,0.193815987933635,0.1971063509958662,0.03148316651501365,15.584742577978204,15.973506200676438,465.18707916287536,0.2362147406733394,0.061738190401570976,0.14440289995933708,0.3991014489878904,85.13082261686668,Columbia Metropolitan Airport,SC,33.938172,-81.123022,3.7399676967595092,2,"Regional - short-haul mix, few NAS delays",-1.5736391702021557,-0.05687854257647725
CLT,181506,141,11,0.2342642955781642,0.2442036970405685,0.020021376703800425,15.644142979221012,20.583779286774295,646.2338269809262,0.38246118585611494,0.06433171653944261,0.15415485332724807,0.4717024954783717,53.6842133409467,Charlotte Douglas International Airport,NC,35.2140007019043,-80.94309997558594,5.25889098597721,3,"Major hub - evening-heavy bank, long taxi-out / congested",3.5215156579944034,1.3744844029309329
OGG,25694,22,6,0.16646984726814676,0.15136281517555572,0.009029345372460496,6.3556279946587075,10.87495090723431,1331.3183622635636,0.3076204561376197,0.037320561583089405,0.10187895465619687,0.4558261616391776,47.68623754325056,Kahului International Airport,HI,20.896263,-156.431837,4.409831719786006,4,"Mid-size - stable delays, quick turn",2.0141084598375176,-3.25577921172564
PIE,9050,63,1,0.22918991296585584,0.20849549649727567,0.006298342541436464,9.265095073946403,14.425886800845102,865.5254143646409,0.2292817679558011,0.1035950305847982,0.23690401781011441,0.4373942173311515,54.63445535052368,St. Petersburg Clearwater International Airport,FL,27.9102,-82.687401,3.9566485792052033,1,"Mid-size - ATC/NAS-constrained, low weather exposure",0.7275096685253006,-0.7083971469205731
ATL,315859,153,12,0.21765525445535272,0.21533263262424152,0.01803652895754118,11.983692393007525,16.86609085897225,710.7783346366575,0.3591760880646111,0.05452056753896557,0.21345650892743173,0.30519273891958293,48.18477627730357,Hartsfield Jackson Atlanta International Airport,GA,33.6367,-84.428101,5.499493256074935,3,"Major hub - evening-heavy bank, long taxi-out / congested",3.631102403072419,1.0873959587163655
AVL,9969,27,9,0.23029493371698695,0.21325412270818395,0.02066405858160297,14.929837140223292,16.55638635665267,507.9772294111746,0.2110542682315177,0.07067309910639673,0.22136547502473686,0.3863103874331592,71.80984226312901,Asheville Regional Airport,NC,35.435488,-82.541853,3.9986515959983735,1,"Mid-size - ATC/NAS-constrained, low weather exposure",-0.6861049731190924,0.3951688959156683
BIL,4642,8,5,0.14397734698322806,0.12050281751192024,0.006031882809133994,5.279150411790204,17.46575639358474,631.2406290392072,0.16415338216286082,0.11666848875769834,0.1884406544950986,0.2680295907583543,55.80096954052508,Billings Logan International Airport,MT,45.808932,-108.541242,3.666705136119899,5,"Regional - few knock-on delays, morning-heavy bank",-1.7541078419410163,-1.6486702722186535
COU,3635,7,4,0.2170940170940171,0.19863791146424517,0.030536451169188447,15.786322360953463,17.09790011350738,416.64319119669875,0.21513067400275104,0.12997055990448927,0.18047999565860343,0.4468382422770625,86.17177838771686,Columbia Regional Airport,MO,38.8181,-92.219597,3.5605044151950564,2,"Regional - short-haul mix, few NAS delays",-2.2528335926835203,0.6758607085282954
DRO,4613,4,3,0.19175666740136654,0.1843550867941112,0.013440277476696292,12.07690617446715,22.023071852340145,406.87665293735097,0.15933232169954475,0.11647860225677292,0.14193229681243824,0.2938354739743123,64.8927010962635,Durango La Plata County Airport,CO,37.151501,-107.753998,3.6639834546082666,5,"Regional - few knock-on delays, morning-heavy bank",-2.313787885239892,0.05491524221234213
FAI,4165,7,3,0.1708323222518806,0.15910744603444094,0.010084033613445379,6.828037836526801,14.959738054814455,1200.6460984393757,0.12941176470588237,0.04795613568476615,0.1720201317566185,0.4299480338802733,57.600329276467015,Fairbanks International Airport,AK,64.815102,-147.856003,3.6196150057428063,4,"Mid-size - stable delays, quick turn",-0.29594373994002154,-2.306173858402111
JAC,6635,16,4,0.22860692654138842,0.24232658072437077,0.017935192162773173,21.97744014732965,20.10742786985881,761.19713639789,0.06525998492840995,0.09038939991516894,0.18936319724488956,0.40099771462576206,103.39391527845379,Jackson Hole Airport,WY,43.6073,-110.737999,3.821840927200454,0,"Regional - volatile delays, delay-prone",-2.275823811616013,1.06674860711722
MAF,9247,8,5,0.15713028169014084,0.1527732015376167,0.015356331783281064,8.85831960461285,15.104436635185593,410.28874229479834,0.20179517681410186,0.1311173046971063,0.17748176080006559,0.3329945077465366,59.49631809166167,Midland International Air and Space Port,TX,31.942499,-102.202003,3.966000857628784,2,"Regional - short-haul mix, few NAS delays",-1.7083191244521456,-1.4024751541681681
MDT,5767,19,9,0.22390722569134702,0.21685033771773907,0.024449453788798335,17.80394596516175,15.621756132243156,644.8609328940523,0.28160221952488296,0.08551504573515628,0.2007902647144381,0.34388635702511394,90.27462175916287,Harrisburg International Airport,PA,40.192838,-76.762333,3.7609499514108973,0,"Regional - volatile delays, delay-prone",-1.1152023098240735,0.7322628202264744
MKE,29354,35,12,0.21783354888321857,0.20573979147051644,0.02306329631396062,13.69557485092583,16.692017993513964,673.5783198201267,0.18552837773386932,0.07669880738408985,0.20501474633327707,0.28021608095091505,69.97516357125662,General Mitchell International Airport,WI,42.947201,-87.896599,4.467667289895786,1,"Mid-size - ATC/NAS-constrained, low weather exposure",-0.5062739839047421,0.6736974356842795
ORF,20186,30,12,0.20382262996941897,0.1967879650335434,0.025265035172892105,14.055956495222606,16.77271803212035,506.35465173882886,0.23962151986525315,0.04468492258297174,0.23123320498353944,0.3783779067738446,71.95748123059917,Norfolk International Airport,VA,36.895341,-76.201,4.305050268917223,1,"Mid-size - ATC/NAS-constrained, low weather exposure",-0.11869649306184755,0.34629474552352985
TUS,19536,19,8,0.1638257085125123,0.170112684792722,0.009725634725634726,9.294169337330715,15.57657517961441,659.3997235872235,0.13851351351351351,0.07059776889924568,0.20702792705985754,0.3528840222706913,56.488622121365175,Tucson International Airport,AZ,32.115004,-110.938053,4.290835646600807,5,"Regional - few knock-on delays, morning-heavy bank",-0.5629923650271847,-1.6232624126912025
TYS,13561,38,10,0.22853898561695685,0.2202470623681832,0.021016149251530124,16.79730340463995,16.831061233712436,556.206990634909,0.22417225868298798,0.09348837535702005,0.15446073305777586,0.3953992659597611,85.1032135258505,McGhee Tyson Airport,TN,35.811001,-83.994003,4.132291715966803,2,"Regional - short-haul mix, few NAS delays",-0.8861199658147991,0.5523806262607981
ANC,20008,36,6,0.1538032737039477,0.16305172152282724,0.011445421831267493,7.18671318064614,14.93071954788576,1451.171831267493,0.30492802878848463,0.07828491561339966,0.13271414759263991,0.37158157872325503,49.541392324545555,Ted Stevens Anchorage International Airport,AK,61.179004,-149.992561,4.301203678722446,4,"Mid-size - stable delays, quick turn",1.659210093984154,-2.0158319491959786
BIS,3874,7,4,0.19519205644107657,0.17841352405721717,0.0074858027878162104,13.299869960988296,20.59375812743823,638.4700567888488,0.1724315952503872,0.08948694716575117,0.18082847273345037,0.22317232006342375,72.5235030437691,Bismarck Municipal Airport,ND,46.772734,-100.746874,3.588159616383092,5,"Regional - few knock-on delays, morning-heavy bank",-1.9297713689067852,0.023118053593693056
CRP,4113,4,5,0.17813664596273293,0.17344913151364763,0.020179917335278387,10.4712158808933,15.235673530141405,306.7984439581814,0.19474835886214442,0.20094390689491848,0.13150416130996684,0.36759929629880234,58.15621195615861,Corpus Christi International Airport,TX,27.770399,-97.501198,3.614158709509175,2,"Regional - short-haul mix, few NAS delays",-2.808393381292967,-1.0290741573485147
CVG,33916,47,11,0.20610756059327143,0.18634081822827425,0.01913551126312065,12.29356419274356,16.293468786631,695.3972461375162,0.2122597004363722,0.057772380610677194,0.2656031794220738,0.36104655976595923,62.56159810738107,Cincinnati Northern Kentucky International Airport,KY,39.048801,-84.667801,4.530404626592825,1,"Mid-size - ATC/NAS-constrained, low weather exposure",0.571645399776611,0.21287992274050785
DTW,121888,105,12,0.23021998742928976,0.21213286625588376,0.018697492780257285,14.213127774665786,19.474874623871614,734.543736873195,0.2943111709110003,0.08198103166457597,0.21306828980879614,0.183938685520964,60.050415171530325,Detroit Metropolitan Wayne County Airport,MI,42.21377,-83.353786,5.085960950980852,3,"Major hub - evening-heavy bank, long taxi-out / congested",1.5883501931215784,1.9623072953259328
ECP,9679,18,8,0.19658480025297775,0.21103520756699948,0.016943899163136687,11.62459274829217,13.44903320722993,535.9842958983367,0.14939559871887592,0.1034036375079566,0.15066406333812518,0.48291029244534084,60.21494768642416,Northwest Florida Beaches International Airport,FL,30.357106,-85.795414,3.985830489858392,2,"Regional - short-haul mix, few NAS delays",-1.088226211029014,-1.6536054091386687
ITO,6609,3,3,0.1640171201467441,0.14611034693565642,0.009986382206082615,4.656579550664833,9.991594069998472,211.7993645029505,0.2711454077772734,0.0318024380369754,0.07008231748459358,0.6393999370248752,21.500226919843445,Hilo International Airport,HI,19.72135,-155.045428,3.82013575187043,4,"Mid-size - stable delays, quick turn",0.5083120880405947,-4.887378613960906
LIH,15814,14,6,0.15236752739155507,0.142318024817705,0.011382319463766282,4.866956632979404,10.55350175887432,1131.060832174023,0.3214240546351334,0.03574634783318371,0.09312005223210643,0.560189341385783,38.559733148979035,Lihue Airport,HI,21.974393,-159.337146,4.199041734461483,4,"Mid-size - stable delays, quick turn",1.955426117114657,-4.0096840714765705
LIT,13424,21,10,0.1922054242953734,0.18897398953514824,0.017654946364719905,12.22848259649655,15.706377492985515,547.942789034565,0.22012812872467222,0.12636928894433183,0.17904062061437703,0.3635340324341182,62.96095213825528,Bill & Hillary Clinton National Airport/Adams Field,AR,34.729222,-92.223591,4.127881943484625,2,"Regional - short-haul mix, few NAS delays",-1.0044573050760368,-0.5522035166748366
MCI,49298,59,12,0.19915324246179264,0.20976443456057986,0.014889042151811433,12.297463141421629,15.10921445485432,779.7515517870908,0.22219968355714229,0.047480909706833455,0.21770182752019976,0.43452347492152343,58.651677651909864,Kansas City International Airport,MO,39.301699,-94.713893,4.692829300482448,1,"Mid-size - ATC/NAS-constrained, low weather exposure",1.3256579563556745,-0.7154830593122964
MDW,73744,87,5,0.24680239785629438,0.2818951862819365,0.015445324365372099,14.653508711521246,15.377801038467366,826.9858700368843,0.32212790193100455,0.03837946278338481,0.20377144078264786,0.42393658611113605,39.21239892700659,Chicago Midway International Airport,IL,41.785999,-87.752403,4.8677266907804455,3,"Major hub - evening-heavy bank, long taxi-out / congested",2.979487361547349,-0.048782291866845795
MFR,5308,10,4,0.174914350970689,0.15482522796352582,0.008289374529012811,9.393806990881458,17.820668693009118,556.4406556141673,0.1721929163526752,0.18689625097458804,0.22593263118945991,0.21612728450041627,62.1212470312733,Rogue Valley International-Medford Airport,OR,42.374199,-122.873001,3.724930914192398,5,"Regional - few knock-on delays, morning-heavy bank",-2.4518054235560456,-0.26160969785962196
MSO,5003,14,8,0.1695326724661137,0.1598872331856625,0.007395562662402559,10.266008860249698,18.06484091824406,760.3865680591645,0.18249050569658204,0.07658212262989411,0.25712299201877253,0.276967423265785,69.5083027379151,Missoula Montana Airport,MT,46.915816,-114.091107,3.699230502883409,5,"Regional - few knock-on delays, morning-heavy bank",-1.1048615914695696,-0.6162395197420021
PIA,5523,12,4,0.256015037593985,0.22138977336579885,0.03331522723157704,17.188050196666044,17.955422363738528,522.8830345826543,0.26072786529060293,0.10064381136327057,0.22500402382102044,0.34088202156768066,79.21987225381366,General Wayne A. Downing Peoria International Airport,IL,40.663841,-89.692631,3.742175043223677,0,"Regional - volatile delays, delay-prone",-1.377129215367875,1.9214871015718025
SEA,164821,92,11,0.20375786472670074,0.210452825104418,0.009313133641950966,10.082125840549711,21.882192669874975,1266.7810351836235,0.3222465583875841,0.05042749330015827,0.22777693840003171,0.288288751659557,44.20087022488269,Seattle–Tacoma International Airport,WA,47.447943,-122.310276,5.217012544758486,3,"Major hub - evening-heavy bank, long taxi-out / congested",3.464799529164334,0.8808823496507608
BOS,143447,83,12,0.24369385245017297,0.23429239564727738,0.028163712033015677,14.645570165056274,21.355530053077032,1043.0731768527748,0.25389865246397625,0.025670627291800512,0.2634463920731702,0.4250213538987173,53.80102084994617,Boston Logan International Airport,MA,42.36197,-71.0079,5.156691469995264,3,"Major hub - evening-heavy bank, long taxi-out / congested",2.8992189174582186,1.9999332412945507
CID,8397,20,9,0.2283821906046854,0.21113831089351284,0.0270334643324997,19.102080783353735,15.914443084455325,618.4799333095153,0.17780159580802668,0.14477223084818022,0.14597752572436118,0.307950209216032,100.71434709945412,The Eastern Iowa Airport,IA,41.884701,-91.7108,3.924124153185825,0,"Regional - volatile delays, delay-prone",-2.5584077898126307,1.1608491074947165
DAL,70438,81,2,0.27158444707444507,0.3167290526921969,0.013884550952610807,16.75696803915923,13.544649669608281,731.9442630398364,0.2913342230046282,0.035532811856418586,0.16045475165943165,0.49883550320117986,37.79178269897814,Dallas Love Field,TX,32.844776,-96.847653,4.847807016214959,4,"Mid-size - stable delays, quick turn",2.8057823033111977,-0.5896694953941609
DCA,142173,104,11,0.270598648213711,0.26479082793628567,0.03559747631406807,17.70699136472373,22.389365364138918,680.8875384215006,0.30226554971759756,0.05160296716349504,0.1997846436549943,0.4980453529360272,60.10219332406535,Ronald Reagan Washington National Airport,VA,38.8521,-77.037697,5.152817127586606,3,"Major hub - evening-heavy bank, long taxi-out / congested",2.617186896104208,2.832067484547235
DEN,319207,193,10,0.2309170150878781,0.2376268244575937,0.007305604200409139,13.81483234714004,19.785707299682294,849.7736390492689,0.3411641975269966,0.04169371787769228,0.19549687685859782,0.4319086969884737,48.73054976428697,Denver International Airport,CO,39.860027,-104.673792,5.50407240657606,3,"Major hub - evening-heavy bank, long taxi-out / congested",4.776303602058734,1.031219136144385
EGE,3958,16,4,0.27613871635610765,0.2857878475798146,0.01869631126831733,24.89109165808445,23.17378990731205,722.8592723597777,0.02425467407781708,0.06183969573179321,0.18263605202610697,0.42746865755740243,99.68639330670943,Eagle County Regional Airport,CO,39.64260101,-106.9179993,3.5974757898703773,0,"Regional - volatile delays, delay-prone",-2.2902656859387864,1.9499144352071285
FCA,4115,18,6,0.18817733990147784,0.18253189401373895,0.009477521263669502,13.121687929342492,17.837340529931303,870.6313487241798,0.14872417982989064,0.08823486431588023,0.22520495097251245,0.2700822726542064,79.37778527885472,Glacier Park International Airport,MT,48.310501,-114.255997,3.6143698395482886,5,"Regional - few knock-on delays, morning-heavy bank",-1.562985199016665,-0.21262926385576572
MEM,24723,32,11,0.1982415394824154,0.20024819027921406,0.02216559479027626,13.212574974146847,14.757207263101295,633.811551996117,0.18804352222626705,0.08036604891223727,0.19396602435892846,0.3611561539287852,66.40735263912752,Frederick W. Smith International Airport,TN,35.043845,-89.97634,4.393101168859887,1,"Mid-size - ATC/NAS-constrained, low weather exposure",-0.4435020476165448,-0.35903951291044334
MLI,4301,10,5,0.22781136638452237,0.19155609167671894,0.03627063473610788,16.31145958986731,17.771049457177323,459.96791443850265,0.18879330388281795,0.10309734047591483,0.1820621572981677,0.36259827188818844,84.31076871005324,Quad City International Airport,IL,41.448502,-90.5075,3.6335694425540916,0,"Regional - volatile delays, delay-prone",-2.2796499236154255,1.3182557173207106
MSY,49152,47,13,0.21658967081684655,0.22840207356616204,0.014912923177083334,13.777897106507776,13.7471345077549,785.7427978515625,0.23915608723958334,0.05073667093069758,0.2054998053377192,0.45218856021420795,62.01607922863538,Louis Armstrong New Orleans International Airport,LA,29.993401,-90.264673,4.691541194015399,1,"Mid-size - ATC/NAS-constrained, low weather exposure",1.2542714145587903,-0.7618165697547261
PBI,31406,34,11,0.24912292206301845,0.25503136434918977,0.02540915748583073,17.880913486670153,16.44279647174126,939.2075081194677,0.26978921225243585,0.031227566979879138,0.23600299990203746,0.46409030540223256,68.61702347378173,President Donald J. Trump International Airport,FL,26.683201,-80.095596,4.49701262635234,1,"Mid-size - ATC/NAS-constrained, low weather exposure",1.4122190670594705,0.7554079437303777
RAP,5669,11,7,0.20204741379310345,0.17631296891747053,0.012524254718645263,12.35155412647374,19.62415148267238,545.3445052037397,0.09349091550538013,0.11699851037492394,0.20060634034785893,0.2785703795396849,67.93902370390752,Rapid City Regional Airport,SD,44.0452995300293,-103.05699920654297,3.75350645699097,5,"Regional - few knock-on delays, morning-heavy bank",-2.321201099241255,0.11924834669691962
RDM,6680,10,5,0.17537200121469784,0.16290688872066617,0.01122754491017964,7.801968205904617,18.7665404996215,530.8417664670659,0.13997005988023953,0.11148491595507817,0.30451909667001054,0.23352743999412787,48.8479590498245,Roberts Field,OR,44.254101,-121.150002,3.824776462475546,5,"Regional - few knock-on delays, morning-heavy bank",-1.512930968735805,-0.19902731457188003
STL,63317,65,11,0.22011841915245262,0.2492359877758044,0.012919121247058452,14.46925550808813,12.537214809126107,744.7139946617812,0.29203847307989955,0.04639964333971786,0.19493660722680783,0.4488235809917818,57.977102288850375,St. Louis Lambert International Airport,MO,38.748697,-90.370003,4.801520329527164,1,"Mid-size - ATC/NAS-constrained, low weather exposure",1.925443206444538,-0.9473439267018726
FAR,6893,11,6,0.21497262908714307,0.1912068456771909,0.0166835920499057,13.86293892003541,19.872971377987607,673.7121717684607,0.1923690700710866,0.10993530499075786,0.269447011706716,0.2644562538508934,72.2331755274834,Hector International Airport,ND,46.9207,-96.815804,3.8384082784941866,5,"Regional - few knock-on delays, morning-heavy bank",-1.4118774162611167,1.1158354661560748
FLL,90381,105,9,0.2918665726824166,0.2992000181299007,0.023555835850455294,19.19716267053438,18.179181254744666,1055.631515473385,0.33634281541474426,0.041079475451891105,0.2500739064700691,0.3966831102891417,60.03833947566507,Fort Lauderdale Hollywood International Airport,FL,26.072599,-80.152702,4.956077142174197,3,"Major hub - evening-heavy bank, long taxi-out / congested",3.256232873021214,2.3446563224110424
KOA,16052,17,6,0.1424156417533901,0.13363155241935484,0.01121355594318465,4.778729838709677,12.580078125,1231.8248193371542,0.3140418639421879,0.04666863062797663,0.1267900689023093,0.48684964239537815,40.03042987446321,Ellison Onizuka Kona International Airport at Keāhole,HI,19.738783,-156.045603,4.205529151061801,4,"Mid-size - stable delays, quick turn",1.8352534759868844,-3.3777560281609014
OKC,23917,32,11,0.18707860373815824,0.18220501255265734,0.017393485805075888,10.953448789413217,15.27190332326284,673.9078897855082,0.21946732449721956,0.0703917953309731,0.20149390010426668,0.3685473942164388,61.53580970009063,OKC Will Rogers World Airport,OK,35.393388,-97.598248,4.378706703528953,1,"Mid-size - ATC/NAS-constrained, low weather exposure",0.04872866981022216,-0.7432934316027558
PNS,13941,21,10,0.20080763582966227,0.2080831746961488,0.02029983501900868,15.528993996192707,14.123142250530785,549.9661430313464,0.1806900509289147,0.07510326263516963,0.13910289135378476,0.4572291579647592,87.5762390353708,Pensacola International Airport,FL,30.472718,-87.186639,4.144293927198531,2,"Regional - short-haul mix, few NAS delays",-1.17225817052671,-0.7794592624408397
SAT,40225,40,11,0.18122380976422478,0.18726874575247301,0.01233064014916097,10.747187193234161,13.238133588362611,823.4242386575513,0.19331261653200746,0.07946153672435467,0.20332954434248462,0.42480860577683094,56.468180647142205,San Antonio International Airport,TX,29.533701,-98.469803,4.604496052771067,1,"Mid-size - ATC/NAS-constrained, low weather exposure",0.6258250953934108,-1.5548084339128536
SBN,8096,23,6,0.27649301143583227,0.2412264031420246,0.02507411067193676,22.49879640187508,21.710122893703282,466.0279150197629,0.1976284584980237,0.14587819063870847,0.16475176227787258,0.25508581332809194,88.0281002387759,South Bend International Airport,IN,41.708304,-86.316922,3.908270499495724,0,"Regional - volatile delays, delay-prone",-2.307877283397488,2.820363229479534
BTV,6084,12,8,0.25815217391304346,0.2081922816519973,0.028928336620644313,19.40775220040623,22.004062288422478,585.6612426035502,0.16913214990138067,0.0905464135304961,0.21323044630723484,0.3007629068500155,94.21263417189748,Patrick Leahy Burlington International Airport,VT,44.471901,-73.153297,3.7841892053809607,0,"Regional - volatile delays, delay-prone",-2.0796456703656117,2.652330468863224
EUG,8899,22,7,0.1717916713945308,0.1716257495191764,0.006742330598943701,9.121054417920579,15.897296685895261,587.0580964153276,0.1502416001797955,0.03692332336608287,0.2535063363235085,0.3340630784565001,58.01565565776152,Eugene Airport,OR,44.124599,-123.211998,3.949341206770497,5,"Regional - few knock-on delays, morning-heavy bank",-0.5175324602128163,-1.4675409150194465
GSO,10480,12,7,0.1893093567829266,0.17715525744722824,0.03263358778625954,11.15496153087394,16.888450537528357,453.73463740458016,0.2748091603053435,0.10119029158732423,0.20011661011902915,0.37750665235918396,62.48357270980063,Piedmont Triad International Airport,NC,36.09937,-79.937262,4.020361282647708,2,"Regional - short-haul mix, few NAS delays",-0.8954014045959593,0.2426501328340704
GSP,14200,22,9,0.18651571231584296,0.1885809392864896,0.026830985915492957,11.854403357695926,16.21260583254939,448.94880281690143,0.23697183098591548,0.07876922486863805,0.18814482414758563,0.43184040961914627,57.68699577723848,Greenville-Spartanburg International Airport,SC,34.895699,-82.218903,4.152288344383057,2,"Regional - short-haul mix, few NAS delays",-0.4272183602905251,-0.5265410647164985
IDA,4724,12,4,0.18452636090870125,0.17323673556360536,0.006562235393734124,15.718943106754741,19.575111868740677,529.6970787468247,0.17972057578323455,0.10549700460101706,0.12304825277166531,0.2662693858642437,95.21632646137533,Idaho Falls Regional Airport,ID,43.514599,-112.070999,3.6743098889414774,5,"Regional - few knock-on delays, morning-heavy bank",-2.5295105869364596,-0.17946421824997624
LGA,135840,78,9,0.26491840859981874,0.23870549362319735,0.04643698468786808,15.659173022882376,26.00572032916982,787.3279004711425,0.27921819787985863,0.04106954391109141,0.28230080883754594,0.4231178137984369,58.19329121447078,LaGuardia Airport,NY,40.777199,-73.872597,5.133027672899877,3,"Major hub - evening-heavy bank, long taxi-out / congested",2.288829549129782,4.202211668613442
ROC,10281,22,11,0.22958212245716003,0.22593222033389984,0.027040171189572998,16.276517044886536,17.05167416291854,508.9985409979574,0.2341211944363389,0.05300940105603678,0.25745832299740296,0.3814489877538209,72.31683462701675,Frederick Douglass Greater Rochester International Airport,NY,43.1189,-77.672401,4.01203535914953,1,"Mid-size - ATC/NAS-constrained, low weather exposure",-0.4712789276083222,0.893305627387036
RSW,34831,51,11,0.21805902217001907,0.21528062269561654,0.01886250753639,13.847076724995611,16.141540352314625,1002.1149837788178,0.24986362722861818,0.045249442345523534,0.22643817237490843,0.46046209184219405,70.47579515657559,Southwest Florida International Airport,FL,26.534685,-81.752816,4.541965943256615,1,"Mid-size - ATC/NAS-constrained, low weather exposure",1.4418551843880654,0.07286203577446886
BHM,16924,31,9,0.18113366664658756,0.18863390604349392,0.01642637674308674,11.921602787456447,14.992370539468942,535.5505199716379,0.18157645946584733,0.08584344611428112,0.1607048139516194,0.4391746363417182,66.19598721099298,Birmingham-Shuttlesworth International Airport,AL,33.562877,-86.750712,4.228503016659257,2,"Regional - short-haul mix, few NAS delays",-0.6314637929558713,-1.2516519989367734
DAB,3346,8,4,0.15991405770411296,0.18220858895705522,0.025702331141661684,10.659509202453988,15.069325153374233,476.78332337118945,0.19246861924686193,0.1253018684065585,0.1307460915985256,0.4717620641443884,64.49342825108148,Daytona Beach International Airport,FL,29.18255,-81.059464,3.5245259366263757,2,"Regional - short-haul mix, few NAS delays",-1.961375871642462,-1.5400978968495984
FSD,8034,14,9,0.2272032603158431,0.20718547670432905,0.019541946726412747,16.663831407896406,18.83090008886632,613.3566094100074,0.20126960418222553,0.1483796871854983,0.1732497424785991,0.28788524609573873,86.40582862346544,Sioux Falls Regional Airport,SD,43.585463,-96.741152,3.904931827395653,0,"Regional - volatile delays, delay-prone",-2.119630835590128,1.205183243873626
GRB,4824,10,5,0.22825853553789993,0.18641525605313905,0.032545605306799334,14.637668737947289,18.209556460252838,256.1256218905473,0.1656301824212272,0.14668828738929773,0.18566795559436197,0.2848426260862334,70.09750159240781,Austin Straubel International Airport,WI,44.483459,-88.130805,3.683407299132095,0,"Regional - volatile delays, delay-prone",-2.875348787971893,1.3341834996304818
RNO,21028,24,10,0.189126774115949,0.18636581853096496,0.009416016739585314,10.053240518482957,17.2096015362458,594.8429237207533,0.21157504280007608,0.04514226080906759,0.25598611453335846,0.40999449219486034,57.67281784268599,Reno Tahoe International Airport,NV,39.4991,-119.767998,4.3227979683463875,1,"Mid-size - ATC/NAS-constrained, low weather exposure",0.39882165797810115,-0.846041633560669
SAV,19137,33,12,0.1920894883322629,0.20124879923150815,0.020849662956576268,13.41776070018145,15.890329811079091,574.9033286304018,0.2192611172075038,0.07073128354290274,0.2073997091339657,0.38393351265782055,72.94114197140456,Savannah Hilton Head International Airport,GA,32.126591,-81.19998,4.281873856870123,1,"Mid-size - ATC/NAS-constrained, low weather exposure",-0.37633924252695194,-0.2085756397803663
AUS,89507,85,13,0.23406811356037854,0.24941772380887772,0.011853821488822103,15.178719218506208,15.870535562866737,933.7898935278805,0.24899728512853744,0.03628717688603177,0.201679351856191,0.427583464503982,61.8189910397915,Austin Bergstrom International Airport,TX,30.197535,-97.662015,4.951857001153838,3,"Major hub - evening-heavy bank, long taxi-out / congested",2.3176613965097017,0.012145137772609386
CHA,5105,16,8,0.2338660732348776,0.2261377366089408,0.02722820763956905,18.451268626661296,16.7221103503826,484.79980411361413,0.24368266405484817,0.08496123459294018,0.14244097609543388,0.3984770403694929,79.20118773332963,Chattanooga Metropolitan Airport (Lovell Field),TN,35.035301,-85.203796,3.707995746422929,2,"Regional - short-haul mix, few NAS delays",-1.3938630081329566,0.475803965046611
HPN,10466,13,5,0.24723578045622074,0.22358771060455898,0.03592585515000955,16.900495540138753,16.709613478691775,815.7543474106631,0.187368622205236,0.07775743928080733,0.23986111294011264,0.4922852715628306,78.23703731027358,Westchester County Airport,NY,41.06700134277344,-73.70760345458984,4.019780730403647,1,"Mid-size - ATC/NAS-constrained, low weather exposure",-0.5421015839577059,1.2251691433138192
IAD,58031,78,10,0.18553503207037958,0.16204974046175089,0.014026985576674537,11.042190258140064,21.68164977280671,1022.2888973135049,0.40619668797711567,0.07395506169674204,0.27833254924915374,0.3332059448496554,58.2543844173434,Washington Dulles International Airport,VA,38.9445,-77.455803,4.763660054464926,3,"Major hub - evening-heavy bank, long taxi-out / congested",2.7240486251594445,1.1846627687667506
LAX,190106,106,12,0.19983910581190298,0.2023524413880997,0.009421059829779177,11.487236810662985,18.065187033743065,1317.0176375285366,0.3042460522024555,0.022844387136349623,0.2102157764525281,0.3716150450440582,52.36932149087661,Los Angeles International Airport,CA,33.942501,-118.407997,5.278995823997322,3,"Major hub - evening-heavy bank, long taxi-out / congested",3.8498894587738697,-0.013437691224283706
LNK,3290,5,1,0.2214263469324198,0.20142768466790814,0.02066869300911854,16.543451272501553,21.64804469273743,448.4647416413374,0.12917933130699089,0.15958730290801681,0.19690477181012606,0.26356589147286824,75.89292817298139,Lincoln Airport,NE,40.844882,-96.76178,3.5171958979499744,0,"Regional - volatile delays, delay-prone",-3.1253791161289146,1.4313295933913597
MHT,5994,10,5,0.18854988001371273,0.17916310845431255,0.023189856523189858,11.11528608027327,14.998462852263023,667.1026026026026,0.17217217217217218,0.029107639047055073,0.25260784403042863,0.41096888807907805,66.51025590901229,Manchester-Boston Regional Airport,NH,42.932598,-71.435699,3.7777167386096258,1,"Mid-size - ATC/NAS-constrained, low weather exposure",-0.6412969459082224,-0.774702769495647
MSP,114287,122,12,0.20592633471596675,0.1906735659320665,0.014157340729916788,11.398911856855035,19.143232355498768,841.8056384365676,0.3025190966601626,0.08355969988048825,0.22607118445135663,0.17697345835661252,54.82114496946797,Minneapolis–Saint Paul International Airport / Wold–Chamberlain Field,MN,44.880081,-93.221741,5.057996832763125,3,"Major hub - evening-heavy bank, long taxi-out / congested",2.0604654983905797,1.4143605970864204
ORD,359911,193,12,0.28408882363736465,0.26541570290230077,0.028212530319995776,19.761548732405643,28.008083972695154,729.7607908621853,0.31523904520839874,0.09913219156660208,0.2048328793310425,0.4125336372860607,64.22956657504992,Chicago O'Hare International Airport,IL,41.9786,-87.9048,5.5561951202464,3,"Major hub - evening-heavy bank, long taxi-out / congested",3.597428800370427,4.818532980336848
SBA,8582,14,7,0.1876179245283019,0.18072714436992587,0.009671405266837567,10.267560889516414,16.572302623838098,539.642507573992,0.1735026800279655,0.07853691307761419,0.32499372708362,0.3179033080528058,73.00050742346241,Santa Barbara Municipal Airport,CA,34.426201,-119.839996,3.9335885101966532,5,"Regional - few knock-on delays, morning-heavy bank",-1.0748010480330206,-0.15767586471138104
BGR,3983,13,8,0.25344782721831904,0.2178654894832511,0.033140848606577955,20.48195273954817,18.710984159958453,752.2922420286217,0.1857896058247552,0.05358583747314389,0.24105849528012988,0.38124495688439963,116.60700731401722,Bangor International Airport,ME,44.806364,-68.826668,3.600210306409328,0,"Regional - volatile delays, delay-prone",-1.867057809402036,2.397226046166384
FNT,3553,13,2,0.2812138728323699,0.2401268377053906,0.023641992682240362,23.42692418564428,18.53733064283655,624.4686180692372,0.1722488038277512,0.09243149839545792,0.20185633176993334,0.20771167612935076,99.65884529525097,Bishop International Airport,MI,42.969294,-83.743355,3.550595207489328,0,"Regional - volatile delays, delay-prone",-2.5341782806822777,2.4266804597018234
FWA,6279,14,4,0.2721289897992761,0.23974401050213326,0.029463290332855552,22.07105349524122,21.19494584837545,446.66778149386846,0.24478420130594045,0.08053249675414324,0.17725609075474247,0.2588813103274056,89.88441821812458,Fort Wayne International Airport,IN,40.978896,-85.194465,3.797890483058349,0,"Regional - volatile delays, delay-prone",-1.7967708295461942,2.6788888694843966
JAN,5883,11,6,0.16176726387197773,0.1753167852803333,0.020737718850926398,10.746398194757855,14.17861482381531,422.5121536630971,0.20601733809280978,0.13993857493857495,0.10599508599508599,0.46754299754299755,59.27564272778583,Jackson-Medgar Wiley Evers International Airport,MS,32.311199,-90.075897,3.7695988483874463,2,"Regional - short-haul mix, few NAS delays",-1.7178031688568396,-1.949530853663163
JAX,29091,41,11,0.20052650052650053,0.20582673856712655,0.018321817744319548,13.828489390013306,14.837254901960785,706.3429239283628,0.2572273211646214,0.047939534148310266,0.20101400550899998,0.4269870263882763,71.21663388178055,Jacksonville International Airport,FL,30.492469,-81.687813,4.463758650329816,1,"Mid-size - ATC/NAS-constrained, low weather exposure",0.658945514510323,-0.5111754662565611
JFK,102683,75,7,0.2439140376793411,0.2179198740907394,0.034708763865488934,14.78004217153119,28.016444215772324,1369.9324230885345,0.31102519404380474,0.038978016760701784,0.2768888913425123,0.3638126732104804,58.165735050004294,John F. Kennedy International Airport,NY,40.639447,-73.779317,5.0114985485893255,3,"Major hub - evening-heavy bank, long taxi-out / congested",3.105028187862272,3.804101066672805
PHL,100793,90,12,0.24331512510485076,0.23828802186371886,0.027095135574891113,16.557320878627806,21.64986591347085,941.157064478684,0.32684809460974473,0.05654029689398194,0.2081007867511403,0.43983729729331056,63.66097556675889,Philadelphia International Airport,PA,39.871899,-75.241096,5.003430371723238,3,"Major hub - evening-heavy bank, long taxi-out / congested",2.617794496178608,2.0986400839663513
PSP,15067,25,9,0.20036491417759156,0.1946218487394958,0.012743080905289706,12.171495798319327,17.329680672268907,745.0497776597863,0.15132408575031525,0.03137734483765451,0.28541746890828845,0.31656207551720783,65.2787691595538,Palm Springs International Airport,CA,33.8297,-116.507004,4.178026788270433,1,"Mid-size - ATC/NAS-constrained, low weather exposure",-0.13852018094229085,-0.11679429477532607
RIC,19241,23,12,0.21621041331186258,0.21407546160021407,0.02889662699443896,14.111693872089912,17.363446614931764,550.4243542435424,0.2588223065329245,0.06492436861159087,0.258123997369343,0.3705569248357376,62.866251602957426,Richmond International Airport,VA,37.505199,-77.319702,4.284227639593481,1,"Mid-size - ATC/NAS-constrained, low weather exposure",0.010089361250163369,0.8293477202709195
SAF,4338,6,2,0.21580188679245282,0.20295635851712812,0.01751959428307976,13.477944626935711,20.255044580009386,458.7501152604887,0.1950207468879668,0.14062178299361747,0.13866584311303273,0.305062281243566,61.352933521745776,Santa Fe Municipal Airport,NM,35.6171,-106.088997,3.6372895476781744,0,"Regional - volatile delays, delay-prone",-2.1379457730420612,0.32919333862452005
BUR,29940,34,11,0.17834243647589645,0.19127346524606798,0.012525050100200401,9.191239641467952,18.0766343129629,569.275250501002,0.23132932531730127,0.04414614331276931,0.26470461585276583,0.47138596153790946,47.57620578491969,Hollywood Burbank/Bob Hope Airport,CA,34.202834,-118.35805,4.476251796007033,1,"Mid-size - ATC/NAS-constrained, low weather exposure",1.0880251188846715,-0.9240055643474718
DFW,312515,187,11,0.27855921178622606,0.28905282979115643,0.027989056525286785,19.65661294145532,19.272816745172005,809.3030222549318,0.3403420635809481,0.08616455236758053,0.1403874092318321,0.46767383336992685,59.035167359097116,Dallas Fort Worth International Airport,TX,32.896801,-97.038002,5.494870867314934,3,"Major hub - evening-heavy bank, long taxi-out / congested",3.8805775251457546,2.594219939294826
DSM,15584,37,10,0.20534653465346533,0.19544617004474862,0.024897330595482547,16.156554356409583,16.306507863394092,717.2752823408624,0.18037731006160165,0.11151482179519563,0.19183813576336942,0.3218502470838919,86.92298185790587,Des Moines International Airport,IA,41.534027,-93.656719,4.192678939534541,0,"Regional - volatile delays, delay-prone",-1.2968650414574359,0.7306451664992585
HOU,53892,70,6,0.23152108659762868,0.26619001272740883,0.008609812217026646,12.918207681365576,13.164604817428085,741.6778742670526,0.32708008609812217,0.04229355761641673,0.17612501233228098,0.44962263220205206,36.59423314820976,William P. Hobby Airport,TX,29.645336,-95.276812,4.73152430111034,4,"Mid-size - stable delays, quick turn",2.6473538564743437,-1.3396591437351648
HSV,8180,13,7,0.20412008541640497,0.20721623653219745,0.024205378973105134,16.624029065397142,16.56251566023553,493.86222493887533,0.16198044009779952,0.10167808072199776,0.12449801659074328,0.38204079630662835,81.26704361733373,Huntsville International Airport,AL,34.636244,-86.774378,3.912753303671323,2,"Regional - short-haul mix, few NAS delays",-2.015262109273157,-0.1420847438341222
ILM,7522,12,7,0.18888735695574246,0.19145721741519023,0.032039351236373304,12.061667353385523,17.364647713226205,478.0908003190641,0.23291677745280512,0.09893543956043956,0.2033739697802198,0.41364182692307694,71.45436693273558,Wilmington International Airport,NC,34.272345,-77.905117,3.87633332908638,2,"Regional - short-haul mix, few NAS delays",-1.2892294960666102,0.285916466541124
LBB,6557,11,5,0.1726551563229118,0.1727667493796526,0.0166234558487113,11.907568238213399,15.264267990074442,370.1290224187891,0.19429617202989172,0.10306777979334329,0.1746459675883703,0.40000400885957965,61.660605193026385,Lubbock Preston Smith International Airport,TX,33.663601,-101.822998,3.816705183666515,2,"Regional - short-haul mix, few NAS delays",-1.5244759753457573,-1.3753624567443778
MIA,111186,97,10,0.26254241951756396,0.2596728502238874,0.015793355278542264,16.796865576167413,21.464683199619877,1044.3459608224057,0.43031496771176225,0.060094454466786934,0.2160665483541358,0.4021007807649247,57.54702324811238,Miami International Airport,FL,25.796011,-80.289751,5.046050106441,3,"Major hub - evening-heavy bank, long taxi-out / congested",3.6961843614569667,2.0495456865585746
ONT,25854,25,9,0.17925561029009304,0.19044832026220299,0.008702715247157112,9.983729369074096,14.092274678111588,799.1207163301617,0.23400634331244682,0.01720923932324086,0.212312862422839,0.42628988666928974,56.08224433098554,Ontario International Airport,CA,34.056,-117.600998,4.412527744472011,1,"Mid-size - ATC/NAS-constrained, low weather exposure",1.0774753228025904,-1.9009887159247127
RDU,55461,42,12,0.20964162875846,0.20625253755582623,0.022989127494996483,13.874192595873472,17.660884328633646,688.0174176448315,0.26384306088963416,0.03454183713438904,0.2487835623065767,0.44752257275601226,63.92777964870537,Raleigh-Durham International Airport,NC,35.878659,-78.7873,4.743987695940843,1,"Mid-size - ATC/NAS-constrained, low weather exposure",1.3442478214853124,0.38753226277334635
SYR,10341,25,10,0.24118701453893646,0.19831181727904668,0.02620636302098443,14.559086395233367,19.41803197299176,656.5988782516198,0.24833188279663476,0.07656902743507683,0.2357950797644932,0.3416412185766985,76.7280146721802,Syracuse Hancock International Airport,NY,43.11119842529297,-76.1063003540039,4.01456253812761,0,"Regional - volatile delays, delay-prone",-0.5320952050732547,1.6553066495084705
TLH,4644,7,6,0.1758993599646877,0.16219190140845072,0.02153316106804479,11.424735915492958,15.774207746478874,434.22093023255815,0.2652885443583118,0.07047754543258261,0.11494376291842268,0.39484068397176064,66.83381319936143,Tallahassee International Airport,FL,30.401209,-84.35433,3.666892211066536,2,"Regional - short-haul mix, few NAS delays",-1.2349660164656255,-1.2804592485751314
AZA,6301,42,1,0.1869711001117675,0.17969123030399492,0.00285668941437867,8.02323730701894,14.792488860598345,1058.880336454531,0.11887002063164577,0.09973454683352294,0.11649357162953992,0.265428700747428,56.096769938004634,Mesa Gateway Airport,AZ,33.3078,-111.654999,3.799409479615127,5,"Regional - few knock-on delays, morning-heavy bank",-0.8545173312237779,-1.8296928056437678
DAY,7918,12,7,0.20223987498372184,0.1905503634475597,0.02702702702702703,14.900051921079958,17.780114226375908,493.8398585501389,0.22960343521091184,0.09205091513519256,0.17822171954183877,0.44292668295517745,79.22149198882286,James M. Cox Dayton International Airport,OH,39.902401,-84.219398,3.898615497416186,2,"Regional - short-haul mix, few NAS delays",-1.2480119904526334,0.25471057368520095
ELP,16369,17,8,0.18823165066584083,0.20159298592244998,0.010568758018205143,11.575574215855767,15.007038775006174,618.639379314558,0.18015761500397093,0.042827414612078715,0.16526125311015608,0.474489934403981,57.322107868234724,El Paso International Airport,TX,31.809908,-106.375607,4.214022148700433,2,"Regional - short-haul mix, few NAS delays",0.037494292159546916,-1.9166354787763373
ISP,4966,8,3,0.24499070439991738,0.24763471822295352,0.020942408376963352,15.132867132867133,12.920403126285478,813.3014498590414,0.16149818767619814,0.06482410859382468,0.23435856992639326,0.43122072459611893,62.18259897819004,Long Island MacArthur Airport,NY,40.796324,-73.101703,3.6960067152185454,1,"Mid-size - ATC/NAS-constrained, low weather exposure",-0.6409257929692244,-0.5189593875540572
MFE,4736,7,5,0.19104027568382512,0.18146635132229627,0.017947635135135136,16.06536228768007,14.530853579875295,492.56228885135135,0.2641469594594595,0.10213397920840435,0.11369594035622801,0.35923810662919,106.43303526476068,McAllen Miller International Airport,TX,26.176141,-98.237965,3.6754116937148633,2,"Regional - short-haul mix, few NAS delays",-2.2626881414759223,-0.4373696259713304
PGD,7374,50,1,0.20833333333333334,0.21140985396478776,0.006373745592622729,9.950593694554389,12.452920305676855,1009.9719283970708,0.17344724708435041,0.1865803839340588,0.16156321174216406,0.35950435631394384,55.2164777991647,Punta Gorda Airport,FL,26.9202,-81.990501,3.8677031332700977,2,"Regional - short-haul mix, few NAS delays",-0.7682720894644878,-1.3380212017736137
PHX,197641,119,12,0.21670376909495662,0.2327057826861345,0.008571096078242874,12.96546515129091,16.458323977873487,955.2300585404851,0.2797749454819597,0.027751241701076155,0.15480335455969718,0.44691648291214026,49.14713442282086,Phoenix Sky Harbor International Airport,AZ,33.435302,-112.005905,5.29587704261357,3,"Major hub - evening-heavy bank, long taxi-out / congested",3.5137236285538256,-0.5365185613908934
SJU,35302,38,7,0.22562763024234508,0.2400716804439563,0.019942212905784375,16.12382218625354,15.23899534668632,1464.6289728627273,0.23154495496005892,0.013565650692363379,0.1287718025302448,0.5201347785248908,67.34790116180025,Luis Munoz Marin International Airport,PR,18.4394,-66.001801,4.5477993106104515,4,"Mid-size - stable delays, quick turn",2.0997546853341733,-0.8317122375712446
VPS,10982,49,8,0.210970855763876,0.2115437979835353,0.015570934256055362,13.83803533438165,16.307187124225326,553.3585867783646,0.18138772536878528,0.06304699002126615,0.14167552756420743,0.44567929003762474,78.21898941600384,Destin-Fort Walton Beach Airport,FL,30.481315,-86.515839,4.040681439373358,2,"Regional - short-haul mix, few NAS delays",-0.5764818317152405,-0.5190840738078638
XNA,14078,26,9,0.18860382295224945,0.17784700086931324,0.019462991902258843,12.45747609388583,17.14452332657201,665.4848700099446,0.20606620258559455,0.1211107979536584,0.19734043916062416,0.3735256689470223,70.43147983720608,Northwest Arkansas National Airport,AR,36.281898,-94.306801,4.148540960867229,2,"Regional - short-haul mix, few NAS delays",-0.912933531747908,-0.07412862298063405
